state,district,market,commodity,variety,grade,arrival_date,min_price,max_price,modal_price
Andhra Pradesh,Prakasam,Santhamaguluru APMC,Maize,Hybrid,FAQ,2026-09-20,2400.0,2480.0,2450.0
Keralam,Kozhikode(Calicut),Mukkom Market,Beetroot,Beetroot,FAQ,2026-09-20,4800.0,5200.0,5000.0
Keralam,Kozhikode(Calicut),Mukkom Market,Brinjal,Brinjal,FAQ,2026-09-20,4400.0,4800.0,4600.0
Keralam,Kozhikode(Calicut),Mukkom Market,Cabbage,Cabbage,FAQ,2026-09-20,2400.0,2800.0,2600.0
Keralam,Kozhikode(Calicut),Mukkom Market,Cucumbar(Kheera),Cucumbar,FAQ,2026-09-20,1800.0,2100.0,1900.0
Keralam,Kozhikode(Calicut),Mukkom Market,Carrot,Carrot,FAQ,2026-09-20,7200.0,7800.0,7400.0
Keralam,Kozhikode(Calicut),Mukkom Market,Green Chilli,Green Chilly,FAQ,2026-09-20,6000.0,6400.0,6200.0
Keralam,Kozhikode(Calicut),Mukkom Market,Bhindi(Ladies Finger),Bhindi,FAQ,2026-09-20,4400.0,4800.0,4600.0
Keralam,Kozhikode(Calicut),Mukkom Market,Potato,Potato,FAQ,2026-09-20,2400.0,2800.0,2600.0
Keralam,Kozhikode(Calicut),Mukkom Market,Pineapple,Other,Large,2026-09-20,8000.0,9000.0,8500.0
Telangana,Ranga Reddy,"Saroornagar,RBZ",Bottle gourd,Bottle Gourd,Medium,2026-09-20,1300.0,1300.0,1300.0
Telangana,Ranga Reddy,"Saroornagar,RBZ",Bitter gourd,Other,Medium,2026-09-20,3200.0,3200.0,3200.0
Telangana,Ranga Reddy,"Saroornagar,RBZ",Yam(Ratalu),Yam (Ratalu),Medium,2026-09-20,3500.0,3500.0,3500.0
Telangana,Ranga Reddy,"Saroornagar,RBZ",Bhindi(Ladies Finger),Other,Medium,2026-09-20,4000.0,4000.0,4000.0
Telangana,Ranga Reddy,"Saroornagar,RBZ",Little gourd(Kundru),Other,Medium,2026-09-20,3500.0,3500.0,3500.0
Telangana,Ranga Reddy,"Saroornagar,RBZ",Carrot,Other,Medium,2026-09-20,5000.0,5000.0,5000.0
Telangana,Ranga Reddy,"Saroornagar,RBZ",Green Chilli,Other,Medium,2026-09-20,4000.0,4000.0,4000.0
Telangana,Hyderabad,RYTHU BAZAR FALAKNUMA,Other green and fresh vegetables,Other,Grade A,2026-09-20,1800.0,1800.0,1800.0
Telangana,Hyderabad,RYTHU BAZAR FALAKNUMA,Ladies Finger,Ladies Finger,Grade A,2026-09-20,4000.0,4000.0,4000.0
Telangana,Hyderabad,RYTHU BAZAR FALAKNUMA,Cauliflower,Cauliflower,Grade A,2026-09-20,2100.0,2100.0,2100.0
Telangana,Hyderabad,RYTHU BAZAR FALAKNUMA,Cluster beans,Cluster Beans,Grade A,2026-09-20,4000.0,4000.0,4000.0
Telangana,Hyderabad,RYTHU BAZAR FALAKNUMA,Bottle gourd,Bottle Gourd,Grade A,2026-09-20,1300.0,1300.0,1300.0
Telangana,Hyderabad,RYTHU BAZAR FALAKNUMA,Field Bean(Anumulu),Field Bean(Anumulu),Grade A,2026-09-20,4500.0,4500.0,4500.0
Telangana,Hyderabad,RYTHU BAZAR FALAKNUMA,Beetroot,Beetroot,Grade A,2026-09-20,2800.0,2800.0,2800.0
Keralam,Idukki,Kattappana Market,Ashgourd,Other,Medium,2026-09-20,3000.0,3200.0,3200.0
Keralam,Idukki,Kattappana Market,Cowpea(Veg),Other,Medium,2026-09-20,5800.0,6000.0,6000.0
Keralam,Idukki,Kattappana Market,Banana,Robusta,Medium,2026-09-20,2100.0,2400.0,2300.0
Haryana,Rewari,Kosli APMC,Banana,Other,Medium,2026-09-20,2000.0,2000.0,2000.0
Haryana,Rewari,Kosli APMC,Potato,Other,FAQ,2026-09-20,1000.0,1000.0,1000.0
Haryana,Sonipat,Ganaur APMC,Carrot,Carrot,Medium,2026-09-20,4000.0,5000.0,4500.0
Haryana,Sonipat,Ganaur APMC,Bottle gourd,Bottle Gourd,Medium,2026-09-20,1000.0,1200.0,1000.0
Haryana,Sonipat,Ganaur APMC,Brinjal,Brinjal,Medium,2026-09-20,3000.0,4000.0,3500.0
Haryana,Sonipat,Ganaur APMC,Yam(Ratalu),Yam (Ratalu),Medium,2026-09-20,2500.0,3000.0,2800.0
Haryana,Sonipat,Ganaur APMC,Bitter gourd,Bitter Gourd,Medium,2026-09-20,2500.0,3000.0,2800.0
Haryana,Sonipat,Ganaur APMC,Bhindi(Ladies Finger),Bhindi,Medium,2026-09-20,2500.0,3000.0,2800.0
Haryana,Sonipat,Ganaur APMC,Green Chilli,Green Chilly,Medium,2026-09-20,5000.0,6000.0,5500.0
Punjab,Gurdaspur,Quadian APMC,Ginger(Green),Other,Grade A,2026-09-20,7800.0,8000.0,7900.0
Punjab,Gurdaspur,Quadian APMC,Green Chilli,Other,Grade A,2026-09-20,2200.0,2400.0,2300.0
Punjab,Gurdaspur,Quadian APMC,Bhindi(Ladies Finger),Other,Grade A,2026-09-20,3600.0,3800.0,3700.0
Punjab,Gurdaspur,Quadian APMC,Tomato,Other,Grade A,2026-09-20,2800.0,3000.0,2900.0
Keralam,Kollam,Anchal Market,Bottle gourd,Bottle Gourd,Local,2026-09-20,2700.0,2800.0,2754.1
Keralam,Kollam,Anchal Market,Capsicum,Capsicum,Local,2026-09-20,5600.0,5600.0,5600.0
Keralam,Kollam,Anchal Market,Carrot,Carrot,Local,2026-09-20,5400.0,5400.0,5400.0
Keralam,Kollam,Anchal Market,Banana,Nendra Bale,Medium,2026-09-20,7500.0,7500.0,7500.0
Keralam,Kollam,Anchal Market,Onion,Small,Local,2026-09-20,5500.0,5500.0,5500.0
Keralam,Kollam,Anchal Market,Potato,Potato,Local,2026-09-20,3800.0,3800.0,3800.0
Keralam,Kollam,Anchal Market,Tapioca,Other,Local,2026-09-20,3500.0,3500.0,3500.0
Keralam,Kollam,Anchal Market,Banana,Poovan,Medium,2026-09-20,8600.0,8600.0,8600.0
Keralam,Kollam,Anchal Market,Banana,Red Banana,Medium,2026-09-20,7700.0,7700.0,7700.0
Andhra Pradesh,NTR,Nandigama APMC,Wood,Subabul,Grade Range-1,2026-09-20,510.0,510.0,510.0
Andhra Pradesh,NTR,Nandigama APMC,Dry Chillies,Dry Chillies,Grade Range-1,2026-09-20,22100.0,22100.0,22100.0
Rajasthan,Jalore,Jalore APMC,Cabbage,Cabbage,Local,2026-09-20,1500.0,2000.0,1800.0
Rajasthan,Jalore,Jalore APMC,Bottle gourd,Bottle Gourd,Local,2026-09-20,800.0,1000.0,900.0
Rajasthan,Jalore,Jalore APMC,Brinjal,Brinjal,Local,2026-09-20,1500.0,1800.0,1600.0
Rajasthan,Jalore,Jalore APMC,Ginger(Green),Other,Local,2026-09-20,4000.0,4400.0,4200.0
Rajasthan,Jalore,Jalore APMC,Cucumbar(Kheera),Cucumbar,Local,2026-09-20,1200.0,1400.0,1300.0
Rajasthan,Jalore,Jalore APMC,Lemon,Other,Local,2026-09-20,2000.0,2200.0,2100.0
Madhya Pradesh,Dewas,Haatpipliya (F&V) APMC,Bhindi(Ladies Finger),Bhindi,Local,2026-09-20,800.0,1000.0,900.0
Odisha,Bolangir,Kantabaji APMC,Cabbage,Cabbage,Grade B,2026-09-20,2000.0,3000.0,2500.0
Odisha,Bolangir,Kantabaji APMC,Tomato,Other,Grade B,2026-09-20,2000.0,2800.0,2400.0
Keralam,Kollam,Sasthamkotta Market,Brinjal,Brinjal,Local,2026-09-20,4000.0,4000.0,4000.0
Keralam,Kollam,Sasthamkotta Market,Colacasia,Other,Local,2026-09-20,5000.0,5000.0,5000.0
Keralam,Kollam,Sasthamkotta Market,Banana,Palayamthodan,Local,2026-09-20,2500.0,2500.0,2500.0
Keralam,Kollam,Sasthamkotta Market,Banana,Robusta,Local,2026-09-20,1800.0,1800.0,1800.0
Telangana,Wanaparthy,Wanaparthy town APMC,Groundnut,Local,Local,2026-09-20,7381.0,8200.0,7696.0
Keralam,Alappuzha,Harippad Market,Beetroot,Beetroot,FAQ,2026-09-20,6000.0,6500.0,6000.0
Andhra Pradesh,Nandyal,Atmakur (Nandyal District) APMC,Paddy(Common),Sona,FAQ,2026-09-20,2320.0,2441.0,2400.0
Punjab,Patiala,Rajpura APMC,Banana,Other,Grade A,2026-09-20,3300.0,3450.0,3400.0
Punjab,Patiala,Rajpura APMC,Cauliflower,Cauliflower,Grade B,2026-09-20,3000.0,3200.0,3100.0
Punjab,Patiala,Rajpura APMC,Green Chilli,Green Chilly,Grade B,2026-09-20,2500.0,3000.0,2800.0
Punjab,Patiala,Rajpura APMC,Potato,Local,Grade A,2026-09-20,750.0,850.0,800.0
Punjab,Patiala,Rajpura APMC,Onion,Local,Grade A,2026-09-20,3900.0,4050.0,4000.0
Punjab,Sangrur,Sangrur APMC,Potato,Local,Grade B,2026-09-20,600.0,700.0,650.0
Punjab,Sangrur,Sangrur APMC,Ridgeguard(Tori),Other,Grade B,2026-09-20,1800.0,3000.0,2000.0
Punjab,Sangrur,Sangrur APMC,Colacasia,Colacasia,Grade B,2026-09-20,1600.0,2000.0,1800.0
Punjab,Sangrur,Sangrur APMC,Pumpkin,Pumpkin,Grade B,2026-09-20,1000.0,1500.0,1200.0
Punjab,Sangrur,Sangrur APMC,Guava,Guava,Grade B,2026-09-20,2500.0,3500.0,3000.0
Tamil Nadu,Thirupur,Tiruppur (South) (Uzhavar Sandhai ),Green Chilli,Green Chilly,Local,2026-09-20,3000.0,4000.0,3500.0
Tamil Nadu,Thirupur,Tiruppur (South) (Uzhavar Sandhai ),Ginger(Green),Green Ginger,Local,2026-09-20,13000.0,15000.0,14000.0
Tamil Nadu,Thirupur,Tiruppur (South) (Uzhavar Sandhai ),Coconut,Coconut,Local,2026-09-20,5000.0,6000.0,5500.0
Tamil Nadu,Thirupur,Tiruppur (South) (Uzhavar Sandhai ),Guava,Guava Allahabad,Local,2026-09-20,4000.0,5000.0,4500.0
Tamil Nadu,Thirupur,Tiruppur (South) (Uzhavar Sandhai ),Mint(Pudina),Mint(Pudina),Local,2026-09-20,2500.0,3000.0,2750.0
Tamil Nadu,Erode,Perundurai(Uzhavar Sandhai ),Potato,Other,Local,2026-09-20,3500.0,4000.0,3750.0
Tamil Nadu,Erode,Perundurai(Uzhavar Sandhai ),Tomato,Deshi,Local,2026-09-20,2500.0,2800.0,2650.0
Tamil Nadu,Erode,Perundurai(Uzhavar Sandhai ),Ashgourd,Gouard,Local,2026-09-20,2000.0,2200.0,2100.0
Tamil Nadu,Erode,Perundurai(Uzhavar Sandhai ),Green Chilli,Green Chilly,Local,2026-09-20,6400.0,6800.0,6600.0
Tamil Nadu,Erode,Perundurai(Uzhavar Sandhai ),Coconut,Coconut,Local,2026-09-20,5000.0,5500.0,5250.0
Tamil Nadu,Erode,Perundurai(Uzhavar Sandhai ),Drumstick,Drumstick,Local,2026-09-20,3500.0,4000.0,3750.0
Tamil Nadu,Erode,Perundurai(Uzhavar Sandhai ),Guava,Guava Allahabad,Local,2026-09-20,5500.0,6000.0,5750.0
Tamil Nadu,Dharmapuri,Dharmapuri(Uzhavar Sandhai ),Beans,Beans (Whole),Local,2026-09-20,9400.0,9800.0,9600.0
Tamil Nadu,Dharmapuri,Dharmapuri(Uzhavar Sandhai ),Raddish,Raddish,Local,2026-09-20,1500.0,1600.0,1550.0
Tamil Nadu,Dharmapuri,Dharmapuri(Uzhavar Sandhai ),Thondekai,Thondekai,Local,2026-09-20,4200.0,4500.0,4350.0
Tamil Nadu,Dharmapuri,Dharmapuri(Uzhavar Sandhai ),Chow Chow,Chow Chow,Local,2026-09-20,4200.0,4600.0,4400.0
Tamil Nadu,Dharmapuri,Dharmapuri(Uzhavar Sandhai ),Elephant Yam(Suran)/Amorphophallus,Elephant Yam (Suran),Local,2026-09-20,6200.0,6400.0,6300.0
Tamil Nadu,Dharmapuri,Dharmapuri(Uzhavar Sandhai ),Sweet Corn,Sweet Corn,Local,2026-09-20,2800.0,3000.0,2900.0
Tamil Nadu,Dharmapuri,Palacode(Uzhavar Sandhai ),Cluster beans,Cluster Beans,Local,2026-09-20,3000.0,3400.0,3200.0
Tamil Nadu,Dharmapuri,Palacode(Uzhavar Sandhai ),Green Chilli,Green Chilly,Local,2026-09-20,4500.0,4800.0,4650.0
Tamil Nadu,Dharmapuri,Palacode(Uzhavar Sandhai ),Snakeguard,Snakeguard,Local,2026-09-20,2600.0,3000.0,2800.0
Tamil Nadu,Dharmapuri,Palacode(Uzhavar Sandhai ),Sweet Corn,Sweet Corn,Local,2026-09-20,2800.0,3000.0,2900.0
Tamil Nadu,Dharmapuri,Pennagaram(Uzhavar Sandhai ),Potato,Red Nanital,Local,2026-09-20,2800.0,3000.0,2900.0
Tamil Nadu,Dharmapuri,Pennagaram(Uzhavar Sandhai ),Garlic,Garlic,Local,2026-09-20,20000.0,22000.0,21000.0
Tamil Nadu,Dharmapuri,Pennagaram(Uzhavar Sandhai ),Green Chilli,Green Chilly,Local,2026-09-20,4000.0,4500.0,4250.0
Tamil Nadu,Dharmapuri,Pennagaram(Uzhavar Sandhai ),Cowpea(Veg),Cowpea (Veg),Local,2026-09-20,5500.0,6000.0,5750.0
Tamil Nadu,Dharmapuri,Pennagaram(Uzhavar Sandhai ),Tapioca,Tapioca,Local,2026-09-20,2800.0,3000.0,2900.0
Tamil Nadu,Dharmapuri,Pennagaram(Uzhavar Sandhai ),Beetroot,Beetroot,Local,2026-09-20,5000.0,5500.0,5250.0
Tamil Nadu,Dharmapuri,Pennagaram(Uzhavar Sandhai ),Raddish,Raddish,Local,2026-09-20,2200.0,2400.0,2300.0
Tamil Nadu,Dharmapuri,Pennagaram(Uzhavar Sandhai ),Capsicum,Capsicum,Local,2026-09-20,6500.0,7000.0,6750.0
Tamil Nadu,Dharmapuri,Pennagaram(Uzhavar Sandhai ),Green Avare(W),Green Avare (W),Local,2026-09-20,6000.0,7000.0,6500.0
Tamil Nadu,Dharmapuri,Pennagaram(Uzhavar Sandhai ),Drumstick,Drumstick,Local,2026-09-20,2500.0,3000.0,2750.0
Tamil Nadu,Dharmapuri,Pennagaram(Uzhavar Sandhai ),Sweet Corn,Sweet Corn,Local,2026-09-20,1800.0,2000.0,1900.0
Tamil Nadu,Dindigul,Chinnalapatti(Uzhavar Sandhai ),Tomato,Deshi,Local,2026-09-20,2500.0,3000.0,2750.0
Tamil Nadu,Dindigul,Chinnalapatti(Uzhavar Sandhai ),Cluster beans,Cluster Beans,Local,2026-09-20,3600.0,4000.0,3800.0
Tamil Nadu,Dindigul,Chinnalapatti(Uzhavar Sandhai ),Ginger(Green),Green Ginger,Local,2026-09-20,18000.0,20000.0,19000.0
Tamil Nadu,Dindigul,Chinnalapatti(Uzhavar Sandhai ),Carrot,Pusakesar,Local,2026-09-20,6600.0,7000.0,6800.0
Tamil Nadu,Dindigul,Chinnalapatti(Uzhavar Sandhai ),Elephant Yam(Suran)/Amorphophallus,Elephant Yam (Suran),Local,2026-09-20,5600.0,6000.0,5800.0
Tamil Nadu,Dindigul,Dindigul(Uzhavar Sandhai ),Soyabean,Local,Local,2026-09-20,10000.0,12000.0,11000.0
Tamil Nadu,Dindigul,Dindigul(Uzhavar Sandhai ),Onion,Bellary,Local,2026-09-20,6000.0,7000.0,6500.0
Tamil Nadu,Dindigul,Dindigul(Uzhavar Sandhai ),Potato,Other,Local,2026-09-20,4000.0,5000.0,4500.0
Tamil Nadu,Dindigul,Dindigul(Uzhavar Sandhai ),Green Peas,Green Peas,Local,2026-09-20,13000.0,14000.0,13500.0
Tamil Nadu,Dindigul,Dindigul(Uzhavar Sandhai ),Tomato,Other,Local,2026-09-20,2500.0,3000.0,2750.0
Tamil Nadu,Dindigul,Dindigul(Uzhavar Sandhai ),Pumpkin,Pumpkin,Local,2026-09-20,1500.0,2000.0,1750.0
Tamil Nadu,Dindigul,Dindigul(Uzhavar Sandhai ),Green Chilli,Green Chilly,Local,2026-09-20,6000.0,7000.0,6500.0
Tamil Nadu,Dindigul,Dindigul(Uzhavar Sandhai ),Beans,Beans (Whole),Local,2026-09-20,8000.0,10000.0,9000.0
Tamil Nadu,Dindigul,Dindigul(Uzhavar Sandhai ),Cabbage,Cabbage,Local,2026-09-20,3000.0,4000.0,3500.0
Tamil Nadu,Dindigul,Dindigul(Uzhavar Sandhai ),Thondekai,Thondekai,Local,2026-09-20,3000.0,4000.0,3500.0
Tamil Nadu,Dindigul,Dindigul(Uzhavar Sandhai ),Mango(Raw-Ripe),Mango - Raw-Ripe,Local,2026-09-20,20000.0,25000.0,22500.0
Tamil Nadu,Dindigul,Palani(Uzhavar Sandhai ),Soyabean,Local,Local,2026-09-20,10000.0,12000.0,11000.0
Tamil Nadu,Dindigul,Palani(Uzhavar Sandhai ),Garlic,Garlic,Local,2026-09-20,16000.0,25000.0,20500.0
Tamil Nadu,Dindigul,Palani(Uzhavar Sandhai ),Cauliflower,Ranchi,Local,2026-09-20,2000.0,4000.0,3000.0
Tamil Nadu,Dindigul,Palani(Uzhavar Sandhai ),Bitter gourd,Other,Local,2026-09-20,4000.0,4500.0,4250.0
Tamil Nadu,Dindigul,Palani(Uzhavar Sandhai ),Ginger(Green),Green Ginger,Local,2026-09-20,8000.0,16500.0,12250.0
Tamil Nadu,Dindigul,Palani(Uzhavar Sandhai ),Sweet Potato,Hosur Red,Local,2026-09-20,5000.0,6000.0,5500.0
Tamil Nadu,Dindigul,Palani(Uzhavar Sandhai ),Carrot,Pusakesar,Local,2026-09-20,4500.0,5400.0,4950.0
Tamil Nadu,Dindigul,Palani(Uzhavar Sandhai ),Beetroot,Beetroot,Local,2026-09-20,3000.0,7000.0,5000.0
Tamil Nadu,Dindigul,Palani(Uzhavar Sandhai ),Ridgeguard(Tori),Ridgeguard(Tori),Local,2026-09-20,3000.0,5500.0,4250.0
Tamil Nadu,Dindigul,Palani(Uzhavar Sandhai ),Raddish,Raddish,Local,2026-09-20,2000.0,3000.0,2500.0
Tamil Nadu,Dindigul,Palani(Uzhavar Sandhai ),Amla(Nelli Kai),Amla,Local,2026-09-20,5000.0,7000.0,6000.0
Tamil Nadu,Erode,Periyar Nagar(Uzhavar Sandhai ),Tomato,Deshi,Local,2026-09-20,2500.0,2800.0,2650.0
Tamil Nadu,Erode,Periyar Nagar(Uzhavar Sandhai ),Amaranthus,Amaranthus,Local,2026-09-20,4000.0,4500.0,4250.0
Tamil Nadu,Erode,Periyar Nagar(Uzhavar Sandhai ),Green Chilli,Green Chilly,Local,2026-09-20,5000.0,5500.0,5250.0
Tamil Nadu,Erode,Periyar Nagar(Uzhavar Sandhai ),Banana - Green,Banana - Green,Local,2026-09-20,3000.0,3500.0,3250.0
Tamil Nadu,Erode,Periyar Nagar(Uzhavar Sandhai ),Tapioca,Tapioca,Local,2026-09-20,2000.0,2500.0,2250.0
Tamil Nadu,Erode,Periyar Nagar(Uzhavar Sandhai ),Drumstick,Drumstick,Local,2026-09-20,3500.0,4000.0,3750.0
Tamil Nadu,Erode,Periyar Nagar(Uzhavar Sandhai ),Lemon,Lemon,Local,2026-09-20,25500.0,27000.0,26250.0
Tamil Nadu,Kallakuruchi,Sankarapuram(Uzhavar Sandhai ),Onion,Bellary,Local,2026-09-20,7000.0,7000.0,7000.0
Tamil Nadu,Kallakuruchi,Sankarapuram(Uzhavar Sandhai ),Bottle gourd,Bottle Gourd,Local,2026-09-20,1500.0,1500.0,1500.0
Tamil Nadu,Kallakuruchi,Sankarapuram(Uzhavar Sandhai ),Carrot,Pusakesar,Local,2026-09-20,8000.0,8000.0,8000.0
Tamil Nadu,Kallakuruchi,Sankarapuram(Uzhavar Sandhai ),Raddish,Raddish,Local,2026-09-20,5000.0,5000.0,5000.0
Tamil Nadu,Kallakuruchi,Sankarapuram(Uzhavar Sandhai ),Drumstick,Drumstick,Local,2026-09-20,5000.0,5000.0,5000.0
Tamil Nadu,Kancheepuram,Kundrathur(Uzhavar Sandhai ),Banana,Red Banana,Local,2026-09-20,7000.0,8000.0,7500.0
Tamil Nadu,Kancheepuram,Kundrathur(Uzhavar Sandhai ),Potato,Other,Local,2026-09-20,2800.0,2800.0,2800.0
Tamil Nadu,Kancheepuram,Kundrathur(Uzhavar Sandhai ),Bitter gourd,Bitter Gourd,Local,2026-09-20,4000.0,4000.0,4000.0
Tamil Nadu,Kancheepuram,Kundrathur(Uzhavar Sandhai ),Ashgourd,Gouard,Local,2026-09-20,2000.0,2000.0,2000.0
Tamil Nadu,Kancheepuram,Kundrathur(Uzhavar Sandhai ),Bhindi(Ladies Finger),Bhindi,Local,2026-09-20,4000.0,4000.0,4000.0
Tamil Nadu,Kancheepuram,Kundrathur(Uzhavar Sandhai ),Amaranthus,Amaranthus,Local,2026-09-20,3000.0,3000.0,3000.0
Tamil Nadu,Kancheepuram,Kundrathur(Uzhavar Sandhai ),Green Chilli,Green Chilly,Local,2026-09-20,5000.0,6000.0,5500.0
Tamil Nadu,Kancheepuram,Kundrathur(Uzhavar Sandhai ),Carrot,Pusakesar,Local,2026-09-20,5000.0,5000.0,5000.0
Tamil Nadu,Kancheepuram,Kundrathur(Uzhavar Sandhai ),Cabbage,Cabbage,Local,2026-09-20,3000.0,3000.0,3000.0
Tamil Nadu,Kancheepuram,Kundrathur(Uzhavar Sandhai ),Raddish,Raddish,Local,2026-09-20,3000.0,3000.0,3000.0
Tamil Nadu,Kancheepuram,Kundrathur(Uzhavar Sandhai ),Capsicum,Capsicum,Local,2026-09-20,5000.0,5000.0,5000.0
Tamil Nadu,Kancheepuram,Kundrathur(Uzhavar Sandhai ),Green Avare(W),Green Avare (W),Local,2026-09-20,4000.0,4000.0,4000.0
Tamil Nadu,Kancheepuram,Sunguvarchatram(Uzhavar Sandhai ),Potato,Other,Local,2026-09-20,2800.0,2800.0,2800.0
Tamil Nadu,Kancheepuram,Sunguvarchatram(Uzhavar Sandhai ),Coconut,Coconut,Local,2026-09-20,5000.0,6000.0,5500.0
Tamil Nadu,Kancheepuram,Sunguvarchatram(Uzhavar Sandhai ),Yam(Ratalu),Yam (Ratalu),Local,2026-09-20,4000.0,4000.0,4000.0
Tamil Nadu,Kancheepuram,Sunguvarchatram(Uzhavar Sandhai ),Colacasia,Colacasia,Local,2026-09-20,3000.0,3000.0,3000.0
Tamil Nadu,Krishnagiri,Avallapalli(Uzhavar Sandhai ),Cauliflower,Ranchi,Local,2026-09-20,2500.0,3000.0,2750.0
Tamil Nadu,Krishnagiri,Avallapalli(Uzhavar Sandhai ),Papaya,Papaya,Local,2026-09-20,3500.0,4000.0,3750.0
Tamil Nadu,Krishnagiri,Avallapalli(Uzhavar Sandhai ),Bitter gourd,Bitter Gourd,Local,2026-09-20,4000.0,4500.0,4250.0
Tamil Nadu,Krishnagiri,Avallapalli(Uzhavar Sandhai ),Cowpea(Veg),Cowpea (Veg),Local,2026-09-20,5500.0,6000.0,5750.0
Tamil Nadu,Krishnagiri,Avallapalli(Uzhavar Sandhai ),Banana - Green,Banana - Green,Local,2026-09-20,3500.0,4000.0,3750.0
Tamil Nadu,Krishnagiri,Avallapalli(Uzhavar Sandhai ),Sweet Potato,Hosur Red,Local,2026-09-20,6000.0,7000.0,6500.0
Tamil Nadu,Krishnagiri,Avallapalli(Uzhavar Sandhai ),Snakeguard,Snakeguard,Local,2026-09-20,3000.0,3500.0,3250.0
Tamil Nadu,Krishnagiri,Avallapalli(Uzhavar Sandhai ),Capsicum,Capsicum,Local,2026-09-20,2500.0,3000.0,2750.0
Tamil Nadu,Krishnagiri,Avallapalli(Uzhavar Sandhai ),Yam(Ratalu),Yam (Ratalu),Local,2026-09-20,4500.0,5000.0,4750.0
Tamil Nadu,Dharmapuri,Karimangalam(Uzhavar Sandhai),Coriander(Leaves),I Sort,Local,2026-09-20,4500.0,5000.0,4750.0
Tamil Nadu,Dharmapuri,Karimangalam(Uzhavar Sandhai),Green Peas,Green Peas,Local,2026-09-20,15000.0,16000.0,15500.0
Tamil Nadu,Dharmapuri,Karimangalam(Uzhavar Sandhai),Tomato,Local,Local,2026-09-20,2000.0,2500.0,2250.0
Tamil Nadu,Dharmapuri,Karimangalam(Uzhavar Sandhai),Bitter gourd,Other,Local,2026-09-20,2800.0,3000.0,2900.0
Tamil Nadu,Dharmapuri,Karimangalam(Uzhavar Sandhai),Amaranthus,Amaranthus,Local,2026-09-20,2300.0,2500.0,2400.0
Tamil Nadu,Dharmapuri,Karimangalam(Uzhavar Sandhai),Knool Khol,Knool Khol,Local,2026-09-20,4400.0,4800.0,4600.0
Tamil Nadu,Krishnagiri,Denkanikottai(Uzhavar Sandhai ),Green Chilli,Green Chilly,Local,2026-09-20,5000.0,6000.0,5500.0
Tamil Nadu,Krishnagiri,Denkanikottai(Uzhavar Sandhai ),Ginger(Green),Green Ginger,Local,2026-09-20,15000.0,17000.0,16000.0
Tamil Nadu,Krishnagiri,Denkanikottai(Uzhavar Sandhai ),Beetroot,Beetroot,Local,2026-09-20,3000.0,3500.0,3250.0
Tamil Nadu,Krishnagiri,Denkanikottai(Uzhavar Sandhai ),Raddish,Raddish,Local,2026-09-20,1000.0,1500.0,1250.0
Tamil Nadu,Krishnagiri,Denkanikottai(Uzhavar Sandhai ),Chow Chow,Chow Chow,Local,2026-09-20,2000.0,2500.0,2250.0
Tamil Nadu,Krishnagiri,Hosur(Uzhavar Sandhai ),Orange,Darjeeling,Local,2026-09-20,22000.0,24000.0,23000.0
Tamil Nadu,Krishnagiri,Hosur(Uzhavar Sandhai ),Cluster beans,Cluster Beans,Local,2026-09-20,3500.0,4000.0,3750.0
Tamil Nadu,Krishnagiri,Hosur(Uzhavar Sandhai ),Pumpkin,Pumpkin,Local,2026-09-20,1000.0,1500.0,1250.0
Tamil Nadu,Krishnagiri,Hosur(Uzhavar Sandhai ),Beetroot,Beetroot,Local,2026-09-20,3000.0,3500.0,3250.0
Tamil Nadu,Krishnagiri,Hosur(Uzhavar Sandhai ),Drumstick,Drumstick,Local,2026-09-20,3500.0,4000.0,3750.0
Tamil Nadu,Krishnagiri,Hosur(Uzhavar Sandhai ),Knool Khol,Knool Khol,Local,2026-09-20,2000.0,2500.0,2250.0
Tamil Nadu,Krishnagiri,Hosur(Uzhavar Sandhai ),Lime,Lime,Local,2026-09-20,8000.0,9000.0,8500.0
Tamil Nadu,Krishnagiri,Hosur(Uzhavar Sandhai ),Karbuja(Musk Melon),Karbhuja,Local,2026-09-20,5500.0,6000.0,5750.0
Tamil Nadu,Krishnagiri,Hosur(Uzhavar Sandhai ),Tube Flower,Tube Flower,Local,2026-09-20,70000.0,80000.0,75000.0
Tamil Nadu,Krishnagiri,Hosur(Uzhavar Sandhai ),Yam(Ratalu),Yam (Ratalu),Local,2026-09-20,4500.0,5000.0,4750.0
Tamil Nadu,Madurai,Anaiyur(Uzhavar Sandhai ),Soyabean,Local,Local,2026-09-20,9000.0,10000.0,9500.0
Tamil Nadu,Madurai,Anaiyur(Uzhavar Sandhai ),Banana,Besrai,Local,2026-09-20,4000.0,5000.0,4500.0
Tamil Nadu,Madurai,Anaiyur(Uzhavar Sandhai ),Water Melon,Water Melon,Local,2026-09-20,2000.0,2500.0,2250.0
Tamil Nadu,Madurai,Anaiyur(Uzhavar Sandhai ),Cluster beans,Cluster Beans,Local,2026-09-20,3600.0,4000.0,3800.0
Tamil Nadu,Madurai,Anaiyur(Uzhavar Sandhai ),Green Chilli,Green Chilly,Local,2026-09-20,4000.0,5000.0,4500.0
Tamil Nadu,Madurai,Anaiyur(Uzhavar Sandhai ),Carrot,Pusakesar,Local,2026-09-20,2800.0,4000.0,3400.0
Tamil Nadu,Madurai,Anaiyur(Uzhavar Sandhai ),Raddish,Raddish,Local,2026-09-20,2400.0,2800.0,2600.0
Tamil Nadu,Madurai,Anaiyur(Uzhavar Sandhai ),Thondekai,Thondekai,Local,2026-09-20,3600.0,4000.0,3800.0
Tamil Nadu,Madurai,Anaiyur(Uzhavar Sandhai ),Capsicum,Capsicum,Local,2026-09-20,6000.0,7000.0,6500.0
Tamil Nadu,Madurai,Anaiyur(Uzhavar Sandhai ),Guava,Guava Allahabad,Local,2026-09-20,6000.0,7000.0,6500.0
Tamil Nadu,Madurai,Anaiyur(Uzhavar Sandhai ),Pomegranate,Pomogranate,Local,2026-09-20,20000.0,23000.0,21500.0
Tamil Nadu,Madurai,Anaiyur(Uzhavar Sandhai ),Lemon,Lemon,Local,2026-09-20,26000.0,28000.0,27000.0
Tamil Nadu,Madurai,Anaiyur(Uzhavar Sandhai ),Amla(Nelli Kai),Amla,Local,2026-09-20,8000.0,9000.0,8500.0
Tamil Nadu,Madurai,Anaiyur(Uzhavar Sandhai ),Baby Corn,Baby Corn,Grade A,2026-09-20,2000.0,2400.0,2200.0
Tamil Nadu,Madurai,Usilampatti(Uzhavar Sandhai ),Banana - Green,Banana - Green,Local,2026-09-20,2500.0,3000.0,2750.0
Tamil Nadu,Madurai,Usilampatti(Uzhavar Sandhai ),Tapioca,Tapioca,Local,2026-09-20,3600.0,4000.0,3800.0
Tamil Nadu,Madurai,Usilampatti(Uzhavar Sandhai ),Green Avare(W),Green Avare (W),Local,2026-09-20,10000.0,11000.0,10500.0
Tamil Nadu,Madurai,Usilampatti(Uzhavar Sandhai ),Lemon,Lemon,Local,2026-09-20,26000.0,28000.0,27000.0
Tamil Nadu,Nagapattinam,Sirkali(Uzhavar Sandhai ),Tomato,Deshi,Local,2026-09-20,2500.0,3000.0,2750.0
Tamil Nadu,Nagapattinam,Sirkali(Uzhavar Sandhai ),Ashgourd,Gouard,Local,2026-09-20,2500.0,3000.0,2750.0
Tamil Nadu,Nagapattinam,Sirkali(Uzhavar Sandhai ),Green Chilli,Green Chilly,Local,2026-09-20,5500.0,6000.0,5750.0
Tamil Nadu,Nagapattinam,Sirkali(Uzhavar Sandhai ),Tapioca,Tapioca,Local,2026-09-20,4500.0,5000.0,4750.0
Tamil Nadu,Nagapattinam,Sirkali(Uzhavar Sandhai ),Lime,Lime,Local,2026-09-20,3500.0,4000.0,3750.0
Tamil Nadu,Namakkal,Kumarapalayam(Uzhavar Sandhai ),Water Melon,Water Melon,Local,2026-09-20,1000.0,1500.0,1250.0
Tamil Nadu,Namakkal,Kumarapalayam(Uzhavar Sandhai ),Beetroot,Beetroot,Local,2026-09-20,6000.0,7000.0,6500.0
Tamil Nadu,Namakkal,Kumarapalayam(Uzhavar Sandhai ),Elephant Yam(Suran)/Amorphophallus,Elephant Yam (Suran),Local,2026-09-20,3500.0,4000.0,3750.0
Tamil Nadu,Namakkal,Kumarapalayam(Uzhavar Sandhai ),Lemon,Lemon,Local,2026-09-20,14000.0,16000.0,15000.0
Tamil Nadu,Namakkal,Kumarapalayam(Uzhavar Sandhai ),Onion Green,Onion Green,Local,2026-09-20,7000.0,9000.0,8000.0
Tamil Nadu,Namakkal,Kumarapalayam(Uzhavar Sandhai ),Mint(Pudina),Mint(Pudina),Local,2026-09-20,5500.0,6000.0,5750.0
Tamil Nadu,Namakkal,Kumarapalayam(Uzhavar Sandhai ),Baby Corn,Baby Corn,Grade A,2026-09-20,2500.0,3000.0,2750.0
Tamil Nadu,Namakkal,Mohanur(Uzhavar Sandhai ),Bitter gourd,Other,Local,2026-09-20,5500.0,6000.0,5750.0
Tamil Nadu,Namakkal,Mohanur(Uzhavar Sandhai ),Beans,Beans (Whole),Local,2026-09-20,8000.0,9000.0,8500.0
Tamil Nadu,Namakkal,Mohanur(Uzhavar Sandhai ),Ginger(Green),Green Ginger,Local,2026-09-20,18000.0,20000.0,19000.0
Tamil Nadu,Namakkal,Mohanur(Uzhavar Sandhai ),Ridgeguard(Tori),Ridgeguard(Tori),Local,2026-09-20,6200.0,6800.0,6500.0
Tamil Nadu,Namakkal,Mohanur(Uzhavar Sandhai ),Drumstick,Drumstick,Local,2026-09-20,2800.0,3200.0,3000.0
Tamil Nadu,Namakkal,Namakkal(Uzhavar Sandhai ),Papaya,Papaya,Local,2026-09-20,3000.0,3500.0,3250.0
Tamil Nadu,Namakkal,Namakkal(Uzhavar Sandhai ),Cluster beans,Cluster Beans,Local,2026-09-20,3000.0,3500.0,3250.0
Tamil Nadu,Namakkal,Namakkal(Uzhavar Sandhai ),Green Avare(W),Other,Local,2026-09-20,9000.0,10000.0,9500.0
Tamil Nadu,Namakkal,Namakkal(Uzhavar Sandhai ),Jack Fruit(Ripe),Jack Fruit,Local,2026-09-20,3500.0,4000.0,3750.0
Tamil Nadu,Namakkal,Paramathivelur(Uzhavar Sandhai ),Potato,Red Nanital,Local,2026-09-20,2000.0,3000.0,2500.0
Tamil Nadu,Namakkal,Paramathivelur(Uzhavar Sandhai ),Bhindi(Ladies Finger),Bhindi,Local,2026-09-20,4000.0,4500.0,4250.0
Tamil Nadu,Namakkal,Paramathivelur(Uzhavar Sandhai ),Green Chilli,Green Chilly,Local,2026-09-20,6000.0,7000.0,6500.0
Tamil Nadu,Namakkal,Paramathivelur(Uzhavar Sandhai ),Carrot,Pusakesar,Local,2026-09-20,6000.0,6500.0,6250.0
Tamil Nadu,Namakkal,Paramathivelur(Uzhavar Sandhai ),Tender Coconut,Tender Coconut,Local,2026-09-20,3000.0,3500.0,3250.0
Tamil Nadu,Namakkal,Paramathivelur(Uzhavar Sandhai ),Lemon,Lemon,Local,2026-09-20,15000.0,16000.0,15500.0
Tamil Nadu,Namakkal,Rasipuram(Uzhavar Sandhai ),Coriander(Leaves),I Sort,Local,2026-09-20,9000.0,10000.0,9500.0
Tamil Nadu,Namakkal,Rasipuram(Uzhavar Sandhai ),Water Melon,Water Melon,Local,2026-09-20,1500.0,2000.0,1750.0
Tamil Nadu,Namakkal,Rasipuram(Uzhavar Sandhai ),Bottle gourd,Bottle Gourd,Local,2026-09-20,1500.0,2200.0,1850.0
Tamil Nadu,Namakkal,Rasipuram(Uzhavar Sandhai ),Ashgourd,Gouard,Local,2026-09-20,2000.0,2500.0,2250.0
Tamil Nadu,Namakkal,Rasipuram(Uzhavar Sandhai ),Cucumbar(Kheera),Cucumbar,Local,2026-09-20,7000.0,8000.0,7500.0
Tamil Nadu,Namakkal,Rasipuram(Uzhavar Sandhai ),Raddish,Raddish,Local,2026-09-20,2500.0,3200.0,2850.0
Tamil Nadu,Namakkal,Rasipuram(Uzhavar Sandhai ),Thondekai,Thondekai,Local,2026-09-20,4500.0,5000.0,4750.0
Tamil Nadu,Namakkal,Rasipuram(Uzhavar Sandhai ),Tender Coconut,Tender Coconut,Local,2026-09-20,3500.0,4000.0,3750.0
Tamil Nadu,Namakkal,Rasipuram(Uzhavar Sandhai ),Tamarind Fruit,Tamarind Fruit,Local,2026-09-20,13000.0,15000.0,14000.0
Tamil Nadu,Namakkal,Rasipuram(Uzhavar Sandhai ),Elephant Yam(Suran)/Amorphophallus,Elephant Yam (Suran),Local,2026-09-20,3500.0,4000.0,3750.0
Tamil Nadu,Namakkal,Rasipuram(Uzhavar Sandhai ),Custard Apple(Sharifa),Custard Apple(Sharifa),Local,2026-09-20,3500.0,4000.0,3750.0
Tamil Nadu,Thanjavur,Tirukattupalli(Uzhavar Sandhai ),Onion,Bellary,Local,2026-09-20,6000.0,6800.0,6400.0
Tamil Nadu,Thanjavur,Tirukattupalli(Uzhavar Sandhai ),Tomato,Deshi,Local,2026-09-20,2800.0,2800.0,2800.0
Tamil Nadu,Thanjavur,Tirukattupalli(Uzhavar Sandhai ),Ashgourd,Gouard,Local,2026-09-20,2000.0,2000.0,2000.0
Tamil Nadu,Thanjavur,Tirukattupalli(Uzhavar Sandhai ),Raddish,Raddish,Local,2026-09-20,2800.0,2800.0,2800.0
Tamil Nadu,Madurai,Palanganatham(Uzhavar Sandhai ),Potato,Other,Local,2026-09-20,4000.0,5500.0,4750.0
Tamil Nadu,Madurai,Palanganatham(Uzhavar Sandhai ),Papaya,Papaya,Local,2026-09-20,4500.0,5000.0,4750.0
Tamil Nadu,Madurai,Palanganatham(Uzhavar Sandhai ),Bitter gourd,Bitter Gourd,Local,2026-09-20,5000.0,5500.0,5250.0
Tamil Nadu,Madurai,Palanganatham(Uzhavar Sandhai ),Bottle gourd,Bottle Gourd,Local,2026-09-20,2000.0,2600.0,2300.0
Tamil Nadu,Madurai,Palanganatham(Uzhavar Sandhai ),Carrot,Pusakesar,Local,2026-09-20,3000.0,4000.0,3500.0
Tamil Nadu,Madurai,Palanganatham(Uzhavar Sandhai ),Thondekai,Thondekai,Local,2026-09-20,3000.0,4000.0,3500.0
Tamil Nadu,Madurai,Palanganatham(Uzhavar Sandhai ),Pomegranate,Pomogranate,Local,2026-09-20,20000.0,23000.0,21500.0
Tamil Nadu,Madurai,Palanganatham(Uzhavar Sandhai ),Elephant Yam(Suran)/Amorphophallus,Elephant Yam (Suran),Local,2026-09-20,5000.0,6000.0,5500.0
Tamil Nadu,Madurai,Palanganatham(Uzhavar Sandhai ),Yam(Ratalu),Yam (Ratalu),Local,2026-09-20,6000.0,7000.0,6500.0
Tamil Nadu,Madurai,Anna nagar(Uzhavar Sandhai ),Brinjal,Round,Local,2026-09-20,3500.0,4500.0,4000.0
Tamil Nadu,Madurai,Anna nagar(Uzhavar Sandhai ),Potato,Red Nanital,Local,2026-09-20,5000.0,5500.0,5250.0
Tamil Nadu,Madurai,Anna nagar(Uzhavar Sandhai ),Water Melon,Water Melon,Local,2026-09-20,1800.0,2000.0,1900.0
Tamil Nadu,Madurai,Anna nagar(Uzhavar Sandhai ),Mousambi(Sweet Lime),Mousambi,Local,2026-09-20,4500.0,4500.0,4500.0
Tamil Nadu,Madurai,Anna nagar(Uzhavar Sandhai ),Ashgourd,Gouard,Local,2026-09-20,1600.0,1600.0,1600.0
Tamil Nadu,Madurai,Anna nagar(Uzhavar Sandhai ),Amaranthus,Amaranthus,Local,2026-09-20,1500.0,2000.0,1750.0
Tamil Nadu,Madurai,Anna nagar(Uzhavar Sandhai ),Cowpea(Veg),Cowpea (Veg),Local,2026-09-20,3000.0,3600.0,3300.0
Tamil Nadu,Madurai,Anna nagar(Uzhavar Sandhai ),Cucumbar(Kheera),Cucumbar,Local,2026-09-20,4600.0,5000.0,4800.0
Tamil Nadu,Madurai,Anna nagar(Uzhavar Sandhai ),Ridgeguard(Tori),Ridgeguard(Tori),Local,2026-09-20,3600.0,4600.0,4100.0
Tamil Nadu,Madurai,Anna nagar(Uzhavar Sandhai ),Raddish,Raddish,Local,2026-09-20,3000.0,3400.0,3200.0
Tamil Nadu,Madurai,Anna nagar(Uzhavar Sandhai ),Lime,Lime,Local,2026-09-20,4600.0,4600.0,4600.0
Tamil Nadu,Madurai,Anna nagar(Uzhavar Sandhai ),Karbuja(Musk Melon),Karbhuja,Local,2026-09-20,5000.0,5000.0,5000.0
Tamil Nadu,Madurai,Anna nagar(Uzhavar Sandhai ),Jasmine,Jasmine,Local,2026-09-20,30000.0,35000.0,32500.0
Tamil Nadu,Madurai,Anna nagar(Uzhavar Sandhai ),Turnip,Turnip,Local,2026-09-20,6000.0,7000.0,6500.0
Tamil Nadu,Madurai,Anna nagar(Uzhavar Sandhai ),Rose(Local),Rose (Local),Local,2026-09-20,10000.0,10000.0,10000.0
Tamil Nadu,Perambalur,Perambalur(Uzhavar Sandhai ),Apple,American,Local,2026-09-20,16000.0,20000.0,18000.0
Tamil Nadu,Perambalur,Perambalur(Uzhavar Sandhai ),Banana,Red Banana,Local,2026-09-20,7000.0,8000.0,7500.0
Tamil Nadu,Perambalur,Perambalur(Uzhavar Sandhai ),Green Chilli,Green Chilly,Local,2026-09-20,4500.0,5000.0,4750.0
Tamil Nadu,Perambalur,Perambalur(Uzhavar Sandhai ),Beans,Beans (Whole),Local,2026-09-20,9200.0,11200.0,10200.0
Tamil Nadu,Perambalur,Perambalur(Uzhavar Sandhai ),Coconut,Coconut,Local,2026-09-20,5000.0,6000.0,5500.0
Tamil Nadu,Perambalur,Perambalur(Uzhavar Sandhai ),Sweet Potato,Hosur Red,Local,2026-09-20,6000.0,6400.0,6200.0
Tamil Nadu,Perambalur,Perambalur(Uzhavar Sandhai ),Elephant Yam(Suran)/Amorphophallus,Elephant Yam (Suran),Local,2026-09-20,4000.0,4800.0,4400.0
Tamil Nadu,Salem,Mecheri(Uzhavar Sandhai),Bottle gourd,Bottle Gourd,Local,2026-09-20,2000.0,2500.0,2250.0
Tamil Nadu,Salem,Mecheri(Uzhavar Sandhai),Green Chilli,Green Chilly,Local,2026-09-20,4000.0,4500.0,4250.0
Tamil Nadu,Salem,Mecheri(Uzhavar Sandhai),Banana - Green,Banana - Green,Local,2026-09-20,2000.0,2500.0,2250.0
Tamil Nadu,Salem,Mecheri(Uzhavar Sandhai),Mint(Pudina),Mint(Pudina),Local,2026-09-20,2500.0,3000.0,2750.0
Tamil Nadu,Ranipet,Arcot(Uzhavar Sandhai ),Groundnut,Big (With Shell),Local,2026-09-20,6000.0,6000.0,6000.0
Tamil Nadu,Ranipet,Arcot(Uzhavar Sandhai ),Onion,Bellary,Local,2026-09-20,5500.0,6000.0,5750.0
Tamil Nadu,Ranipet,Arcot(Uzhavar Sandhai ),Potato,Red Nanital,Local,2026-09-20,3000.0,3000.0,3000.0
Tamil Nadu,Ranipet,Arcot(Uzhavar Sandhai ),Coriander(Leaves),I Sort,Local,2026-09-20,4000.0,4000.0,4000.0
Tamil Nadu,Ranipet,Arcot(Uzhavar Sandhai ),Cluster beans,Cluster Beans,Local,2026-09-20,3000.0,3000.0,3000.0
Tamil Nadu,Ranipet,Arcot(Uzhavar Sandhai ),Bhindi(Ladies Finger),Bhindi,Local,2026-09-20,3000.0,3000.0,3000.0
Tamil Nadu,Ranipet,Arcot(Uzhavar Sandhai ),Beans,Beans (Whole),Local,2026-09-20,8000.0,8000.0,8000.0
Tamil Nadu,Ranipet,Arcot(Uzhavar Sandhai ),Beetroot,Beetroot,Local,2026-09-20,5500.0,5500.0,5500.0
Tamil Nadu,Ranipet,Arcot(Uzhavar Sandhai ),Cucumbar(Kheera),Cucumbar,Local,2026-09-20,4000.0,4000.0,4000.0
Tamil Nadu,Ranipet,Arcot(Uzhavar Sandhai ),Ridgeguard(Tori),Ridgeguard(Tori),Local,2026-09-20,4000.0,4000.0,4000.0
Tamil Nadu,Ranipet,Arcot(Uzhavar Sandhai ),Thondekai,Thondekai,Local,2026-09-20,3000.0,3000.0,3000.0
Tamil Nadu,Ranipet,Arcot(Uzhavar Sandhai ),Amla(Nelli Kai),Amla,Local,2026-09-20,12000.0,12000.0,12000.0
Tamil Nadu,Ranipet,Arcot(Uzhavar Sandhai ),Mint(Pudina),Mint(Pudina),Local,2026-09-20,4000.0,4000.0,4000.0
Tamil Nadu,Ranipet,Arcot(Uzhavar Sandhai ),Sweet Corn,Sweet Corn,Local,2026-09-20,4000.0,4000.0,4000.0
Tamil Nadu,Ranipet,Ranipettai(Uzhavar Sandhai ),Onion,Bellary,Local,2026-09-20,5800.0,6000.0,5900.0
Tamil Nadu,Ranipet,Ranipettai(Uzhavar Sandhai ),Cucumbar(Kheera),Cucumbar,Local,2026-09-20,4000.0,4000.0,4000.0
Tamil Nadu,Ranipet,Ranipettai(Uzhavar Sandhai ),Ridgeguard(Tori),Ridgeguard(Tori),Local,2026-09-20,3600.0,4000.0,3800.0
Tamil Nadu,Ranipet,Ranipettai(Uzhavar Sandhai ),Knool Khol,Knool Khol,Local,2026-09-20,3500.0,3500.0,3500.0
Tamil Nadu,Ranipet,Ranipettai(Uzhavar Sandhai ),Indian Beans(Seam),Indian Beans (Seam),Local,2026-09-20,5600.0,5600.0,5600.0
Tamil Nadu,Ranipet,Ranipettai(Uzhavar Sandhai ),Onion Green,Onion Green,Local,2026-09-20,8800.0,11000.0,9900.0
Tamil Nadu,Salem,Ammapet(Uzhavar Sandhai ),Grapes,Annabesahai,Local,2026-09-20,9000.0,10000.0,9500.0
Tamil Nadu,Salem,Ammapet(Uzhavar Sandhai ),Tomato,Local,Local,2026-09-20,2000.0,2500.0,2250.0
Tamil Nadu,Salem,Ammapet(Uzhavar Sandhai ),Bitter gourd,Other,Local,2026-09-20,3800.0,4000.0,3900.0
Tamil Nadu,Salem,Ammapet(Uzhavar Sandhai ),Green Chilli,Green Chilly,Local,2026-09-20,3800.0,4000.0,3900.0
Tamil Nadu,Salem,Ammapet(Uzhavar Sandhai ),Beetroot,Beetroot,Local,2026-09-20,6000.0,7000.0,6500.0
Tamil Nadu,Salem,Ammapet(Uzhavar Sandhai ),Raddish,Raddish,Local,2026-09-20,2400.0,2600.0,2500.0
Tamil Nadu,Salem,Ammapet(Uzhavar Sandhai ),Marigold(Calcutta),Marigold(Calcutta),Local,2026-09-20,9000.0,10000.0,9500.0
Tamil Nadu,Salem,Ammapet(Uzhavar Sandhai ),Lemon,Lemon,Local,2026-09-20,11000.0,12000.0,11500.0
Tamil Nadu,Salem,Ammapet(Uzhavar Sandhai ),Mashrooms,Mashrooms,Local,2026-09-20,19000.0,20000.0,19500.0
Tamil Nadu,Salem,Ammapet(Uzhavar Sandhai ),Onion Green,Onion Green,Local,2026-09-20,8000.0,8400.0,8200.0
Tamil Nadu,Salem,Mettur(Uzhavar Sandhai ),Groundnut,Big (With Shell),Local,2026-09-20,6000.0,6500.0,6250.0
Tamil Nadu,Salem,Mettur(Uzhavar Sandhai ),Coriander(Leaves),I Sort,Local,2026-09-20,4500.0,5000.0,4750.0
Tamil Nadu,Salem,Mettur(Uzhavar Sandhai ),Papaya,Papaya,Local,2026-09-20,2500.0,3000.0,2750.0
Tamil Nadu,Salem,Mettur(Uzhavar Sandhai ),Ginger(Green),Green Ginger,Local,2026-09-20,17000.0,18000.0,17500.0
Tamil Nadu,Salem,Mettur(Uzhavar Sandhai ),Cabbage,Cabbage,Local,2026-09-20,2500.0,3000.0,2750.0
Tamil Nadu,Salem,Mettur(Uzhavar Sandhai ),Raddish,Raddish,Local,2026-09-20,2000.0,2500.0,2250.0
Tamil Nadu,Salem,Mettur(Uzhavar Sandhai ),Drumstick,Drumstick,Local,2026-09-20,2000.0,2500.0,2250.0
Tamil Nadu,Salem,Mettur(Uzhavar Sandhai ),Rose(Local),Rose (Local),Local,2026-09-20,14000.0,15000.0,14500.0
Tamil Nadu,Salem,Sooramangalam(Uzhavar Sandhai ),Potato,Other,Local,2026-09-20,5000.0,6000.0,5500.0
Tamil Nadu,Salem,Sooramangalam(Uzhavar Sandhai ),Bhindi(Ladies Finger),Bhindi,Local,2026-09-20,2800.0,3000.0,2900.0
Tamil Nadu,Salem,Sooramangalam(Uzhavar Sandhai ),Amaranthus,Amaranthus,Local,2026-09-20,1800.0,2000.0,1900.0
Tamil Nadu,Salem,Sooramangalam(Uzhavar Sandhai ),Banana - Green,Banana - Green,Local,2026-09-20,2000.0,2400.0,2200.0
Tamil Nadu,Salem,Sooramangalam(Uzhavar Sandhai ),Snakeguard,Snakeguard,Local,2026-09-20,3400.0,3600.0,3500.0
Tamil Nadu,Salem,Sooramangalam(Uzhavar Sandhai ),Raddish,Raddish,Local,2026-09-20,2400.0,2600.0,2500.0
Tamil Nadu,Salem,Sooramangalam(Uzhavar Sandhai ),Yam(Ratalu),Yam (Ratalu),Local,2026-09-20,7500.0,8000.0,7750.0
Tamil Nadu,Salem,Sooramangalam(Uzhavar Sandhai ),Mint(Pudina),Mint(Pudina),Local,2026-09-20,4500.0,4800.0,4650.0
Tamil Nadu,Thiruchirappalli,Thuraiyur APMC,Banana,Besrai,Local,2026-09-20,5000.0,6000.0,5500.0
Tamil Nadu,Thiruchirappalli,Thuraiyur APMC,Coriander(Leaves),I Sort,Local,2026-09-20,3000.0,3500.0,3250.0
Tamil Nadu,Thiruchirappalli,Thuraiyur APMC,Tomato,Other,Local,2026-09-20,2500.0,3000.0,2750.0
Tamil Nadu,Thiruchirappalli,Thuraiyur APMC,Bottle gourd,Bottle Gourd,Local,2026-09-20,2000.0,2500.0,2250.0
Tamil Nadu,Thiruchirappalli,Thuraiyur APMC,Cowpea(Veg),Cowpea (Veg),Local,2026-09-20,3000.0,3500.0,3250.0
Tamil Nadu,Thiruchirappalli,Thuraiyur APMC,Snakeguard,Snakeguard,Local,2026-09-20,3500.0,4000.0,3750.0
Tamil Nadu,Thiruchirappalli,Thuraiyur APMC,Green Avare(W),Green Avare (W),Local,2026-09-20,7000.0,8000.0,7500.0
Tamil Nadu,Thiruchirappalli,Thuraiyur APMC,Mango(Raw-Ripe),Mango - Raw-Ripe,Local,2026-09-20,8000.0,10000.0,9000.0
Tamil Nadu,Thiruchirappalli,Thuraiyur APMC,Indian Beans(Seam),Indian Beans (Seam),Local,2026-09-20,6000.0,7000.0,6500.0
Tamil Nadu,Thiruchirappalli,Thuraiyur APMC,Onion Green,Onion Green,Local,2026-09-20,7000.0,11000.0,9000.0
Tamil Nadu,Salem,Thammampatti (Uzhavar Sandhai ),Cauliflower,Ranchi,Local,2026-09-20,2500.0,3500.0,3000.0
Tamil Nadu,Salem,Thammampatti (Uzhavar Sandhai ),Pumpkin,Pumpkin,Local,2026-09-20,2000.0,2000.0,2000.0
Tamil Nadu,Salem,Thammampatti (Uzhavar Sandhai ),Coconut,Coconut,Local,2026-09-20,6500.0,7000.0,6750.0
Tamil Nadu,Salem,Thammampatti (Uzhavar Sandhai ),Ridgeguard(Tori),Ridgeguard(Tori),Local,2026-09-20,3500.0,4000.0,3750.0
Tamil Nadu,Salem,Thammampatti (Uzhavar Sandhai ),Baby Corn,Baby Corn,Grade A,2026-09-20,2500.0,3000.0,2750.0
Tamil Nadu,Salem,Thathakapatti(Uzhavar Sandhai ),Cluster beans,Cluster Beans,Local,2026-09-20,3400.0,3600.0,3500.0
Tamil Nadu,Salem,Thathakapatti(Uzhavar Sandhai ),Bitter gourd,Bitter Gourd,Local,2026-09-20,3500.0,4000.0,3750.0
Tamil Nadu,Salem,Thathakapatti(Uzhavar Sandhai ),Green Chilli,Green Chilly,Local,2026-09-20,4000.0,4000.0,4000.0
Tamil Nadu,Salem,Thathakapatti(Uzhavar Sandhai ),Tapioca,Tapioca,Local,2026-09-20,3500.0,4000.0,3750.0
Tamil Nadu,Salem,Thathakapatti(Uzhavar Sandhai ),Carrot,Pusakesar,Local,2026-09-20,5000.0,5500.0,5250.0
Tamil Nadu,Salem,Thathakapatti(Uzhavar Sandhai ),Thondekai,Thondekai,Local,2026-09-20,3500.0,4000.0,3750.0
Tamil Nadu,Salem,Thathakapatti(Uzhavar Sandhai ),Tender Coconut,Tender Coconut,Local,2026-09-20,3000.0,5000.0,4000.0
Tamil Nadu,Salem,Thathakapatti(Uzhavar Sandhai ),Tube Rose(Loose),Tube Rose (Loose),Local,2026-09-20,10000.0,12000.0,11000.0
Tamil Nadu,Theni,Chinnamanur(Uzhavar Sandhai ),Soyabean,Local,Local,2026-09-20,9000.0,9000.0,9000.0
Tamil Nadu,Theni,Chinnamanur(Uzhavar Sandhai ),Onion,Bellary,Local,2026-09-20,6000.0,6600.0,6300.0
Tamil Nadu,Theni,Chinnamanur(Uzhavar Sandhai ),Garlic,Garlic,Local,2026-09-20,14000.0,24000.0,19000.0
Tamil Nadu,Theni,Chinnamanur(Uzhavar Sandhai ),Brinjal,Other,Local,2026-09-20,2800.0,3000.0,2900.0
Tamil Nadu,Theni,Chinnamanur(Uzhavar Sandhai ),Tomato,Local,Local,2026-09-20,2500.0,2500.0,2500.0
Tamil Nadu,Theni,Chinnamanur(Uzhavar Sandhai ),Green Chilli,Green Chilly,Local,2026-09-20,5200.0,5200.0,5200.0
Tamil Nadu,Theni,Chinnamanur(Uzhavar Sandhai ),Banana - Green,Banana - Green,Local,2026-09-20,3600.0,3600.0,3600.0
Tamil Nadu,Theni,Chinnamanur(Uzhavar Sandhai ),Coconut,Coconut,Local,2026-09-20,5800.0,5800.0,5800.0
Tamil Nadu,Theni,Chinnamanur(Uzhavar Sandhai ),Cabbage,Cabbage,Local,2026-09-20,2800.0,2800.0,2800.0
Tamil Nadu,Theni,Chinnamanur(Uzhavar Sandhai ),Snakeguard,Snakeguard,Local,2026-09-20,2500.0,2500.0,2500.0
Tamil Nadu,Theni,Chinnamanur(Uzhavar Sandhai ),Yam(Ratalu),Yam (Ratalu),Local,2026-09-20,5000.0,5000.0,5000.0
Tamil Nadu,Theni,Chinnamanur(Uzhavar Sandhai ),Indian Beans(Seam),Indian Beans (Seam),Local,2026-09-20,5400.0,5400.0,5400.0
Tamil Nadu,Theni,Chinnamanur(Uzhavar Sandhai ),Colacasia,Colacasia,Local,2026-09-20,5000.0,5000.0,5000.0
Tamil Nadu,Theni,Kambam(Uzhavar Sandhai ),Soyabean,Local,Local,2026-09-20,9500.0,9500.0,9500.0
Tamil Nadu,Theni,Kambam(Uzhavar Sandhai ),Coriander(Leaves),I Sort,Local,2026-09-20,3000.0,3000.0,3000.0
Tamil Nadu,Theni,Kambam(Uzhavar Sandhai ),Beans,Beans (Whole),Local,2026-09-20,7000.0,8000.0,7500.0
Tamil Nadu,Theni,Kambam(Uzhavar Sandhai ),Coconut,Coconut,Local,2026-09-20,5800.0,5800.0,5800.0
Tamil Nadu,Theni,Kambam(Uzhavar Sandhai ),Cucumbar(Kheera),Cucumbar,Local,2026-09-20,2200.0,2200.0,2200.0
Tamil Nadu,Theni,Kambam(Uzhavar Sandhai ),Raddish,Raddish,Local,2026-09-20,2400.0,2400.0,2400.0
Tamil Nadu,Theni,Kambam(Uzhavar Sandhai ),Drumstick,Drumstick,Local,2026-09-20,4000.0,4000.0,4000.0
Tamil Nadu,Theni,Theni(Uzhavar Sandhai ),Banana,Red Banana,Local,2026-09-20,6000.0,7000.0,6500.0
Tamil Nadu,Theni,Theni(Uzhavar Sandhai ),Potato,Other,Local,2026-09-20,5500.0,5500.0,5500.0
Tamil Nadu,Theni,Theni(Uzhavar Sandhai ),Coriander(Leaves),I Sort,Local,2026-09-20,3000.0,3000.0,3000.0
Tamil Nadu,Theni,Theni(Uzhavar Sandhai ),Cluster beans,Cluster Beans,Local,2026-09-20,3000.0,3000.0,3000.0
Tamil Nadu,Theni,Theni(Uzhavar Sandhai ),Bitter gourd,Bitter Gourd,Local,2026-09-20,5800.0,5800.0,5800.0
Tamil Nadu,Theni,Theni(Uzhavar Sandhai ),Amaranthus,Amaranthus,Local,2026-09-20,1500.0,2000.0,1750.0
Tamil Nadu,Theni,Theni(Uzhavar Sandhai ),Banana - Green,Banana - Green,Local,2026-09-20,2500.0,3000.0,2750.0
Tamil Nadu,Theni,Theni(Uzhavar Sandhai ),Coconut,Coconut,Local,2026-09-20,5600.0,5600.0,5600.0
Tamil Nadu,Theni,Theni(Uzhavar Sandhai ),Beetroot,Beetroot,Local,2026-09-20,3600.0,3600.0,3600.0
Tamil Nadu,Theni,Theni(Uzhavar Sandhai ),Capsicum,Capsicum,Local,2026-09-20,5000.0,5000.0,5000.0
Tamil Nadu,Theni,Theni(Uzhavar Sandhai ),Guava,Guava Allahabad,Local,2026-09-20,12000.0,12000.0,12000.0
Tamil Nadu,Theni,Theni(Uzhavar Sandhai ),Karbuja(Musk Melon),Karbhuja,Local,2026-09-20,6000.0,6000.0,6000.0
Tamil Nadu,Theni,Theni(Uzhavar Sandhai ),Elephant Yam(Suran)/Amorphophallus,Elephant Yam (Suran),Local,2026-09-20,3500.0,3500.0,3500.0
Tamil Nadu,Thirunelveli,Kandiyaperi(Uzhavar Sandhai ),Bottle gourd,Bottle Gourd,Local,2026-09-20,1200.0,1400.0,1300.0
Tamil Nadu,Thirunelveli,Kandiyaperi(Uzhavar Sandhai ),Ashgourd,Gouard,Local,2026-09-20,1000.0,1200.0,1100.0
Tamil Nadu,Thirunelveli,Kandiyaperi(Uzhavar Sandhai ),Pumpkin,Pumpkin,Local,2026-09-20,1000.0,1200.0,1100.0
Tamil Nadu,Thirunelveli,NGO Colony(Uzhavar Sandhai ),Cauliflower,Ranchi,Local,2026-09-20,3500.0,4400.0,3950.0
Tamil Nadu,Thirunelveli,NGO Colony(Uzhavar Sandhai ),Pumpkin,Pumpkin,Local,2026-09-20,1000.0,1200.0,1100.0
Tamil Nadu,Thirunelveli,NGO Colony(Uzhavar Sandhai ),Ginger(Green),Green Ginger,Local,2026-09-20,16000.0,18000.0,17000.0
Tamil Nadu,Thirunelveli,NGO Colony(Uzhavar Sandhai ),Cabbage,Cabbage,Local,2026-09-20,2000.0,2800.0,2400.0
Tamil Nadu,Thirunelveli,NGO Colony(Uzhavar Sandhai ),Ridgeguard(Tori),Ridgeguard(Tori),Local,2026-09-20,3500.0,4000.0,3750.0
Tamil Nadu,Thirunelveli,NGO Colony(Uzhavar Sandhai ),Raddish,Raddish,Local,2026-09-20,3000.0,3500.0,3250.0
Tamil Nadu,Thirunelveli,NGO Colony(Uzhavar Sandhai ),Mint(Pudina),Mint(Pudina),Local,2026-09-20,6500.0,7000.0,6750.0
Tamil Nadu,Thirunelveli,Palayamkottai(Uzhavar Sandhai ),Onion,Bellary,Local,2026-09-20,5600.0,6200.0,5900.0
Tamil Nadu,Thirunelveli,Palayamkottai(Uzhavar Sandhai ),Green Peas,Green Peas,Local,2026-09-20,16000.0,18000.0,17000.0
Tamil Nadu,Thirunelveli,Palayamkottai(Uzhavar Sandhai ),Cluster beans,Cluster Beans,Local,2026-09-20,1800.0,2000.0,1900.0
Tamil Nadu,Thirunelveli,Palayamkottai(Uzhavar Sandhai ),Bottle gourd,Bottle Gourd,Local,2026-09-20,1200.0,1400.0,1300.0
Tamil Nadu,Thirunelveli,Palayamkottai(Uzhavar Sandhai ),Pumpkin,Pumpkin,Local,2026-09-20,1000.0,1200.0,1100.0
Tamil Nadu,Thirunelveli,Palayamkottai(Uzhavar Sandhai ),Sweet Potato,Hosur Red,Local,2026-09-20,5500.0,6000.0,5750.0
Tamil Nadu,Thirunelveli,Palayamkottai(Uzhavar Sandhai ),Cabbage,Cabbage,Local,2026-09-20,2400.0,2600.0,2500.0
Tamil Nadu,Thirunelveli,Palayamkottai(Uzhavar Sandhai ),Beetroot,Beetroot,Local,2026-09-20,4600.0,6000.0,5300.0
Tamil Nadu,Thirunelveli,Palayamkottai(Uzhavar Sandhai ),Elephant Yam(Suran)/Amorphophallus,Elephant Yam (Suran),Local,2026-09-20,3600.0,4000.0,3800.0
Tamil Nadu,Thirunelveli,Palayamkottai(Uzhavar Sandhai ),Lemon,Lemon,Local,2026-09-20,18000.0,20000.0,19000.0
Tamil Nadu,Thirupur,Kangayam(Uzhavar Sandhai ),Onion,Bellary,Local,2026-09-20,4500.0,5200.0,4850.0
Tamil Nadu,Thirupur,Kangayam(Uzhavar Sandhai ),Tomato,Local,Local,2026-09-20,1500.0,2000.0,1750.0
Tamil Nadu,Thirupur,Kangayam(Uzhavar Sandhai ),Ashgourd,Gouard,Local,2026-09-20,2000.0,2200.0,2100.0
Tamil Nadu,Thirupur,Kangayam(Uzhavar Sandhai ),Pumpkin,Pumpkin,Local,2026-09-20,2000.0,2400.0,2200.0
Tamil Nadu,Thirupur,Kangayam(Uzhavar Sandhai ),Coconut,Coconut,Local,2026-09-20,5000.0,5200.0,5100.0
Tamil Nadu,Thirupur,Kangayam(Uzhavar Sandhai ),Beetroot,Beetroot,Local,2026-09-20,2400.0,2800.0,2600.0
Tamil Nadu,Thirupur,Kangayam(Uzhavar Sandhai ),Lemon,Lemon,Local,2026-09-20,20000.0,22000.0,21000.0
Tamil Nadu,Thirupur,Tiruppur (North) (Uzhavar Sandhai ),Banana,Red Banana,Local,2026-09-20,6000.0,7000.0,6500.0
Tamil Nadu,Thirupur,Tiruppur (North) (Uzhavar Sandhai ),Onion,Bellary,Local,2026-09-20,5500.0,6000.0,5750.0
Tamil Nadu,Thirupur,Tiruppur (North) (Uzhavar Sandhai ),Tomato,Local,Local,2026-09-20,2200.0,2500.0,2350.0
Tamil Nadu,Thirupur,Tiruppur (North) (Uzhavar Sandhai ),Bottle gourd,Bottle Gourd,Local,2026-09-20,1500.0,2000.0,1750.0
Tamil Nadu,Thirupur,Tiruppur (North) (Uzhavar Sandhai ),Pumpkin,Pumpkin,Local,2026-09-20,1200.0,1500.0,1350.0
Tamil Nadu,Thirupur,Tiruppur (North) (Uzhavar Sandhai ),Tapioca,Tapioca,Local,2026-09-20,2500.0,3000.0,2750.0
Tamil Nadu,Thirupur,Tiruppur (North) (Uzhavar Sandhai ),Raddish,Raddish,Local,2026-09-20,2500.0,3000.0,2750.0
Tamil Nadu,Thirupur,Tiruppur (North) (Uzhavar Sandhai ),Green Avare(W),Other,Local,2026-09-20,5000.0,6000.0,5500.0
Tamil Nadu,Thirupur,Tiruppur (North) (Uzhavar Sandhai ),Drumstick,Drumstick,Local,2026-09-20,2500.0,3000.0,2750.0
Tamil Nadu,Thirupur,Tiruppur (North) (Uzhavar Sandhai ),Tender Coconut,Tender Coconut,Local,2026-09-20,3500.0,4000.0,3750.0
Tamil Nadu,Thirupur,Tiruppur (North) (Uzhavar Sandhai ),Lemon,Lemon,Local,2026-09-20,26000.0,27000.0,26500.0
Tamil Nadu,Thirupur,Tiruppur (North) (Uzhavar Sandhai ),Amla(Nelli Kai),Amla,Local,2026-09-20,5000.0,6000.0,5500.0
Tamil Nadu,Thiruvannamalai,Chengam(Uzhavar Sandhai ),Garlic,Garlic,Local,2026-09-20,20000.0,24000.0,22000.0
Tamil Nadu,Thiruvannamalai,Chengam(Uzhavar Sandhai ),Bitter gourd,Bitter Gourd,Local,2026-09-20,5000.0,6000.0,5500.0
Tamil Nadu,Thiruvannamalai,Chengam(Uzhavar Sandhai ),Bhindi(Ladies Finger),Bhindi,Local,2026-09-20,2500.0,3000.0,2750.0
Tamil Nadu,Thiruvannamalai,Chengam(Uzhavar Sandhai ),Banana - Green,Banana - Green,Local,2026-09-20,1200.0,1500.0,1350.0
Tamil Nadu,Thiruvannamalai,Chengam(Uzhavar Sandhai ),Beans,Beans (Whole),Local,2026-09-20,7000.0,8000.0,7500.0
Tamil Nadu,Thiruvannamalai,Chengam(Uzhavar Sandhai ),Ginger(Green),Green Ginger,Local,2026-09-20,16000.0,20000.0,18000.0
Tamil Nadu,Thiruvannamalai,Chengam(Uzhavar Sandhai ),Cabbage,Cabbage,Local,2026-09-20,2500.0,3000.0,2750.0
Tamil Nadu,Thiruvannamalai,Chengam(Uzhavar Sandhai ),Snakeguard,Snakeguard,Local,2026-09-20,2500.0,3000.0,2750.0
Tamil Nadu,Thiruvannamalai,Chengam(Uzhavar Sandhai ),Green Avare(W),Green Avare (W),Local,2026-09-20,5000.0,6000.0,5500.0
Tamil Nadu,Thiruvannamalai,Chengam(Uzhavar Sandhai ),Drumstick,Drumstick,Local,2026-09-20,5000.0,6000.0,5500.0
Tamil Nadu,Thiruvannamalai,Tamarainagar(Uzhavar Sandhai ),Coriander(Leaves),I Sort,Local,2026-09-20,4000.0,5000.0,4500.0
Tamil Nadu,Thiruvannamalai,Tamarainagar(Uzhavar Sandhai ),Cluster beans,Cluster Beans,Local,2026-09-20,3500.0,4000.0,3750.0
Tamil Nadu,Thiruvannamalai,Tamarainagar(Uzhavar Sandhai ),Bottle gourd,Bottle Gourd,Local,2026-09-20,2000.0,2500.0,2250.0
Tamil Nadu,Thiruvannamalai,Tamarainagar(Uzhavar Sandhai ),Green Avare(W),Green Avare (W),Local,2026-09-20,5000.0,6000.0,5500.0
Tamil Nadu,Thiruvannamalai,Tamarainagar(Uzhavar Sandhai ),Guava,Guava Allahabad,Local,2026-09-20,7000.0,8000.0,7500.0
Tamil Nadu,Thiruvannamalai,Tamarainagar(Uzhavar Sandhai ),Marigold(Calcutta),Marigold(Calcutta),Local,2026-09-20,25000.0,30000.0,27500.0
Tamil Nadu,Thiruvannamalai,Tamarainagar(Uzhavar Sandhai ),Onion Green,Onion Green,Local,2026-09-20,10000.0,12000.0,11000.0
Tamil Nadu,Thiruvannamalai,Vandavasi(Uzhavar Sandhai ),Brinjal,Other,Local,2026-09-20,4000.0,4800.0,4400.0
Tamil Nadu,Thiruvannamalai,Vandavasi(Uzhavar Sandhai ),Bitter gourd,Other,Local,2026-09-20,4000.0,4800.0,4400.0
Tamil Nadu,Thiruvannamalai,Vandavasi(Uzhavar Sandhai ),Beans,Beans (Whole),Local,2026-09-20,5000.0,6000.0,5500.0
Tamil Nadu,Thiruvannamalai,Vandavasi(Uzhavar Sandhai ),Coconut,Coconut,Local,2026-09-20,4000.0,5000.0,4500.0
Tamil Nadu,Thiruvannamalai,Vandavasi(Uzhavar Sandhai ),Snakeguard,Snakeguard,Local,2026-09-20,2500.0,3000.0,2750.0
Tamil Nadu,Thiruvannamalai,Vandavasi(Uzhavar Sandhai ),Colacasia,Colacasia,Local,2026-09-20,3600.0,4200.0,3900.0
Tamil Nadu,Thiruvarur,Muthupettai(Uzhavar Sandhai ),Onion,Bellary,Local,2026-09-20,6000.0,6000.0,6000.0
Tamil Nadu,Thiruvarur,Muthupettai(Uzhavar Sandhai ),Coriander(Leaves),I Sort,Local,2026-09-20,4000.0,4000.0,4000.0
Tamil Nadu,Thiruvarur,Muthupettai(Uzhavar Sandhai ),Cluster beans,Cluster Beans,Local,2026-09-20,3400.0,3400.0,3400.0
Tamil Nadu,Thiruvarur,Muthupettai(Uzhavar Sandhai ),Banana - Green,Banana - Green,Local,2026-09-20,4000.0,4000.0,4000.0
Tamil Nadu,Thiruvarur,Muthupettai(Uzhavar Sandhai ),Beetroot,Beetroot,Local,2026-09-20,5400.0,5400.0,5400.0
Tamil Nadu,Thiruvarur,Muthupettai(Uzhavar Sandhai ),Onion Green,Onion Green,Local,2026-09-20,9500.0,9500.0,9500.0
Tamil Nadu,Coimbatore,Sulur(Uzhavar Sandhai ),Coriander(Leaves),I Sort,Local,2026-09-20,4400.0,5000.0,4700.0
Tamil Nadu,Coimbatore,Sulur(Uzhavar Sandhai ),Bottle gourd,Bottle Gourd,Local,2026-09-20,2800.0,3200.0,3000.0
Tamil Nadu,Coimbatore,Sulur(Uzhavar Sandhai ),Guava,Guava Allahabad,Local,2026-09-20,6000.0,7000.0,6500.0
Tamil Nadu,Coimbatore,Sulur(Uzhavar Sandhai ),Elephant Yam(Suran)/Amorphophallus,Elephant Yam (Suran),Local,2026-09-20,3600.0,4000.0,3800.0
Tamil Nadu,Coimbatore,Sulur(Uzhavar Sandhai ),Amla(Nelli Kai),Amla,Local,2026-09-20,11000.0,12000.0,11500.0
Tamil Nadu,Coimbatore,Sulur(Uzhavar Sandhai ),Mint(Pudina),Mint(Pudina),Local,2026-09-20,5400.0,6000.0,5700.0
Tamil Nadu,Pudukkottai,Gandarvakottai(Uzhavar Sandhai ),Potato,Red Nanital,Local,2026-09-20,5500.0,6000.0,5750.0
Tamil Nadu,Pudukkottai,Gandarvakottai(Uzhavar Sandhai ),Coriander(Leaves),I Sort,Local,2026-09-20,4500.0,5000.0,4750.0
Tamil Nadu,Pudukkottai,Gandarvakottai(Uzhavar Sandhai ),Papaya,Papaya,Local,2026-09-20,3000.0,3500.0,3250.0
Tamil Nadu,Pudukkottai,Gandarvakottai(Uzhavar Sandhai ),Bitter gourd,Bitter Gourd,Local,2026-09-20,6500.0,7000.0,6750.0
Tamil Nadu,Pudukkottai,Gandarvakottai(Uzhavar Sandhai ),Ashgourd,Gouard,Local,2026-09-20,1000.0,1500.0,1250.0
Tamil Nadu,Pudukkottai,Gandarvakottai(Uzhavar Sandhai ),Amaranthus,Amaranthus,Local,2026-09-20,1000.0,1500.0,1250.0
Tamil Nadu,Pudukkottai,Gandarvakottai(Uzhavar Sandhai ),Green Chilli,Green Chilly,Local,2026-09-20,5000.0,5500.0,5250.0
Tamil Nadu,Pudukkottai,Gandarvakottai(Uzhavar Sandhai ),Snakeguard,Snakeguard,Local,2026-09-20,2500.0,3000.0,2750.0
Tamil Nadu,Pudukkottai,Gandarvakottai(Uzhavar Sandhai ),Raddish,Raddish,Local,2026-09-20,2500.0,3000.0,2750.0
Tamil Nadu,Cuddalore,Panruti(Uzhavar Sandhai ),Brinjal,Round,Local,2026-09-20,4000.0,5000.0,4500.0
Tamil Nadu,Cuddalore,Panruti(Uzhavar Sandhai ),Cluster beans,Cluster Beans,Local,2026-09-20,3000.0,3000.0,3000.0
Tamil Nadu,Cuddalore,Panruti(Uzhavar Sandhai ),Pumpkin,Pumpkin,Local,2026-09-20,2000.0,2000.0,2000.0
Tamil Nadu,Cuddalore,Panruti(Uzhavar Sandhai ),Amaranthus,Amaranthus,Local,2026-09-20,2000.0,2000.0,2000.0
Tamil Nadu,Cuddalore,Panruti(Uzhavar Sandhai ),Banana - Green,Banana - Green,Local,2026-09-20,2500.0,2500.0,2500.0
Tamil Nadu,Cuddalore,Panruti(Uzhavar Sandhai ),Raddish,Raddish,Local,2026-09-20,2500.0,2500.0,2500.0
Tamil Nadu,Cuddalore,Panruti(Uzhavar Sandhai ),Onion Green,Onion Green,Local,2026-09-20,8000.0,8000.0,8000.0
Tamil Nadu,Cuddalore,Vadalur(Uzhavar Sandhai ),Onion,Bellary,Local,2026-09-20,5000.0,6000.0,5500.0
Tamil Nadu,Cuddalore,Vadalur(Uzhavar Sandhai ),Banana - Green,Banana - Green,Local,2026-09-20,4000.0,4000.0,4000.0
Tamil Nadu,Cuddalore,Vadalur(Uzhavar Sandhai ),Chow Chow,Chow Chow,Local,2026-09-20,3000.0,3000.0,3000.0
Tamil Nadu,Cuddalore,Vadalur(Uzhavar Sandhai ),Tender Coconut,Tender Coconut,Local,2026-09-20,2500.0,3000.0,2750.0
Tamil Nadu,Cuddalore,Vadalur(Uzhavar Sandhai ),Lemon,Lemon,Local,2026-09-20,15000.0,16000.0,15500.0
Tamil Nadu,Cuddalore,Vadalur(Uzhavar Sandhai ),Mint(Pudina),Mint(Pudina),Local,2026-09-20,5000.0,5000.0,5000.0
Tamil Nadu,Dharmapuri,AJattihalli(Uzhavar Sandhai ),Onion,Bellary,Local,2026-09-20,5500.0,6400.0,5950.0
Tamil Nadu,Dharmapuri,AJattihalli(Uzhavar Sandhai ),Cauliflower,Ranchi,Local,2026-09-20,3500.0,3500.0,3500.0
Tamil Nadu,Dharmapuri,AJattihalli(Uzhavar Sandhai ),Brinjal,Other,Local,2026-09-20,2000.0,2200.0,2100.0
Tamil Nadu,Dharmapuri,AJattihalli(Uzhavar Sandhai ),Coriander(Leaves),I Sort,Local,2026-09-20,4500.0,5000.0,4750.0
Tamil Nadu,Dharmapuri,AJattihalli(Uzhavar Sandhai ),Bitter gourd,Other,Local,2026-09-20,4000.0,4000.0,4000.0
Tamil Nadu,Dharmapuri,AJattihalli(Uzhavar Sandhai ),Bhindi(Ladies Finger),Bhindi,Local,2026-09-20,1600.0,1600.0,1600.0
Tamil Nadu,Dharmapuri,AJattihalli(Uzhavar Sandhai ),Amaranthus,Amaranthus,Local,2026-09-20,2500.0,3000.0,2750.0
Tamil Nadu,Dharmapuri,AJattihalli(Uzhavar Sandhai ),Drumstick,Drumstick,Local,2026-09-20,3000.0,3000.0,3000.0
Tamil Nadu,Thanjavur,Peravurani(Uzhavar Sandhai),Potato,Red Nanital,Local,2026-09-20,3000.0,3000.0,3000.0
Tamil Nadu,Thanjavur,Peravurani(Uzhavar Sandhai),Cluster beans,Cluster Beans,Local,2026-09-20,4000.0,4000.0,4000.0
Tamil Nadu,Thanjavur,Peravurani(Uzhavar Sandhai),Bhindi(Ladies Finger),Bhindi,Local,2026-09-20,4200.0,4200.0,4200.0
Tamil Nadu,Thanjavur,Peravurani(Uzhavar Sandhai),Green Avare(W),Green Avare (W),Local,2026-09-20,11000.0,11000.0,11000.0
Tamil Nadu,Thanjavur,Peravurani(Uzhavar Sandhai),Onion Green,Onion Green,Local,2026-09-20,9000.0,9000.0,9000.0
Tamil Nadu,Karur,Pallapatti (Uzhavar Sandhai ),Brinjal,Other,Local,2026-09-20,4000.0,6000.0,5000.0
Tamil Nadu,Karur,Pallapatti (Uzhavar Sandhai ),Bitter gourd,Other,Local,2026-09-20,5500.0,6000.0,5750.0
Tamil Nadu,Karur,Pallapatti (Uzhavar Sandhai ),Bottle gourd,Bottle Gourd,Local,2026-09-20,2000.0,2500.0,2250.0
Tamil Nadu,Karur,Pallapatti (Uzhavar Sandhai ),Banana - Green,Banana - Green,Local,2026-09-20,2500.0,3000.0,2750.0
Tamil Nadu,Karur,Pallapatti (Uzhavar Sandhai ),Snakeguard,Snakeguard,Local,2026-09-20,3500.0,4000.0,3750.0
Tamil Nadu,Karur,Pallapatti (Uzhavar Sandhai ),Lemon,Lemon,Local,2026-09-20,25000.0,28000.0,26500.0
Tamil Nadu,Karur,Velayuthampalayam(Uzhavar Sandhai ),Bitter gourd,Other,Local,2026-09-20,4500.0,5500.0,5000.0
Tamil Nadu,Karur,Velayuthampalayam(Uzhavar Sandhai ),Pumpkin,Pumpkin,Local,2026-09-20,2000.0,2500.0,2250.0
Tamil Nadu,Karur,Velayuthampalayam(Uzhavar Sandhai ),Green Chilli,Green Chilly,Local,2026-09-20,5200.0,6000.0,5600.0
Tamil Nadu,Karur,Velayuthampalayam(Uzhavar Sandhai ),Ginger(Green),Green Ginger,Local,2026-09-20,17000.0,19000.0,18000.0
Tamil Nadu,Karur,Velayuthampalayam(Uzhavar Sandhai ),Coconut,Coconut,Local,2026-09-20,5000.0,6000.0,5500.0
Tamil Nadu,Karur,Velayuthampalayam(Uzhavar Sandhai ),Ridgeguard(Tori),Ridgeguard(Tori),Local,2026-09-20,3800.0,4500.0,4150.0
Tamil Nadu,Karur,Velayuthampalayam(Uzhavar Sandhai ),Raddish,Raddish,Local,2026-09-20,2400.0,3000.0,2700.0
Tamil Nadu,Karur,Vengamedu(Uzhavar Sandhai ),Bhindi(Ladies Finger),Bhindi,Local,2026-09-20,3500.0,4000.0,3750.0
Tamil Nadu,Karur,Vengamedu(Uzhavar Sandhai ),Amaranthus,Amaranthus,Local,2026-09-20,2000.0,2500.0,2250.0
Tamil Nadu,Karur,Vengamedu(Uzhavar Sandhai ),Green Chilli,Green Chilly,Local,2026-09-20,5000.0,6000.0,5500.0
Tamil Nadu,Karur,Vengamedu(Uzhavar Sandhai ),Lemon,Lemon,Local,2026-09-20,29500.0,30000.0,29750.0
Tamil Nadu,Theni,Devaram(Uzhavar Sandhai ),Banana,Besrai,Local,2026-09-20,6000.0,6000.0,6000.0
Tamil Nadu,Theni,Devaram(Uzhavar Sandhai ),Onion,Bellary,Local,2026-09-20,6500.0,6500.0,6500.0
Tamil Nadu,Theni,Devaram(Uzhavar Sandhai ),Brinjal,Round,Local,2026-09-20,3000.0,3000.0,3000.0
Tamil Nadu,Theni,Devaram(Uzhavar Sandhai ),Cluster beans,Cluster Beans,Local,2026-09-20,3000.0,3000.0,3000.0
Tamil Nadu,Theni,Devaram(Uzhavar Sandhai ),Amaranthus,Amaranthus,Local,2026-09-20,2500.0,2500.0,2500.0
Tamil Nadu,Theni,Devaram(Uzhavar Sandhai ),Green Chilli,Green Chilly,Local,2026-09-20,5200.0,5200.0,5200.0
Tamil Nadu,Theni,Devaram(Uzhavar Sandhai ),Thondekai,Thondekai,Local,2026-09-20,3500.0,3500.0,3500.0
Tamil Nadu,Theni,Devaram(Uzhavar Sandhai ),Chow Chow,Chow Chow,Local,2026-09-20,3000.0,3000.0,3000.0
Tamil Nadu,Theni,Devaram(Uzhavar Sandhai ),Knool Khol,Knool Khol,Local,2026-09-20,3400.0,3400.0,3400.0
Tamil Nadu,Theni,Devaram(Uzhavar Sandhai ),Amla(Nelli Kai),Amla,Local,2026-09-20,6000.0,6000.0,6000.0
Tamil Nadu,Salem,Attayampatti(Uzhavar Sandhai ),Cluster beans,Cluster Beans,Local,2026-09-20,3500.0,3500.0,3500.0
Tamil Nadu,Salem,Attayampatti(Uzhavar Sandhai ),Banana - Green,Banana - Green,Local,2026-09-20,2400.0,2800.0,2600.0
Tamil Nadu,Salem,Attayampatti(Uzhavar Sandhai ),Raddish,Raddish,Local,2026-09-20,2600.0,3000.0,2800.0
Tamil Nadu,Salem,Attayampatti(Uzhavar Sandhai ),Onion Green,Onion Green,Local,2026-09-20,7500.0,8200.0,7850.0
Tamil Nadu,Sivaganga,Sivagangai (Uzhavar Sandhai ),Potato,Red Nanital,Local,2026-09-20,5200.0,5600.0,5400.0
Tamil Nadu,Sivaganga,Sivagangai (Uzhavar Sandhai ),Coriander(Leaves),I Sort,Local,2026-09-20,4600.0,5000.0,4800.0
Tamil Nadu,Sivaganga,Sivagangai (Uzhavar Sandhai ),Tomato,Deshi,Local,2026-09-20,2600.0,3000.0,2800.0
Tamil Nadu,Sivaganga,Sivagangai (Uzhavar Sandhai ),Beans,Beans (Whole),Local,2026-09-20,8500.0,9500.0,9000.0
Tamil Nadu,Sivaganga,Sivagangai (Uzhavar Sandhai ),Ginger(Green),Green Ginger,Local,2026-09-20,13000.0,20000.0,16500.0
Tamil Nadu,Sivaganga,Sivagangai (Uzhavar Sandhai ),Raddish,Raddish,Local,2026-09-20,2600.0,3000.0,2800.0
Tamil Nadu,Sivaganga,Sivagangai (Uzhavar Sandhai ),Lime,Lime,Local,2026-09-20,12000.0,13000.0,12500.0
Tamil Nadu,Sivaganga,Sivagangai (Uzhavar Sandhai ),Yam(Ratalu),Yam (Ratalu),Local,2026-09-20,6600.0,7200.0,6900.0
Tamil Nadu,Sivaganga,Sivagangai (Uzhavar Sandhai ),Lemon,Lemon,Local,2026-09-20,26000.0,28000.0,27000.0
Tamil Nadu,Sivaganga,Devakottai (Uzhavar Sandhai ),Papaya,Papaya,Local,2026-09-20,5000.0,5400.0,5200.0
Tamil Nadu,Sivaganga,Devakottai (Uzhavar Sandhai ),Tomato,Deshi,Local,2026-09-20,2600.0,3000.0,2800.0
Tamil Nadu,Sivaganga,Devakottai (Uzhavar Sandhai ),Bitter gourd,Bitter Gourd,Local,2026-09-20,5600.0,6000.0,5800.0
Tamil Nadu,Sivaganga,Devakottai (Uzhavar Sandhai ),Pumpkin,Pumpkin,Local,2026-09-20,2200.0,2400.0,2300.0
Tamil Nadu,Sivaganga,Devakottai (Uzhavar Sandhai ),Amaranthus,Amaranthus,Local,2026-09-20,3400.0,4000.0,3700.0
Tamil Nadu,Sivaganga,Devakottai (Uzhavar Sandhai ),Banana - Green,Banana - Green,Local,2026-09-20,2800.0,3000.0,2900.0
Tamil Nadu,Sivaganga,Devakottai (Uzhavar Sandhai ),Beans,Beans (Whole),Local,2026-09-20,8200.0,9400.0,8800.0
Tamil Nadu,Sivaganga,Devakottai (Uzhavar Sandhai ),Green Avare(W),Green Avare (W),Local,2026-09-20,8200.0,10400.0,9300.0
Tamil Nadu,Sivaganga,Devakottai (Uzhavar Sandhai ),Elephant Yam(Suran)/Amorphophallus,Elephant Yam (Suran),Local,2026-09-20,4400.0,5000.0,4700.0
Tamil Nadu,Sivaganga,Devakottai (Uzhavar Sandhai ),Yam(Ratalu),Yam (Ratalu),Local,2026-09-20,7000.0,7400.0,7200.0
Tamil Nadu,Sivaganga,Devakottai (Uzhavar Sandhai ),Mint(Pudina),Mint(Pudina),Local,2026-09-20,6200.0,6600.0,6400.0
Tamil Nadu,Salem,Edapadi (Uzhavar Sandhai ),Banana,Red Banana,Local,2026-09-20,7500.0,8000.0,7750.0
Tamil Nadu,Salem,Edapadi (Uzhavar Sandhai ),Onion,Bellary,Local,2026-09-20,6400.0,6800.0,6600.0
Tamil Nadu,Salem,Edapadi (Uzhavar Sandhai ),Potato,Other,Local,2026-09-20,4500.0,5000.0,4750.0
Tamil Nadu,Salem,Edapadi (Uzhavar Sandhai ),Cauliflower,Ranchi,Local,2026-09-20,2500.0,3000.0,2750.0
Tamil Nadu,Salem,Edapadi (Uzhavar Sandhai ),Pumpkin,Pumpkin,Local,2026-09-20,1800.0,2000.0,1900.0
Tamil Nadu,Salem,Edapadi (Uzhavar Sandhai ),Beans,Beans (Whole),Local,2026-09-20,7500.0,8000.0,7750.0
Tamil Nadu,Salem,Edapadi (Uzhavar Sandhai ),Tapioca,Tapioca,Local,2026-09-20,3000.0,3500.0,3250.0
Tamil Nadu,Salem,Edapadi (Uzhavar Sandhai ),Capsicum,Capsicum,Local,2026-09-20,5500.0,6000.0,5750.0
Tamil Nadu,Salem,Edapadi (Uzhavar Sandhai ),Chow Chow,Chow Chow,Local,2026-09-20,3500.0,4000.0,3750.0
Tamil Nadu,Salem,Edapadi (Uzhavar Sandhai ),Onion Green,Onion Green,Local,2026-09-20,7500.0,8000.0,7750.0
Tamil Nadu,Salem,Elampillai(Uzhavar Sandhai ),Groundnut,Big (With Shell),Local,2026-09-20,6500.0,7000.0,6750.0
Tamil Nadu,Salem,Elampillai(Uzhavar Sandhai ),Coriander(Leaves),I Sort,Local,2026-09-20,3500.0,4000.0,3750.0
Tamil Nadu,Salem,Elampillai(Uzhavar Sandhai ),Cluster beans,Cluster Beans,Local,2026-09-20,2500.0,3000.0,2750.0
Tamil Nadu,Salem,Elampillai(Uzhavar Sandhai ),Carrot,Pusakesar,Local,2026-09-20,5000.0,5500.0,5250.0
Tamil Nadu,Salem,Elampillai(Uzhavar Sandhai ),Snakeguard,Snakeguard,Local,2026-09-20,3400.0,3600.0,3500.0
Tamil Nadu,Salem,Elampillai(Uzhavar Sandhai ),Ridgeguard(Tori),Ridgeguard(Tori),Local,2026-09-20,3000.0,3500.0,3250.0
Tamil Nadu,Salem,Elampillai(Uzhavar Sandhai ),Raddish,Raddish,Local,2026-09-20,2000.0,2600.0,2300.0
Tamil Nadu,Salem,Elampillai(Uzhavar Sandhai ),Green Avare(W),Other,Local,2026-09-20,5000.0,6000.0,5500.0
Tamil Nadu,Salem,Elampillai(Uzhavar Sandhai ),Drumstick,Drumstick,Local,2026-09-20,3000.0,3500.0,3250.0
Tamil Nadu,Salem,Elampillai(Uzhavar Sandhai ),Knool Khol,Knool Khol,Local,2026-09-20,4000.0,4500.0,4250.0
Tamil Nadu,Salem,Hasthampatti(Uzhavar Sandhai ),Orange,Darjeeling,Local,2026-09-20,8000.0,10000.0,9000.0
Tamil Nadu,Salem,Hasthampatti(Uzhavar Sandhai ),Grapes,Annabesahai,Local,2026-09-20,8000.0,10000.0,9000.0
Tamil Nadu,Salem,Hasthampatti(Uzhavar Sandhai ),Onion,Bellary,Local,2026-09-20,6000.0,6500.0,6250.0
Tamil Nadu,Salem,Hasthampatti(Uzhavar Sandhai ),Cauliflower,Ranchi,Local,2026-09-20,2500.0,3000.0,2750.0
Tamil Nadu,Salem,Hasthampatti(Uzhavar Sandhai ),Mousambi(Sweet Lime),Mousambi,Local,2026-09-20,3000.0,3500.0,3250.0
Tamil Nadu,Salem,Hasthampatti(Uzhavar Sandhai ),Bitter gourd,Other,Local,2026-09-20,3500.0,4000.0,3750.0
Tamil Nadu,Salem,Hasthampatti(Uzhavar Sandhai ),Green Chilli,Green Chilly,Local,2026-09-20,4200.0,4400.0,4300.0
Tamil Nadu,Salem,Hasthampatti(Uzhavar Sandhai ),Cowpea(Veg),Cowpea (Veg),Local,2026-09-20,4000.0,4500.0,4250.0
Tamil Nadu,Salem,Hasthampatti(Uzhavar Sandhai ),Raddish,Raddish,Local,2026-09-20,2600.0,2800.0,2700.0
Tamil Nadu,Salem,Hasthampatti(Uzhavar Sandhai ),Drumstick,Drumstick,Local,2026-09-20,3500.0,4000.0,3750.0
Tamil Nadu,Salem,Hasthampatti(Uzhavar Sandhai ),Knool Khol,Knool Khol,Local,2026-09-20,4000.0,4600.0,4300.0
Tamil Nadu,Salem,Hasthampatti(Uzhavar Sandhai ),Elephant Yam(Suran)/Amorphophallus,Elephant Yam (Suran),Local,2026-09-20,3500.0,4000.0,3750.0
Tamil Nadu,Salem,Hasthampatti(Uzhavar Sandhai ),Amla(Nelli Kai),Amla,Local,2026-09-20,9000.0,10000.0,9500.0
Tamil Nadu,Salem,Hasthampatti(Uzhavar Sandhai ),Onion Green,Onion Green,Local,2026-09-20,7500.0,8000.0,7750.0
Tamil Nadu,Salem,Hasthampatti(Uzhavar Sandhai ),Mint(Pudina),Mint(Pudina),Local,2026-09-20,4000.0,4500.0,4250.0
Tamil Nadu,Salem,Jalagandapuram(Uzhavar Sandhai ),Brinjal,Round,Local,2026-09-20,3200.0,3600.0,3400.0
Tamil Nadu,Salem,Jalagandapuram(Uzhavar Sandhai ),Tomato,Other,Local,2026-09-20,2200.0,2600.0,2400.0
Tamil Nadu,Salem,Jalagandapuram(Uzhavar Sandhai ),Bottle gourd,Bottle Gourd,Local,2026-09-20,1500.0,2000.0,1750.0
Tamil Nadu,Salem,Jalagandapuram(Uzhavar Sandhai ),Pumpkin,Pumpkin,Local,2026-09-20,1800.0,2000.0,1900.0
Tamil Nadu,Salem,Jalagandapuram(Uzhavar Sandhai ),Sweet Potato,Hosur Red,Local,2026-09-20,4000.0,4500.0,4250.0
Tamil Nadu,Salem,Jalagandapuram(Uzhavar Sandhai ),Beetroot,Beetroot,Local,2026-09-20,5000.0,6000.0,5500.0
Tamil Nadu,Salem,Jalagandapuram(Uzhavar Sandhai ),Ridgeguard(Tori),Ridgeguard(Tori),Local,2026-09-20,3500.0,4000.0,3750.0
Tamil Nadu,Salem,Jalagandapuram(Uzhavar Sandhai ),Chow Chow,Chow Chow,Local,2026-09-20,3400.0,3800.0,3600.0
Tamil Nadu,Sivaganga,Singampunari(Uzhavar Sandhai ),Papaya,Papaya,Local,2026-09-20,4600.0,5000.0,4800.0
Tamil Nadu,Sivaganga,Karaikudi(Uzhavar Sandhai ),Banana,Poovan,Local,2026-09-20,3500.0,4000.0,3750.0
Tamil Nadu,Sivaganga,Karaikudi(Uzhavar Sandhai ),Potato,Red Nanital,Local,2026-09-20,4000.0,6000.0,5000.0
Tamil Nadu,Sivaganga,Karaikudi(Uzhavar Sandhai ),Bottle gourd,Bottle Gourd,Local,2026-09-20,2500.0,3000.0,2750.0
Tamil Nadu,Sivaganga,Tirupatthur(Uzhavar Sandhai ),Banana,Karpura,Local,2026-09-20,4000.0,4000.0,4000.0
Tamil Nadu,Sivaganga,Tirupatthur(Uzhavar Sandhai ),Ashgourd,Gouard,Local,2026-09-20,2000.0,2200.0,2100.0
Tamil Nadu,Sivaganga,Tirupatthur(Uzhavar Sandhai ),Pumpkin,Pumpkin,Local,2026-09-20,2000.0,2500.0,2250.0
Tamil Nadu,Sivaganga,Tirupatthur(Uzhavar Sandhai ),Bhindi(Ladies Finger),Bhindi,Local,2026-09-20,3200.0,3500.0,3350.0
Tamil Nadu,Sivaganga,Tirupatthur(Uzhavar Sandhai ),Green Chilli,Green Chilly,Local,2026-09-20,4000.0,4500.0,4250.0
Tamil Nadu,Sivaganga,Tirupatthur(Uzhavar Sandhai ),Snakeguard,Snakeguard,Local,2026-09-20,3500.0,4000.0,3750.0
Tamil Nadu,Sivaganga,Tirupatthur(Uzhavar Sandhai ),Raddish,Raddish,Local,2026-09-20,2800.0,3000.0,2900.0
Tamil Nadu,Sivaganga,Tirupatthur(Uzhavar Sandhai ),Guava,Guava Allahabad,Local,2026-09-20,6400.0,7500.0,6950.0
Tamil Nadu,Sivaganga,Tirupatthur(Uzhavar Sandhai ),Yam(Ratalu),Yam (Ratalu),Local,2026-09-20,7000.0,7500.0,7250.0
Tamil Nadu,Thanjavur,Pattukottai(Uzhavar Sandhai ),Tomato,Deshi,Local,2026-09-20,3400.0,3400.0,3400.0
Tamil Nadu,Thanjavur,Pattukottai(Uzhavar Sandhai ),Bhindi(Ladies Finger),Bhindi,Local,2026-09-20,4400.0,4400.0,4400.0
Tamil Nadu,Thanjavur,Pattukottai(Uzhavar Sandhai ),Banana - Green,Banana - Green,Local,2026-09-20,3000.0,3000.0,3000.0
Tamil Nadu,Thanjavur,Pattukottai(Uzhavar Sandhai ),Coconut,Coconut,Local,2026-09-20,5000.0,5000.0,5000.0
Tamil Nadu,Thanjavur,Pattukottai(Uzhavar Sandhai ),Raddish,Raddish,Local,2026-09-20,4400.0,4400.0,4400.0
Tamil Nadu,Thanjavur,Pattukottai(Uzhavar Sandhai ),Drumstick,Drumstick,Local,2026-09-20,4400.0,4400.0,4400.0
Tamil Nadu,Thanjavur,Pattukottai(Uzhavar Sandhai ),Mango(Raw-Ripe),Mango - Raw-Ripe,Local,2026-09-20,12600.0,12600.0,12600.0
Tamil Nadu,Thanjavur,Pattukottai(Uzhavar Sandhai ),Lime,Lime,Local,2026-09-20,4000.0,4000.0,4000.0
Tamil Nadu,Thanjavur,Pattukottai(Uzhavar Sandhai ),Yam(Ratalu),Yam (Ratalu),Local,2026-09-20,7000.0,7000.0,7000.0
Tamil Nadu,Thanjavur,Pattukottai(Uzhavar Sandhai ),Onion Green,Onion Green,Local,2026-09-20,9000.0,9000.0,9000.0
Tamil Nadu,Thanjavur,Pattukottai(Uzhavar Sandhai ),Mint(Pudina),Mint(Pudina),Local,2026-09-20,6800.0,6800.0,6800.0
Tamil Nadu,Thiruchirappalli,KKNagar(Uzhavar Sandhai ),Garlic,Garlic,Local,2026-09-20,26000.0,26000.0,26000.0
Tamil Nadu,Thiruchirappalli,KKNagar(Uzhavar Sandhai ),Bitter gourd,Other,Local,2026-09-20,5600.0,5600.0,5600.0
Tamil Nadu,Thiruchirappalli,KKNagar(Uzhavar Sandhai ),Cowpea(Veg),Cowpea (Veg),Local,2026-09-20,3000.0,3000.0,3000.0
Tamil Nadu,Thiruchirappalli,KKNagar(Uzhavar Sandhai ),Ginger(Green),Green Ginger,Local,2026-09-20,19000.0,19000.0,19000.0
Tamil Nadu,Thiruchirappalli,KKNagar(Uzhavar Sandhai ),Sweet Potato,Hosur Red,Local,2026-09-20,6000.0,6000.0,6000.0
Tamil Nadu,Thiruchirappalli,KKNagar(Uzhavar Sandhai ),Cucumbar(Kheera),Cucumbar,Local,2026-09-20,6000.0,6000.0,6000.0
Tamil Nadu,Thiruchirappalli,KKNagar(Uzhavar Sandhai ),Raddish,Raddish,Local,2026-09-20,3600.0,3600.0,3600.0
Tamil Nadu,Thiruchirappalli,KKNagar(Uzhavar Sandhai ),Thondekai,Thondekai,Local,2026-09-20,6000.0,6000.0,6000.0
Tamil Nadu,Thiruchirappalli,KKNagar(Uzhavar Sandhai ),Knool Khol,Knool Khol,Local,2026-09-20,4000.0,4000.0,4000.0
Tamil Nadu,Thiruchirappalli,KKNagar(Uzhavar Sandhai ),Pomegranate,Pomogranate,Local,2026-09-20,22000.0,22000.0,22000.0
Tamil Nadu,Thiruchirappalli,KKNagar(Uzhavar Sandhai ),Mashrooms,Mashrooms,Local,2026-09-20,22000.0,22000.0,22000.0
Tamil Nadu,Thiruchirappalli,KKNagar(Uzhavar Sandhai ),Amla(Nelli Kai),Amla,Local,2026-09-20,14000.0,14000.0,14000.0
Tamil Nadu,Thiruchirappalli,KKNagar(Uzhavar Sandhai ),Mint(Pudina),Mint(Pudina),Local,2026-09-20,6600.0,6600.0,6600.0
Tamil Nadu,Thiruchirappalli,Lalgudi(Uzhavar Sandhai ),Potato,Other,Local,2026-09-20,5000.0,5000.0,5000.0
Tamil Nadu,Thiruchirappalli,Lalgudi(Uzhavar Sandhai ),Brinjal,Other,Local,2026-09-20,5000.0,5000.0,5000.0
Tamil Nadu,Thiruchirappalli,Lalgudi(Uzhavar Sandhai ),Thondekai,Thondekai,Local,2026-09-20,5000.0,5000.0,5000.0
Tamil Nadu,Thiruchirappalli,Lalgudi(Uzhavar Sandhai ),Chow Chow,Chow Chow,Local,2026-09-20,4000.0,4000.0,4000.0
Tamil Nadu,Thiruchirappalli,Lalgudi(Uzhavar Sandhai ),Mint(Pudina),Mint(Pudina),Local,2026-09-20,6600.0,6600.0,6600.0
Tamil Nadu,Thiruchirappalli,Manachanallur(Uzhavar Sandhai ),Banana,Karpura,Local,2026-09-20,5000.0,6000.0,5500.0
Tamil Nadu,Thiruchirappalli,Manachanallur(Uzhavar Sandhai ),Coriander(Leaves),I Sort,Local,2026-09-20,3000.0,3500.0,3250.0
Tamil Nadu,Thiruchirappalli,Manachanallur(Uzhavar Sandhai ),Ashgourd,Gouard,Local,2026-09-20,1600.0,2000.0,1800.0
Tamil Nadu,Thiruchirappalli,Manachanallur(Uzhavar Sandhai ),Beans,Beans (Whole),Local,2026-09-20,7500.0,8500.0,8000.0
Tamil Nadu,Thiruchirappalli,Manachanallur(Uzhavar Sandhai ),Coconut,Coconut,Local,2026-09-20,5800.0,6500.0,6150.0
Tamil Nadu,Thiruchirappalli,Manachanallur(Uzhavar Sandhai ),Sweet Potato,Hosur Red,Local,2026-09-20,4500.0,5000.0,4750.0
Tamil Nadu,Thiruchirappalli,Manapparai(Uzhavar Sandhai ),Garlic,Garlic,Local,2026-09-20,25000.0,25000.0,25000.0
Tamil Nadu,Thiruchirappalli,Manapparai(Uzhavar Sandhai ),Tomato,Other,Local,2026-09-20,2600.0,2600.0,2600.0
Tamil Nadu,Thiruchirappalli,Manapparai(Uzhavar Sandhai ),Pumpkin,Pumpkin,Local,2026-09-20,2000.0,2000.0,2000.0
Tamil Nadu,Thiruchirappalli,Manapparai(Uzhavar Sandhai ),Snakeguard,Snakeguard,Local,2026-09-20,3600.0,4000.0,3800.0
Tamil Nadu,Thiruchirappalli,Manapparai(Uzhavar Sandhai ),Raddish,Raddish,Local,2026-09-20,3000.0,3600.0,3300.0
Tamil Nadu,Thiruchirappalli,Musiri(Uzhavar Sandhai ),Cauliflower,Ranchi,Local,2026-09-20,3000.0,3500.0,3250.0
Tamil Nadu,Thiruchirappalli,Musiri(Uzhavar Sandhai ),Betal Leaves,Mysore,Local,2026-09-20,7000.0,8000.0,7500.0
Tamil Nadu,Thiruchirappalli,Musiri(Uzhavar Sandhai ),Cabbage,Cabbage,Local,2026-09-20,2600.0,3000.0,2800.0
Tamil Nadu,Thiruchirappalli,Musiri(Uzhavar Sandhai ),Chow Chow,Chow Chow,Local,2026-09-20,3500.0,4000.0,3750.0
Tamil Nadu,Thiruchirappalli,Musiri(Uzhavar Sandhai ),Lemon,Lemon,Local,2026-09-20,19000.0,21000.0,20000.0
Tamil Nadu,Thiruchirappalli,Musiri(Uzhavar Sandhai ),Onion Green,Onion Green,Local,2026-09-20,5000.0,8000.0,6500.0
Tamil Nadu,Thiruchirappalli,Musiri(Uzhavar Sandhai ),Mint(Pudina),Mint(Pudina),Local,2026-09-20,6000.0,6600.0,6300.0
Tamil Nadu,Thiruchirappalli,Thiruverumbur(Uzhavar Sandhai ),Cluster beans,Cluster Beans,Local,2026-09-20,3600.0,3600.0,3600.0
Tamil Nadu,Thiruchirappalli,Thiruverumbur(Uzhavar Sandhai ),Cabbage,Cabbage,Local,2026-09-20,3000.0,3000.0,3000.0
Tamil Nadu,Virudhunagar,Rajapalayam(Uzhavar Sandhai ),Onion,Bellary,Local,2026-09-20,6000.0,7000.0,6500.0
Tamil Nadu,Virudhunagar,Rajapalayam(Uzhavar Sandhai ),Bitter gourd,Bitter Gourd,Local,2026-09-20,8000.0,9000.0,8500.0
Tamil Nadu,Virudhunagar,Rajapalayam(Uzhavar Sandhai ),Bottle gourd,Bottle Gourd,Local,2026-09-20,1500.0,2000.0,1750.0
Tamil Nadu,Virudhunagar,Rajapalayam(Uzhavar Sandhai ),Ashgourd,Gouard,Local,2026-09-20,2500.0,3000.0,2750.0
Tamil Nadu,Virudhunagar,Rajapalayam(Uzhavar Sandhai ),Beans,Beans (Whole),Local,2026-09-20,8000.0,10000.0,9000.0
Tamil Nadu,Virudhunagar,Rajapalayam(Uzhavar Sandhai ),Carrot,Pusakesar,Local,2026-09-20,4000.0,4500.0,4250.0
Tamil Nadu,Virudhunagar,Rajapalayam(Uzhavar Sandhai ),Drumstick,Drumstick,Local,2026-09-20,5000.0,6000.0,5500.0
Tamil Nadu,Virudhunagar,Rajapalayam(Uzhavar Sandhai ),Lime,Lime,Local,2026-09-20,18000.0,20000.0,19000.0
Tamil Nadu,Virudhunagar,Sathur(Uzhavar Sandhai ),Potato,Red Nanital,Local,2026-09-20,3500.0,4000.0,3750.0
Tamil Nadu,Virudhunagar,Sathur(Uzhavar Sandhai ),Coriander(Leaves),I Sort,Local,2026-09-20,4500.0,5000.0,4750.0
Tamil Nadu,Virudhunagar,Sathur(Uzhavar Sandhai ),Bottle gourd,Bottle Gourd,Local,2026-09-20,1800.0,2000.0,1900.0
Tamil Nadu,Virudhunagar,Sathur(Uzhavar Sandhai ),Green Chilli,Green Chilly,Local,2026-09-20,5500.0,6000.0,5750.0
Tamil Nadu,Virudhunagar,Sathur(Uzhavar Sandhai ),Snakeguard,Snakeguard,Local,2026-09-20,2500.0,3000.0,2750.0
Tamil Nadu,Virudhunagar,Sathur(Uzhavar Sandhai ),Beetroot,Beetroot,Local,2026-09-20,3500.0,4000.0,3750.0
Tamil Nadu,Virudhunagar,Thalavaipuram(Uzhavar Sandhai ),Soyabean,Local,Local,2026-09-20,10000.0,12000.0,11000.0
Tamil Nadu,Virudhunagar,Thalavaipuram(Uzhavar Sandhai ),Tomato,Deshi,Local,2026-09-20,1600.0,2000.0,1800.0
Tamil Nadu,Virudhunagar,Thalavaipuram(Uzhavar Sandhai ),Green Chilli,Green Chilly,Local,2026-09-20,5200.0,6500.0,5850.0
Tamil Nadu,Virudhunagar,Thalavaipuram(Uzhavar Sandhai ),Banana - Green,Banana - Green,Local,2026-09-20,2800.0,3500.0,3150.0
Tamil Nadu,Virudhunagar,Thalavaipuram(Uzhavar Sandhai ),Beans,Beans (Whole),Local,2026-09-20,8000.0,10000.0,9000.0
Tamil Nadu,Virudhunagar,Thalavaipuram(Uzhavar Sandhai ),Ridgeguard(Tori),Ridgeguard(Tori),Local,2026-09-20,3200.0,4000.0,3600.0
Tamil Nadu,Virudhunagar,Thalavaipuram(Uzhavar Sandhai ),Drumstick,Drumstick,Local,2026-09-20,5000.0,6000.0,5500.0
Tamil Nadu,Virudhunagar,Thalavaipuram(Uzhavar Sandhai ),Guava,Guava Allahabad,Local,2026-09-20,3200.0,4000.0,3600.0
Tamil Nadu,Virudhunagar,Virudhunagar(Uzhavar Sandhai ),Banana - Green,Banana - Green,Local,2026-09-20,3100.0,3200.0,3150.0
Tamil Nadu,Virudhunagar,Virudhunagar(Uzhavar Sandhai ),Coconut,Coconut,Local,2026-09-20,5400.0,5500.0,5450.0
Tamil Nadu,Virudhunagar,Virudhunagar(Uzhavar Sandhai ),Green Avare(W),Green Avare (W),Local,2026-09-20,6300.0,6400.0,6350.0
Tamil Nadu,Chengalpattu,Medavakkam(Uzhavar Sandhai ),Brinjal,Round,Local,2026-09-20,5000.0,6000.0,5500.0
Tamil Nadu,Chengalpattu,Medavakkam(Uzhavar Sandhai ),Papaya,Papaya,Local,2026-09-20,4000.0,4000.0,4000.0
Tamil Nadu,Chengalpattu,Medavakkam(Uzhavar Sandhai ),Green Chilli,Green Chilly,Local,2026-09-20,6000.0,6000.0,6000.0
Tamil Nadu,Chengalpattu,Medavakkam(Uzhavar Sandhai ),Ginger(Green),Green Ginger,Local,2026-09-20,10000.0,20000.0,15000.0
Tamil Nadu,Chengalpattu,Medavakkam(Uzhavar Sandhai ),Rose(Local),Rose (Local),Local,2026-09-20,15000.0,15000.0,15000.0
Tamil Nadu,Chengalpattu,Pallavaram(Uzhavar Sandhai ),Groundnut,Big (With Shell),Local,2026-09-20,8000.0,9000.0,8500.0
Tamil Nadu,Chengalpattu,Pallavaram(Uzhavar Sandhai ),Onion,Bellary,Local,2026-09-20,5000.0,6000.0,5500.0
Tamil Nadu,Chengalpattu,Pallavaram(Uzhavar Sandhai ),Potato,Red Nanital,Local,2026-09-20,2500.0,3000.0,2750.0
Tamil Nadu,Chengalpattu,Pallavaram(Uzhavar Sandhai ),Tomato,Deshi,Local,2026-09-20,2000.0,2500.0,2250.0
Tamil Nadu,Chengalpattu,Pallavaram(Uzhavar Sandhai ),Bhindi(Ladies Finger),Bhindi,Local,2026-09-20,3500.0,4000.0,3750.0
Tamil Nadu,Chengalpattu,Pallavaram(Uzhavar Sandhai ),Cowpea(Veg),Cowpea (Veg),Local,2026-09-20,6000.0,7000.0,6500.0
Tamil Nadu,Chengalpattu,Pallavaram(Uzhavar Sandhai ),Banana - Green,Banana - Green,Local,2026-09-20,3500.0,4000.0,3750.0
Tamil Nadu,Chengalpattu,Pallavaram(Uzhavar Sandhai ),Tapioca,Tapioca,Local,2026-09-20,3500.0,4000.0,3750.0
Tamil Nadu,Chengalpattu,Pallavaram(Uzhavar Sandhai ),Coconut,Coconut,Local,2026-09-20,6000.0,7000.0,6500.0
Tamil Nadu,Chengalpattu,Pallavaram(Uzhavar Sandhai ),Sweet Potato,Hosur Red,Local,2026-09-20,5000.0,6000.0,5500.0
Tamil Nadu,Chengalpattu,Pallavaram(Uzhavar Sandhai ),Raddish,Raddish,Local,2026-09-20,3500.0,4000.0,3750.0
Tamil Nadu,Chengalpattu,Pallavaram(Uzhavar Sandhai ),Green Avare(W),Green Avare (W),Local,2026-09-20,6000.0,7000.0,6500.0
Tamil Nadu,Chengalpattu,Pallavaram(Uzhavar Sandhai ),Indian Beans(Seam),Indian Beans (Seam),Local,2026-09-20,7000.0,8000.0,7500.0
Tamil Nadu,Chengalpattu,Pallavaram(Uzhavar Sandhai ),Colacasia,Colacasia,Local,2026-09-20,4000.0,5000.0,4500.0
Tamil Nadu,Chengalpattu,Pallavaram(Uzhavar Sandhai ),Onion Green,Onion Green,Local,2026-09-20,10000.0,11000.0,10500.0
Tamil Nadu,Nagercoil (Kannyiakumari),Myladi(Uzhavar Sandhai ),Cluster beans,Cluster Beans,Local,2026-09-20,3500.0,4000.0,3750.0
Tamil Nadu,Nagercoil (Kannyiakumari),Myladi(Uzhavar Sandhai ),Bitter gourd,Bitter Gourd,Local,2026-09-20,5500.0,6000.0,5750.0
Tamil Nadu,Nagercoil (Kannyiakumari),Myladi(Uzhavar Sandhai ),Pumpkin,Pumpkin,Local,2026-09-20,1500.0,1800.0,1650.0
Tamil Nadu,Nagercoil (Kannyiakumari),Myladi(Uzhavar Sandhai ),Beans,Beans (Whole),Local,2026-09-20,10000.0,11000.0,10500.0
Tamil Nadu,Nagercoil (Kannyiakumari),Myladi(Uzhavar Sandhai ),Ginger(Green),Green Ginger,Local,2026-09-20,17500.0,18000.0,17750.0
Tamil Nadu,Nagercoil (Kannyiakumari),Myladi(Uzhavar Sandhai ),Beetroot,Beetroot,Local,2026-09-20,5000.0,5500.0,5250.0
Tamil Nadu,Nagercoil (Kannyiakumari),Myladi(Uzhavar Sandhai ),Onion Green,Onion Green,Local,2026-09-20,8500.0,9000.0,8750.0
Tamil Nadu,Chengalpattu,Jameenrayapettai(Uzhavar Sandhai ),Groundnut,Big (With Shell),Local,2026-09-20,9000.0,10000.0,9500.0
Tamil Nadu,Chengalpattu,Jameenrayapettai(Uzhavar Sandhai ),Banana,Red Banana,Local,2026-09-20,7000.0,8000.0,7500.0
Tamil Nadu,Chengalpattu,Jameenrayapettai(Uzhavar Sandhai ),Papaya,Papaya,Local,2026-09-20,4000.0,5000.0,4500.0
Tamil Nadu,Chengalpattu,Jameenrayapettai(Uzhavar Sandhai ),Bottle gourd,Bottle Gourd,Local,2026-09-20,3500.0,4000.0,3750.0
Tamil Nadu,Chengalpattu,Jameenrayapettai(Uzhavar Sandhai ),Pumpkin,Pumpkin,Local,2026-09-20,2500.0,3000.0,2750.0
Tamil Nadu,Chengalpattu,Jameenrayapettai(Uzhavar Sandhai ),Green Chilli,Green Chilly,Local,2026-09-20,4000.0,5000.0,4500.0
Tamil Nadu,Chengalpattu,Jameenrayapettai(Uzhavar Sandhai ),Banana - Green,Banana - Green,Local,2026-09-20,3500.0,4000.0,3750.0
Tamil Nadu,Chengalpattu,Jameenrayapettai(Uzhavar Sandhai ),Ginger(Green),Green Ginger,Local,2026-09-20,16000.0,18000.0,17000.0
Tamil Nadu,Chengalpattu,Jameenrayapettai(Uzhavar Sandhai ),Coconut,Coconut,Local,2026-09-20,5000.0,6000.0,5500.0
Tamil Nadu,Chengalpattu,Jameenrayapettai(Uzhavar Sandhai ),Beetroot,Beetroot,Local,2026-09-20,3500.0,4000.0,3750.0
Tamil Nadu,Chengalpattu,Jameenrayapettai(Uzhavar Sandhai ),Ridgeguard(Tori),Ridgeguard(Tori),Local,2026-09-20,6000.0,7000.0,6500.0
Tamil Nadu,Chengalpattu,Jameenrayapettai(Uzhavar Sandhai ),Thondekai,Thondekai,Local,2026-09-20,4000.0,5000.0,4500.0
Tamil Nadu,Chengalpattu,Jameenrayapettai(Uzhavar Sandhai ),Drumstick,Drumstick,Local,2026-09-20,5000.0,6000.0,5500.0
Tamil Nadu,Chengalpattu,Jameenrayapettai(Uzhavar Sandhai ),Pomegranate,Pomogranate,Local,2026-09-20,10000.0,12000.0,11000.0
Tamil Nadu,Chengalpattu,Jameenrayapettai(Uzhavar Sandhai ),Colacasia,Colacasia,Local,2026-09-20,3500.0,4000.0,3750.0
Tamil Nadu,Chengalpattu,Jameenrayapettai(Uzhavar Sandhai ),Onion Green,Onion Green,Local,2026-09-20,10000.0,11000.0,10500.0
Tamil Nadu,Chengalpattu,Jameenrayapettai(Uzhavar Sandhai ),Rose(Local),Rose (Local),Local,2026-09-20,10000.0,11000.0,10500.0
Tamil Nadu,Chengalpattu,Jameenrayapettai(Uzhavar Sandhai ),Sweet Corn,Sweet Corn,Local,2026-09-20,4000.0,5000.0,4500.0
Karnataka,Koppal,Kustagi APMC,Green Gram(Moong)(Whole),Local,FAQ,2026-09-20,8600.0,8600.0,8600.0
Karnataka,Koppal,Kustagi APMC,Sunflower/Sunflower Seed,Hybrid,FAQ,2026-09-20,7500.0,7500.0,7500.0
Maharashtra,Chattrapati Sambhajinagar,APMC Chattrapati Sambhajinagar,Ginger(Green),Other,Local,2026-09-20,5000.0,11000.0,8000.0
Maharashtra,Chattrapati Sambhajinagar,APMC Chattrapati Sambhajinagar,Bhindi(Ladies Finger),Other,Local,2026-09-20,1500.0,2000.0,1750.0
Maharashtra,Chattrapati Sambhajinagar,APMC Chattrapati Sambhajinagar,Onion,Other,Local,2026-09-20,2500.0,4700.0,3600.0
Maharashtra,Jalgaon,APMC Bhusaval,Cauliflower,Other,Local,2026-09-20,1000.0,2000.0,1800.0
Maharashtra,Jalgaon,APMC Bhusaval,Cucumbar(Kheera),Other,Local,2026-09-20,1000.0,1500.0,1200.0
Maharashtra,Jalgaon,APMC Bhusaval,Garlic,Other,Local,2026-09-20,8000.0,8000.0,8000.0
Maharashtra,Jalgaon,APMC Bhusaval,Spinach,Other,Local,2026-09-20,1500.0,2000.0,2000.0
Tamil Nadu,Villupuram,Tindivanam APMC,Groundnut,Big (With Shell),Local,2026-09-20,7000.0,7000.0,7000.0
Tamil Nadu,Villupuram,Tindivanam APMC,Banana,Besrai,Local,2026-09-20,5000.0,6000.0,5500.0
Tamil Nadu,Villupuram,Tindivanam APMC,Papaya,Papaya,Local,2026-09-20,4000.0,4000.0,4000.0
Tamil Nadu,Villupuram,Tindivanam APMC,Bitter gourd,Bitter Gourd,Local,2026-09-20,5000.0,6000.0,5500.0
Tamil Nadu,Villupuram,Tindivanam APMC,Bottle gourd,Bottle Gourd,Local,2026-09-20,2000.0,2000.0,2000.0
Tamil Nadu,Villupuram,Tindivanam APMC,Rose(Local),Rose (Local),Local,2026-09-20,20000.0,20000.0,20000.0
Tamil Nadu,Villupuram,Ulundurpettai APMC,Snakeguard,Snakeguard,Local,2026-09-20,4000.0,4000.0,4000.0
Tamil Nadu,Villupuram,Ulundurpettai APMC,Thondekai,Thondekai,Local,2026-09-20,5000.0,5000.0,5000.0
Tamil Nadu,Villupuram,Ulundurpettai APMC,Mint(Pudina),Mint(Pudina),Local,2026-09-20,3000.0,3000.0,3000.0
Uttar Pradesh,Etah,Etah APMC,Maize,Other,FAQ,2026-09-20,2000.0,2000.0,2000.0
Uttar Pradesh,Mirzapur,Ahirora APMC,Green Chilli,Other,FAQ,2026-09-20,3200.0,3200.0,3200.0
Maharashtra,Kolhapur,APMC Kolhapur,Cauliflower,Other,Local,2026-09-20,500.0,1000.0,750.0
Maharashtra,Kolhapur,APMC Kolhapur,Tomato,Other,Local,2026-09-20,500.0,1500.0,1000.0
Uttar Pradesh,Kasganj,Kasganj APMC,Paddy(Common),Other,FAQ,2026-09-20,3550.0,3550.0,3550.0
Madhya Pradesh,Bhind,Alampur APMC,Bengal Gram(Gram)(Whole),Gram,Non-FAQ,2026-09-20,6100.0,6150.0,6150.0
Uttar Pradesh,Hamirpur,Maudaha APMC,Wheat,Deshi,FAQ,2026-09-20,2500.0,2500.0,2500.0
Uttar Pradesh,Hamirpur,Maudaha APMC,Mustard,Other,FAQ,2026-09-20,7000.0,7000.0,7000.0
Gujarat,Amreli,Damnagar APMC,Coriander(Leaves),Coriander,Local,2026-09-20,4500.0,4500.0,4500.0
Gujarat,Amreli,Damnagar APMC,Cauliflower,Cauliflower,Local,2026-09-20,3500.0,3500.0,3500.0
Gujarat,Rajkot,Gondal(Veg.market Gondal) APMC,Grapes,Green,Local,2026-09-20,30000.0,37500.0,33750.0
Gujarat,Rajkot,Gondal(Veg.market Gondal) APMC,Banana,Banana - Ripe,Local,2026-09-20,1600.0,2800.0,2200.0
Gujarat,Rajkot,Gondal(Veg.market Gondal) APMC,Orange,Orange,Local,2026-09-20,8000.0,10000.0,9000.0
Gujarat,Rajkot,Gondal(Veg.market Gondal) APMC,Bhindi(Ladies Finger),Bhindi,Local,2026-09-20,1000.0,3000.0,2000.0
Gujarat,Rajkot,Gondal(Veg.market Gondal) APMC,Potato,Potato,Local,2026-09-20,800.0,1300.0,1050.0
Tamil Nadu,Madurai,Chokkikulam(Uzhavar Sandhai ),Apple,American,Local,2026-09-20,18000.0,27000.0,22500.0
Tamil Nadu,Madurai,Chokkikulam(Uzhavar Sandhai ),Pineapple,Pine Apple,Local,2026-09-20,6000.0,7000.0,6500.0
Tamil Nadu,Madurai,Chokkikulam(Uzhavar Sandhai ),Grapes,Annabesahai,Local,2026-09-20,11000.0,12000.0,11500.0
Tamil Nadu,Madurai,Chokkikulam(Uzhavar Sandhai ),Cauliflower,Ranchi,Local,2026-09-20,2500.0,3000.0,2750.0
Tamil Nadu,Madurai,Chokkikulam(Uzhavar Sandhai ),Green Peas,Green Peas,Local,2026-09-20,12000.0,14000.0,13000.0
Tamil Nadu,Madurai,Chokkikulam(Uzhavar Sandhai ),Cluster beans,Cluster Beans,Local,2026-09-20,3600.0,4000.0,3800.0
Tamil Nadu,Madurai,Chokkikulam(Uzhavar Sandhai ),Bottle gourd,Bottle Gourd,Local,2026-09-20,2000.0,2600.0,2300.0
Tamil Nadu,Madurai,Chokkikulam(Uzhavar Sandhai ),Banana - Green,Banana - Green,Local,2026-09-20,2000.0,2400.0,2200.0
Tamil Nadu,Madurai,Chokkikulam(Uzhavar Sandhai ),Coconut,Coconut,Local,2026-09-20,6800.0,7000.0,6900.0
Tamil Nadu,Madurai,Chokkikulam(Uzhavar Sandhai ),Beetroot,Beetroot,Local,2026-09-20,4000.0,5000.0,4500.0
Tamil Nadu,Madurai,Chokkikulam(Uzhavar Sandhai ),Cucumbar(Kheera),Cucumbar,Local,2026-09-20,4000.0,5000.0,4500.0
Tamil Nadu,Madurai,Chokkikulam(Uzhavar Sandhai ),Mashrooms,Mashrooms,Local,2026-09-20,30000.0,35000.0,32500.0
Tamil Nadu,Madurai,Chokkikulam(Uzhavar Sandhai ),Mint(Pudina),Mint(Pudina),Local,2026-09-20,5500.0,6000.0,5750.0
Karnataka,Vijayanagara,H.B. Halli APMC,Bajra(Pearl Millet/Cumbu),Hybrid,FAQ,2026-09-20,2300.0,2300.0,2300.0
Uttar Pradesh,Sambhal,Sambhal APMC,Paddy(Common),Other,FAQ,2026-09-20,2700.0,3200.0,3035.95
Uttar Pradesh,Ghaziabad,Noida APMC,Onion,Other,FAQ,2026-09-20,4000.0,4000.0,4000.0
Uttar Pradesh,Ghaziabad,Noida APMC,Potato,Other,FAQ,2026-09-20,1000.0,1000.0,1000.0
Uttar Pradesh,Ghaziabad,Noida APMC,Tomato,Other,FAQ,2026-09-20,2500.0,4000.0,2567.9
Andhra Pradesh,Palnadu,Krosuru APMC,Paddy(Common),B P T,FAQ,2026-09-20,2200.0,2600.0,2400.0
Andhra Pradesh,Prakasam,Addanki APMC,Bengal Gram(Gram)(Whole),Gulabi,Local,2026-09-20,6000.0,6100.0,6050.0
Uttar Pradesh,Rampur,Tanda(Rampur) APMC,Firewood,Firewood,FAQ,2026-09-20,630.0,630.0,630.0
Uttar Pradesh,Kanpur,Kanpur(Grain) APMC,Potato,Other,FAQ,2026-09-20,550.0,550.0,550.0
Uttar Pradesh,Kanpur,Kanpur(Grain) APMC,Wheat,Dara,FAQ,2026-09-20,2610.0,2630.0,2622.54
Uttar Pradesh,Lakhimpur,Lakhimpur APMC,dried mango,Other,FAQ,2026-09-20,7650.0,7650.0,7650.0
Uttar Pradesh,Sambhal,Muradabad APMC,Wood,Other,FAQ,2026-09-20,500.0,500.0,500.0
Uttar Pradesh,Sambhal,Muradabad APMC,Wheat,Other,FAQ,2026-09-20,2520.0,2520.0,2520.0
Uttar Pradesh,Varanasi,Varanasi APMC,Green Chilli,Other,FAQ,2026-09-20,1500.0,1500.0,1500.0
West Bengal,Bankura,Bankura Sadar APMC,Paddy(Common),Common,FAQ,2026-09-20,2000.0,2400.0,2369.0
Uttarakhand,Haridwar,Roorkee APMC,Tomato,Other,Medium,2026-09-20,1200.0,2200.0,1600.0
Maharashtra,Pune,Pune(Moshi),Seetapal,Other,Local,2026-09-20,5000.0,5000.0,5000.0
Maharashtra,Pune,Pune(Moshi),Cauliflower,Other,Local,2026-09-20,1000.0,2000.0,1500.0
Maharashtra,Pune,Pune(Moshi),Beans,Other,Local,2026-09-20,3000.0,4000.0,3500.0
Maharashtra,Pune,Pune(Moshi),Onion Green,Other,Local,2026-09-20,15.0,15.0,15.0
Maharashtra,Pune,Pune(Moshi),Little gourd(Kundru),Other,Local,2026-09-20,3500.0,3500.0,3500.0
Maharashtra,Pune,Pune(Moshi),Green Chilli,Other,Local,2026-09-20,3000.0,4000.0,3500.0
Maharashtra,Pune,Pune(Moshi),Pomegranate,Other,Local,2026-09-20,7000.0,10000.0,8500.0
Maharashtra,Pune,Pune(Moshi),Papaya,Other,Local,2026-09-20,3000.0,3000.0,3000.0
Maharashtra,Raigad,APMC Alibagh,Rice,Other,Local,2026-09-20,4000.0,4500.0,4250.0
Maharashtra,Nagpur,APMC Kalmeshwar,Bhindi(Ladies Finger),Other,Local,2026-09-20,2000.0,2500.0,2350.0
Maharashtra,Nagpur,APMC Kalmeshwar,Cucumbar(Kheera),Other,Local,2026-09-20,1000.0,1500.0,1300.0
Maharashtra,Nagpur,APMC Kalmeshwar,Cabbage,Other,Local,2026-09-20,1050.0,1500.0,1315.0
Tamil Nadu,Erode,Thalavadi(Uzhavar Sandhai ),Bitter gourd,Other,Local,2026-09-20,4500.0,5000.0,4750.0
Tamil Nadu,Erode,Thalavadi(Uzhavar Sandhai ),Tapioca,Tapioca,Local,2026-09-20,2500.0,3000.0,2750.0
Tamil Nadu,Erode,Thalavadi(Uzhavar Sandhai ),Ginger(Green),Green Ginger,Local,2026-09-20,13000.0,14000.0,13500.0
Tamil Nadu,Erode,Thalavadi(Uzhavar Sandhai ),Beetroot,Beetroot,Local,2026-09-20,3000.0,3500.0,3250.0
Tamil Nadu,Erode,Thalavadi(Uzhavar Sandhai ),Thondekai,Thondekai,Local,2026-09-20,2600.0,3000.0,2800.0
Tamil Nadu,Erode,Thalavadi(Uzhavar Sandhai ),Lemon,Lemon,Local,2026-09-20,10000.0,11000.0,10500.0
Tamil Nadu,Erode,Thalavadi(Uzhavar Sandhai ),Onion Green,Onion Green,Local,2026-09-20,6500.0,7000.0,6750.0
Tamil Nadu,Cuddalore,Viruthachalam(Uzhavar Sandhai ),Onion,Bellary,Local,2026-09-20,5500.0,5500.0,5500.0
Tamil Nadu,Cuddalore,Viruthachalam(Uzhavar Sandhai ),Coriander(Leaves),I Sort,Local,2026-09-20,5000.0,5000.0,5000.0
Tamil Nadu,Cuddalore,Viruthachalam(Uzhavar Sandhai ),Tomato,Deshi,Local,2026-09-20,3000.0,3000.0,3000.0
Tamil Nadu,Cuddalore,Viruthachalam(Uzhavar Sandhai ),Pumpkin,Pumpkin,Local,2026-09-20,2000.0,2000.0,2000.0
Tamil Nadu,Cuddalore,Viruthachalam(Uzhavar Sandhai ),Beans,Beans (Whole),Local,2026-09-20,10000.0,10000.0,10000.0
Tamil Nadu,Cuddalore,Viruthachalam(Uzhavar Sandhai ),Cabbage,Cabbage,Local,2026-09-20,4000.0,4000.0,4000.0
Maharashtra,Satara,APMC Satara,Bhindi(Ladies Finger),Other,Local,2026-09-20,2000.0,3000.0,2500.0
Maharashtra,Satara,APMC Satara,Cauliflower,Other,Local,2026-09-20,1000.0,2000.0,1500.0
Maharashtra,Satara,APMC Satara,Chilly Capsicum,Other,Local,2026-09-20,1000.0,2000.0,1500.0
Maharashtra,Satara,APMC Satara,Brinjal,Other,Local,2026-09-20,1000.0,2500.0,1750.0
Tamil Nadu,Krishnagiri,Krishnagiri(Uzhavar Sandhai ),Onion,Bellary,Local,2026-09-20,5500.0,6000.0,5750.0
Tamil Nadu,Krishnagiri,Krishnagiri(Uzhavar Sandhai ),Potato,Red Nanital,Local,2026-09-20,2200.0,2600.0,2400.0
Tamil Nadu,Krishnagiri,Krishnagiri(Uzhavar Sandhai ),Garlic,Garlic,Local,2026-09-20,20000.0,24000.0,22000.0
Tamil Nadu,Krishnagiri,Krishnagiri(Uzhavar Sandhai ),Coriander(Leaves),I Sort,Local,2026-09-20,2500.0,3000.0,2750.0
Tamil Nadu,Krishnagiri,Krishnagiri(Uzhavar Sandhai ),Water Melon,Water Melon,Local,2026-09-20,1500.0,2000.0,1750.0
Tamil Nadu,Krishnagiri,Krishnagiri(Uzhavar Sandhai ),Amaranthus,Amaranthus,Local,2026-09-20,2500.0,3000.0,2750.0
Tamil Nadu,Krishnagiri,Krishnagiri(Uzhavar Sandhai ),Coconut,Coconut,Local,2026-09-20,5000.0,5500.0,5250.0
Tamil Nadu,Krishnagiri,Krishnagiri(Uzhavar Sandhai ),Green Avare(W),Green Avare (W),Local,2026-09-20,3600.0,4000.0,3800.0
Tamil Nadu,Krishnagiri,Krishnagiri(Uzhavar Sandhai ),Onion Green,Onion Green,Local,2026-09-20,7000.0,8000.0,7500.0
Tamil Nadu,Nagapattinam,Nagapattinam(Uzhavar Sandhai ),Coriander(Leaves),I Sort,Local,2026-09-20,4000.0,4500.0,4250.0
Tamil Nadu,Nagapattinam,Nagapattinam(Uzhavar Sandhai ),Tomato,Deshi,Local,2026-09-20,2700.0,3300.0,3000.0
Tamil Nadu,Nagapattinam,Nagapattinam(Uzhavar Sandhai ),Green Chilli,Green Chilly,Local,2026-09-20,6600.0,6600.0,6600.0
Tamil Nadu,Nagapattinam,Nagapattinam(Uzhavar Sandhai ),Coconut,Coconut,Local,2026-09-20,5000.0,5500.0,5250.0
Tamil Nadu,Nagapattinam,Nagapattinam(Uzhavar Sandhai ),Snakeguard,Snakeguard,Local,2026-09-20,3700.0,4400.0,4050.0
Tamil Nadu,Nagapattinam,Nagapattinam(Uzhavar Sandhai ),Drumstick,Drumstick,Local,2026-09-20,3900.0,3900.0,3900.0
Tamil Nadu,Nagapattinam,Nagapattinam(Uzhavar Sandhai ),Yam(Ratalu),Yam (Ratalu),Local,2026-09-20,6100.0,7000.0,6550.0
Tamil Nadu,Tenkasi,Sankarankoil(Uzhavar Sandhai ),Coriander(Leaves),I Sort,Local,2026-09-20,4500.0,4500.0,4500.0
Tamil Nadu,Tenkasi,Sankarankoil(Uzhavar Sandhai ),Snakeguard,Snakeguard,Local,2026-09-20,5000.0,5000.0,5000.0
Tamil Nadu,Tenkasi,Sankarankoil(Uzhavar Sandhai ),Ridgeguard(Tori),Ridgeguard(Tori),Local,2026-09-20,5000.0,5000.0,5000.0
Tamil Nadu,Tenkasi,Sankarankoil(Uzhavar Sandhai ),Elephant Yam(Suran)/Amorphophallus,Elephant Yam (Suran),Local,2026-09-20,5000.0,5000.0,5000.0
Tamil Nadu,Tenkasi,Sankarankoil(Uzhavar Sandhai ),Mint(Pudina),Mint(Pudina),Local,2026-09-20,8000.0,8000.0,8000.0
Tamil Nadu,Tenkasi,Tenkasi(Uzhavar Sandhai ),Onion,Bellary,Local,2026-09-20,5000.0,6000.0,5500.0
Tamil Nadu,Tenkasi,Tenkasi(Uzhavar Sandhai ),Brinjal,Other,Local,2026-09-20,3500.0,3500.0,3500.0
Tamil Nadu,Tenkasi,Tenkasi(Uzhavar Sandhai ),Bhindi(Ladies Finger),Bhindi,Local,2026-09-20,4000.0,4000.0,4000.0
Tamil Nadu,Tenkasi,Tenkasi(Uzhavar Sandhai ),Banana - Green,Banana - Green,Local,2026-09-20,3000.0,3000.0,3000.0
Tamil Nadu,Tenkasi,Tenkasi(Uzhavar Sandhai ),Coconut,Coconut,Local,2026-09-20,5500.0,6000.0,5750.0
Tamil Nadu,Tenkasi,Tenkasi(Uzhavar Sandhai ),Cabbage,Cabbage,Local,2026-09-20,3000.0,3000.0,3000.0
Tamil Nadu,Tenkasi,Tenkasi(Uzhavar Sandhai ),Lime,Lime,Local,2026-09-20,4000.0,4000.0,4000.0
Tamil Nadu,Pudukkottai,Pudukottai(Uzhavar Sandhai ),Groundnut,Big (With Shell),Local,2026-09-20,5000.0,6000.0,5500.0
Tamil Nadu,Pudukkottai,Pudukottai(Uzhavar Sandhai ),Brinjal,Round,Local,2026-09-20,7000.0,7500.0,7250.0
Tamil Nadu,Pudukkottai,Pudukottai(Uzhavar Sandhai ),Mousambi(Sweet Lime),Mousambi,Local,2026-09-20,6000.0,7000.0,6500.0
Tamil Nadu,Pudukkottai,Pudukottai(Uzhavar Sandhai ),Tomato,Deshi,Local,2026-09-20,2500.0,3000.0,2750.0
Tamil Nadu,Pudukkottai,Pudukottai(Uzhavar Sandhai ),Pumpkin,Pumpkin,Local,2026-09-20,1000.0,1500.0,1250.0
Tamil Nadu,Pudukkottai,Pudukottai(Uzhavar Sandhai ),Cowpea(Veg),Cowpea (Veg),Local,2026-09-20,1500.0,2000.0,1750.0
Tamil Nadu,Pudukkottai,Pudukottai(Uzhavar Sandhai ),Coconut,Coconut,Local,2026-09-20,3000.0,4000.0,3500.0
Tamil Nadu,Pudukkottai,Pudukottai(Uzhavar Sandhai ),Chow Chow,Chow Chow,Local,2026-09-20,4000.0,4500.0,4250.0
Tamil Nadu,Pudukkottai,Pudukottai(Uzhavar Sandhai ),Tender Coconut,Tender Coconut,Local,2026-09-20,5000.0,6000.0,5500.0
Tamil Nadu,Pudukkottai,Pudukottai(Uzhavar Sandhai ),Yam(Ratalu),Yam (Ratalu),Local,2026-09-20,7000.0,8000.0,7500.0
Tamil Nadu,Pudukkottai,Pudukottai(Uzhavar Sandhai ),Mashrooms,Mashrooms,Local,2026-09-20,24000.0,25000.0,24500.0
Tamil Nadu,Thanjavur,Kumbakonam (Uzhavar Sandhai ),Banana,Besrai,Local,2026-09-20,4000.0,4000.0,4000.0
Tamil Nadu,Thanjavur,Kumbakonam (Uzhavar Sandhai ),Cauliflower,Ranchi,Local,2026-09-20,4800.0,4800.0,4800.0
Tamil Nadu,Thanjavur,Kumbakonam (Uzhavar Sandhai ),Cluster beans,Cluster Beans,Local,2026-09-20,4800.0,6000.0,5400.0
Tamil Nadu,Thanjavur,Kumbakonam (Uzhavar Sandhai ),Amaranthus,Amaranthus,Local,2026-09-20,2000.0,2000.0,2000.0
Tamil Nadu,Thanjavur,Kumbakonam (Uzhavar Sandhai ),Drumstick,Drumstick,Local,2026-09-20,5400.0,5400.0,5400.0
Tamil Nadu,Thanjavur,Kumbakonam (Uzhavar Sandhai ),Yam(Ratalu),Yam (Ratalu),Local,2026-09-20,9600.0,9600.0,9600.0
Tamil Nadu,The Nilgiris,Udhagamandalam(Uzhavar Sandhai ),Apple,American,Local,2026-09-20,19000.0,20000.0,19500.0
Tamil Nadu,The Nilgiris,Udhagamandalam(Uzhavar Sandhai ),Brinjal,Round,Local,2026-09-20,3000.0,3400.0,3200.0
Tamil Nadu,The Nilgiris,Udhagamandalam(Uzhavar Sandhai ),Banana - Green,Banana - Green,Local,2026-09-20,4000.0,4500.0,4250.0
Tamil Nadu,The Nilgiris,Udhagamandalam(Uzhavar Sandhai ),Carrot,Pusakesar,Local,2026-09-20,3000.0,3500.0,3250.0
Tamil Nadu,The Nilgiris,Udhagamandalam(Uzhavar Sandhai ),Cabbage,Cabbage,Local,2026-09-20,1500.0,2000.0,1750.0
Tamil Nadu,The Nilgiris,Udhagamandalam(Uzhavar Sandhai ),Snakeguard,Snakeguard,Local,2026-09-20,3500.0,3800.0,3650.0
Tamil Nadu,The Nilgiris,Udhagamandalam(Uzhavar Sandhai ),Green Avare(W),Green Avare (W),Local,2026-09-20,6000.0,6500.0,6250.0
Tamil Nadu,The Nilgiris,Udhagamandalam(Uzhavar Sandhai ),Lemon,Lemon,Local,2026-09-20,27000.0,29000.0,28000.0
Tamil Nadu,Theni,Andipatti(Uzhavar Sandhai ),Cluster beans,Cluster Beans,Local,2026-09-20,2800.0,3000.0,2900.0
Tamil Nadu,Theni,Andipatti(Uzhavar Sandhai ),Bitter gourd,Other,Local,2026-09-20,3600.0,3800.0,3700.0
Tamil Nadu,Theni,Andipatti(Uzhavar Sandhai ),Beans,Beans (Whole),Local,2026-09-20,8000.0,8500.0,8250.0
Tamil Nadu,Theni,Andipatti(Uzhavar Sandhai ),Cabbage,Cabbage,Local,2026-09-20,2600.0,2800.0,2700.0
Tamil Nadu,Theni,Andipatti(Uzhavar Sandhai ),Ridgeguard(Tori),Ridgeguard(Tori),Local,2026-09-20,3600.0,3800.0,3700.0
Tamil Nadu,Theni,Andipatti(Uzhavar Sandhai ),Green Avare(W),Other,Local,2026-09-20,8600.0,9000.0,8800.0
Tamil Nadu,Theni,Andipatti(Uzhavar Sandhai ),Knool Khol,Knool Khol,Local,2026-09-20,3200.0,3400.0,3300.0
Tamil Nadu,Theni,Andipatti(Uzhavar Sandhai ),Elephant Yam(Suran)/Amorphophallus,Elephant Yam (Suran),Local,2026-09-20,3300.0,3500.0,3400.0
Tamil Nadu,Theni,Andipatti(Uzhavar Sandhai ),Indian Beans(Seam),Indian Beans (Seam),Local,2026-09-20,5000.0,5400.0,5200.0
Tamil Nadu,Theni,Andipatti(Uzhavar Sandhai ),Mashrooms,Mashrooms,Local,2026-09-20,25000.0,25000.0,25000.0
Tamil Nadu,Theni,Andipatti(Uzhavar Sandhai ),Onion Green,Onion Green,Local,2026-09-20,8000.0,8500.0,8250.0
Tamil Nadu,Theni,Bodinayakanur(Uzhavar Sandhai ),Tomato,Deshi,Local,2026-09-20,2400.0,2400.0,2400.0
Tamil Nadu,Theni,Bodinayakanur(Uzhavar Sandhai ),Bitter gourd,Bitter Gourd,Local,2026-09-20,3800.0,3800.0,3800.0
Tamil Nadu,Theni,Bodinayakanur(Uzhavar Sandhai ),Bottle gourd,Bottle Gourd,Local,2026-09-20,1500.0,1500.0,1500.0
Tamil Nadu,Theni,Bodinayakanur(Uzhavar Sandhai ),Bhindi(Ladies Finger),Bhindi,Local,2026-09-20,4000.0,4000.0,4000.0
Tamil Nadu,Theni,Bodinayakanur(Uzhavar Sandhai ),Amaranthus,Amaranthus,Local,2026-09-20,2500.0,2500.0,2500.0
Tamil Nadu,Theni,Bodinayakanur(Uzhavar Sandhai ),Carrot,Pusakesar,Local,2026-09-20,3400.0,3400.0,3400.0
Tamil Nadu,Theni,Bodinayakanur(Uzhavar Sandhai ),Cabbage,Cabbage,Local,2026-09-20,2800.0,2800.0,2800.0
Tamil Nadu,Theni,Bodinayakanur(Uzhavar Sandhai ),Beetroot,Beetroot,Local,2026-09-20,3600.0,3600.0,3600.0
Tamil Nadu,Theni,Bodinayakanur(Uzhavar Sandhai ),Ridgeguard(Tori),Ridgeguard(Tori),Local,2026-09-20,2800.0,2800.0,2800.0
Bihar,Bhagalpur,Bihpur APMC,Bhindi(Ladies Finger),Bhindi,Medium,2026-09-20,1300.0,1300.0,1300.0
Tamil Nadu,Thiruvarur,Needamangalam(Uzhavar Sandhai ),Onion,Bellary,Local,2026-09-20,5400.0,5400.0,5400.0
Tamil Nadu,Thiruvarur,Needamangalam(Uzhavar Sandhai ),Cluster beans,Cluster Beans,Local,2026-09-20,3400.0,3400.0,3400.0
Tamil Nadu,Thiruvarur,Needamangalam(Uzhavar Sandhai ),Bhindi(Ladies Finger),Bhindi,Local,2026-09-20,3400.0,3400.0,3400.0
Tamil Nadu,Thiruvarur,Needamangalam(Uzhavar Sandhai ),Mango(Raw-Ripe),Mango - Raw-Ripe,Local,2026-09-20,9000.0,9000.0,9000.0
Tamil Nadu,Thiruvarur,Tiruvarur(Uzhavar Sandhai ),Ridgeguard(Tori),Ridgeguard(Tori),Local,2026-09-20,4000.0,4000.0,4000.0
Bihar,Sheikhpura,Barbigha APMC,Brinjal,Arkasheela Mattigulla,FAQ,2026-09-20,3818.0,3980.0,3890.0
Bihar,Sheikhpura,Barbigha APMC,Bottle gourd,Bottle Gourd,FAQ,2026-09-20,2935.0,3085.0,3000.0
NCT of Delhi,Delhi,"Fish,Poultry & Egg Market, Gazipur APMC",Fish,Pangass,Local,2026-09-20,8000.0,10000.0,9500.0
NCT of Delhi,Delhi,"Fish,Poultry & Egg Market, Gazipur APMC",Fish,Rahu(Andhra),Local,2026-09-20,7000.0,15000.0,11000.0
NCT of Delhi,Delhi,"Fish,Poultry & Egg Market, Gazipur APMC",Fish,Rahu(Local),Local,2026-09-20,8000.0,16000.0,12000.0
Tamil Nadu,Virudhunagar,Aruppukottai(Uzhavar Sandhai ),Garlic,Garlic,Local,2026-09-20,23000.0,24000.0,23500.0
Tamil Nadu,Virudhunagar,Aruppukottai(Uzhavar Sandhai ),Cauliflower,Ranchi,Local,2026-09-20,3500.0,4000.0,3750.0
Tamil Nadu,Virudhunagar,Aruppukottai(Uzhavar Sandhai ),Green Chilli,Green Chilly,Local,2026-09-20,5500.0,6000.0,5750.0
Tamil Nadu,Virudhunagar,Aruppukottai(Uzhavar Sandhai ),Snakeguard,Snakeguard,Local,2026-09-20,3500.0,4000.0,3750.0
Tamil Nadu,Virudhunagar,Aruppukottai(Uzhavar Sandhai ),Raddish,Raddish,Local,2026-09-20,3000.0,3500.0,3250.0
Tamil Nadu,Virudhunagar,Aruppukottai(Uzhavar Sandhai ),Elephant Yam(Suran)/Amorphophallus,Elephant Yam (Suran),Local,2026-09-20,4500.0,5000.0,4750.0
Tamil Nadu,Villupuram,Gingee(Uzhavar Sandhai ),Onion,Bellary,Local,2026-09-20,5000.0,6000.0,5500.0
Tamil Nadu,Villupuram,Gingee(Uzhavar Sandhai ),Coriander(Leaves),I Sort,Local,2026-09-20,4000.0,4000.0,4000.0
Tamil Nadu,Villupuram,Gingee(Uzhavar Sandhai ),Bottle gourd,Bottle Gourd,Local,2026-09-20,2500.0,2500.0,2500.0
Tamil Nadu,Villupuram,Gingee(Uzhavar Sandhai ),Green Chilli,Green Chilly,Local,2026-09-20,5000.0,5000.0,5000.0
Tamil Nadu,Villupuram,Gingee(Uzhavar Sandhai ),Thondekai,Thondekai,Local,2026-09-20,3500.0,3500.0,3500.0
Tamil Nadu,Villupuram,Gingee(Uzhavar Sandhai ),Guava,Guava Allahabad,Local,2026-09-20,8000.0,9000.0,8500.0
Tamil Nadu,Villupuram,Gingee(Uzhavar Sandhai ),Onion Green,Onion Green,Local,2026-09-20,7500.0,7500.0,7500.0
Uttar Pradesh,Barabanki,Barabanki APMC,Potato,Other,FAQ,2026-09-20,600.0,600.0,600.0
Uttar Pradesh,Etawah,Bharthna APMC,Potato,Other,FAQ,2026-09-20,500.0,500.0,500.0
Tamil Nadu,Thiruvarur,Valangaiman APMC,Ashgourd,Gouard,Local,2026-09-20,2400.0,2400.0,2400.0
Tamil Nadu,Thiruvarur,Valangaiman APMC,Banana - Green,Banana - Green,Local,2026-09-20,4000.0,4000.0,4000.0
Tamil Nadu,Virudhunagar,Kariyapatti(Uzhavar Sandhai ),Soyabean,Local,Local,2026-09-20,9000.0,10000.0,9500.0
Tamil Nadu,Virudhunagar,Kariyapatti(Uzhavar Sandhai ),Potato,Red Nanital,Local,2026-09-20,3000.0,3500.0,3250.0
Tamil Nadu,Virudhunagar,Kariyapatti(Uzhavar Sandhai ),Cauliflower,Ranchi,Local,2026-09-20,3500.0,4000.0,3750.0
Tamil Nadu,Virudhunagar,Kariyapatti(Uzhavar Sandhai ),Bitter gourd,Other,Local,2026-09-20,5500.0,6000.0,5750.0
Tamil Nadu,Virudhunagar,Kariyapatti(Uzhavar Sandhai ),Ashgourd,Gouard,Local,2026-09-20,2000.0,2500.0,2250.0
Tamil Nadu,Virudhunagar,Kariyapatti(Uzhavar Sandhai ),Green Chilli,Green Chilly,Local,2026-09-20,5500.0,6000.0,5750.0
Tamil Nadu,Virudhunagar,Kariyapatti(Uzhavar Sandhai ),Banana - Green,Banana - Green,Local,2026-09-20,3000.0,3500.0,3250.0
Tamil Nadu,Virudhunagar,Kariyapatti(Uzhavar Sandhai ),Cabbage,Cabbage,Local,2026-09-20,3500.0,4000.0,3750.0
Tamil Nadu,Virudhunagar,Kariyapatti(Uzhavar Sandhai ),Raddish,Raddish,Local,2026-09-20,3000.0,3500.0,3250.0
Tamil Nadu,Virudhunagar,Kariyapatti(Uzhavar Sandhai ),Elephant Yam(Suran)/Amorphophallus,Elephant Yam (Suran),Local,2026-09-20,4500.0,5000.0,4750.0
Uttar Pradesh,Bulandshahar,Buland Shahr APMC,Potato,Other,FAQ,2026-09-20,800.0,800.0,800.0
Tamil Nadu,Thiruvellore,Tiruvallur(Uzhavar Sandhai ),Banana,Karpura,Local,2026-09-20,7000.0,7000.0,7000.0
Tamil Nadu,Thiruvellore,Tiruvallur(Uzhavar Sandhai ),Onion,Bellary,Local,2026-09-20,6000.0,6000.0,6000.0
Tamil Nadu,Thiruvellore,Tiruvallur(Uzhavar Sandhai ),Brinjal,Round,Local,2026-09-20,4000.0,4000.0,4000.0
Tamil Nadu,Thiruvellore,Tiruvallur(Uzhavar Sandhai ),Ashgourd,Gouard,Local,2026-09-20,3000.0,3000.0,3000.0
Tamil Nadu,Thiruvellore,Tiruvallur(Uzhavar Sandhai ),Banana - Green,Banana - Green,Local,2026-09-20,4000.0,4000.0,4000.0
Tamil Nadu,Thiruvellore,Tiruvallur(Uzhavar Sandhai ),Lemon,Lemon,Local,2026-09-20,20000.0,20000.0,20000.0
Madhya Pradesh,Dhar,Manawar(F&V) APMC,Tomato,Tomato,Grade B,2026-09-20,1000.0,1200.0,1100.0
Madhya Pradesh,Dhar,Manawar(F&V) APMC,Spinach,Spinach,Grade B,2026-09-20,1150.0,1350.0,1250.0
Madhya Pradesh,Dhar,Manawar(F&V) APMC,Brinjal,Brinjal,Grade B,2026-09-20,700.0,850.0,760.0
Tamil Nadu,Vellore,Katpadi (Uzhavar Sandhai ),Groundnut,Big (With Shell),Local,2026-09-20,7000.0,7000.0,7000.0
Tamil Nadu,Vellore,Katpadi (Uzhavar Sandhai ),Apple,American,Local,2026-09-20,26000.0,26000.0,26000.0
Tamil Nadu,Vellore,Katpadi (Uzhavar Sandhai ),Banana,Besrai,Local,2026-09-20,5000.0,6000.0,5500.0
Tamil Nadu,Vellore,Katpadi (Uzhavar Sandhai ),Amaranthus,Amaranthus,Local,2026-09-20,3500.0,3500.0,3500.0
Tamil Nadu,Vellore,Katpadi (Uzhavar Sandhai ),Cowpea(Veg),Cowpea (Veg),Local,2026-09-20,6000.0,6000.0,6000.0
Tamil Nadu,Vellore,Katpadi (Uzhavar Sandhai ),Banana - Green,Banana - Green,Local,2026-09-20,3000.0,3000.0,3000.0
Tamil Nadu,Vellore,Katpadi (Uzhavar Sandhai ),Tapioca,Tapioca,Local,2026-09-20,3500.0,3500.0,3500.0
Tamil Nadu,Vellore,Katpadi (Uzhavar Sandhai ),Sweet Potato,Hosur Red,Local,2026-09-20,3000.0,3000.0,3000.0
Tamil Nadu,Vellore,Katpadi (Uzhavar Sandhai ),Thondekai,Thondekai,Local,2026-09-20,3500.0,3500.0,3500.0
Tamil Nadu,Vellore,Katpadi (Uzhavar Sandhai ),Capsicum,Capsicum,Local,2026-09-20,4500.0,4500.0,4500.0
Tamil Nadu,Vellore,Katpadi (Uzhavar Sandhai ),Mango(Raw-Ripe),Mango - Raw-Ripe,Local,2026-09-20,15000.0,15000.0,15000.0
Tamil Nadu,Vellore,Katpadi (Uzhavar Sandhai ),Pomegranate,Pomogranate,Local,2026-09-20,17000.0,17000.0,17000.0
Tamil Nadu,Vellore,Katpadi (Uzhavar Sandhai ),Tender Coconut,Tender Coconut,Local,2026-09-20,3000.0,4000.0,3500.0
Tamil Nadu,Vellore,Katpadi (Uzhavar Sandhai ),Sweet Corn,Sweet Corn,Local,2026-09-20,2500.0,3000.0,2750.0
Tamil Nadu,Madurai,Thirumangalam(Uzhavar Sandhai ),Tomato,Deshi,Local,2026-09-20,2500.0,2800.0,2650.0
Tamil Nadu,Madurai,Thirumangalam(Uzhavar Sandhai ),Snakeguard,Snakeguard,Local,2026-09-20,3000.0,3600.0,3300.0
Tamil Nadu,Madurai,Thirumangalam(Uzhavar Sandhai ),Raddish,Raddish,Local,2026-09-20,2500.0,2800.0,2650.0
Tamil Nadu,Madurai,Thirumangalam(Uzhavar Sandhai ),Guava,Guava Allahabad,Local,2026-09-20,6000.0,7000.0,6500.0
Tamil Nadu,Madurai,Thirumangalam(Uzhavar Sandhai ),Amla(Nelli Kai),Amla,Local,2026-09-20,8000.0,9000.0,8500.0
Keralam,Pathanamthitta,Chittar  VFPCK Market,Banana,Palayamthodan,Grade Range-1,2026-09-20,1200.0,2000.0,1600.0
Tamil Nadu,Madurai,Melur(Uzhavar Sandhai ),Onion,Bellary,Local,2026-09-20,6500.0,7000.0,6750.0
Tamil Nadu,Madurai,Melur(Uzhavar Sandhai ),Coriander(Leaves),I Sort,Local,2026-09-20,4500.0,4800.0,4650.0
Tamil Nadu,Madurai,Melur(Uzhavar Sandhai ),Tapioca,Tapioca,Local,2026-09-20,3600.0,4000.0,3800.0
Tamil Nadu,Madurai,Melur(Uzhavar Sandhai ),Raddish,Raddish,Local,2026-09-20,2400.0,2800.0,2600.0
Tamil Nadu,Madurai,Melur(Uzhavar Sandhai ),Green Avare(W),Green Avare (W),Local,2026-09-20,10000.0,11000.0,10500.0
Tamil Nadu,Madurai,Melur(Uzhavar Sandhai ),Yam(Ratalu),Yam (Ratalu),Local,2026-09-20,6500.0,7000.0,6750.0
Tamil Nadu,Madurai,Melur(Uzhavar Sandhai ),Colacasia,Colacasia,Local,2026-09-20,5000.0,6000.0,5500.0
Tamil Nadu,Madurai,Melur(Uzhavar Sandhai ),Onion Green,Onion Green,Local,2026-09-20,8000.0,9000.0,8500.0
Tamil Nadu,Karur,Gandhigramam(Uzhavar Sandhai),Potato,Other,Local,2026-09-20,4000.0,6000.0,5000.0
Tamil Nadu,Karur,Gandhigramam(Uzhavar Sandhai),Cluster beans,Cluster Beans,Local,2026-09-20,3500.0,4000.0,3750.0
Tamil Nadu,Karur,Gandhigramam(Uzhavar Sandhai),Green Chilli,Green Chilly,Local,2026-09-20,5500.0,6000.0,5750.0
Tamil Nadu,Karur,Gandhigramam(Uzhavar Sandhai),Banana - Green,Banana - Green,Local,2026-09-20,2000.0,3000.0,2500.0
Tamil Nadu,Karur,Gandhigramam(Uzhavar Sandhai),Beans,Beans (Whole),Local,2026-09-20,7000.0,8000.0,7500.0
Tamil Nadu,Karur,Gandhigramam(Uzhavar Sandhai),Thondekai,Thondekai,Local,2026-09-20,4500.0,5000.0,4750.0
Tamil Nadu,Karur,Gandhigramam(Uzhavar Sandhai),Green Avare(W),Other,Local,2026-09-20,8000.0,10000.0,9000.0
Tamil Nadu,Karur,Gandhigramam(Uzhavar Sandhai),Drumstick,Drumstick,Local,2026-09-20,2500.0,3000.0,2750.0
Tamil Nadu,Karur,Gandhigramam(Uzhavar Sandhai),Guava,Guava Allahabad,Local,2026-09-20,6000.0,7000.0,6500.0
Tamil Nadu,Karur,Gandhigramam(Uzhavar Sandhai),Lemon,Lemon,Local,2026-09-20,28000.0,30000.0,29000.0
Karnataka,Bengaluru South,Ramanagara APMC,Seemebadnekai,Seemebadanekai,Local,2026-09-20,2000.0,2600.0,2400.0
Karnataka,Bengaluru South,Ramanagara APMC,Ridgeguard(Tori),Ridgeguard(Tori),Local,2026-09-20,2000.0,3200.0,2400.0
Karnataka,Bengaluru South,Ramanagara APMC,Beans,Beans (Whole),Local,2026-09-20,4000.0,6000.0,5000.0
Karnataka,Bengaluru South,Ramanagara APMC,Carrot,Carrot,Local,2026-09-20,3000.0,4500.0,4000.0
Karnataka,Bengaluru South,Ramanagara APMC,Cabbage,Cabbage,Local,2026-09-20,1000.0,1600.0,1200.0
Karnataka,Bengaluru South,Ramanagara APMC,Raddish,Raddish,Local,2026-09-20,1600.0,2800.0,2000.0
Tamil Nadu,Salem,Vazhapadi(Uzhavar Sandhai),Onion,Bellary,Local,2026-09-20,6000.0,6500.0,6250.0
Tamil Nadu,Salem,Vazhapadi(Uzhavar Sandhai),Carrot,Pusakesar,Local,2026-09-20,6000.0,6000.0,6000.0
Tamil Nadu,Salem,Vazhapadi(Uzhavar Sandhai),Ridgeguard(Tori),Ridgeguard(Tori),Local,2026-09-20,3500.0,4000.0,3750.0
Tamil Nadu,Salem,Vazhapadi(Uzhavar Sandhai),Knool Khol,Knool Khol,Local,2026-09-20,5000.0,5000.0,5000.0
Tamil Nadu,Pudukkottai,Aranthangi(Uzhavar Sandhai ),Papaya,Papaya,Local,2026-09-20,3500.0,4000.0,3750.0
Tamil Nadu,Pudukkottai,Aranthangi(Uzhavar Sandhai ),Cluster beans,Cluster Beans,Local,2026-09-20,3500.0,4000.0,3750.0
Tamil Nadu,Pudukkottai,Aranthangi(Uzhavar Sandhai ),Green Chilli,Green Chilly,Local,2026-09-20,5000.0,6000.0,5500.0
Tamil Nadu,Nagapattinam,Vedaranyam(Uzhavar Sandhai),Banana - Green,Banana - Green,Local,2026-09-20,1600.0,1800.0,1700.0
Tamil Nadu,Nagapattinam,Vedaranyam(Uzhavar Sandhai),Beetroot,Beetroot,Local,2026-09-20,3800.0,4000.0,3900.0
Tamil Nadu,Vellore,Perampet(Uzhavar Sandhai),Groundnut,Big (With Shell),Local,2026-09-20,7000.0,7600.0,7300.0
Tamil Nadu,Vellore,Perampet(Uzhavar Sandhai),Garlic,Garlic,Local,2026-09-20,22000.0,23000.0,22500.0
Tamil Nadu,Vellore,Perampet(Uzhavar Sandhai),Coriander(Leaves),I Sort,Local,2026-09-20,5000.0,5000.0,5000.0
Tamil Nadu,Vellore,Perampet(Uzhavar Sandhai),Cluster beans,Cluster Beans,Local,2026-09-20,2500.0,3000.0,2750.0
Tamil Nadu,Vellore,Perampet(Uzhavar Sandhai),Cowpea(Veg),Cowpea (Veg),Local,2026-09-20,5000.0,5600.0,5300.0
Tamil Nadu,Vellore,Perampet(Uzhavar Sandhai),Coconut,Coconut,Local,2026-09-20,2500.0,3000.0,2750.0
Tamil Nadu,Vellore,Perampet(Uzhavar Sandhai),Guava,Guava Allahabad,Local,2026-09-20,4500.0,5000.0,4750.0
Tamil Nadu,Vellore,Perampet(Uzhavar Sandhai),Indian Beans(Seam),Indian Beans (Seam),Local,2026-09-20,5000.0,5600.0,5300.0
Tamil Nadu,Vellore,Perampet(Uzhavar Sandhai),Lemon,Lemon,Local,2026-09-20,12000.0,13000.0,12500.0
Tamil Nadu,Vellore,Perampet(Uzhavar Sandhai),Amla(Nelli Kai),Amla,Local,2026-09-20,10000.0,10000.0,10000.0
Tamil Nadu,Vellore,Perampet(Uzhavar Sandhai),Onion Green,Onion Green,Local,2026-09-20,9000.0,10000.0,9500.0
Tamil Nadu,Vellore,Perampet(Uzhavar Sandhai),Mint(Pudina),Mint(Pudina),Local,2026-09-20,4000.0,4000.0,4000.0
Madhya Pradesh,Badwani,Sendhwa(F&V) APMC,Pumpkin,Pumpkin,Large,2026-09-20,700.0,1100.0,900.0
Madhya Pradesh,Badwani,Sendhwa(F&V) APMC,Tomato,Hybrid,Medium,2026-09-20,1200.0,1500.0,1400.0
Maharashtra,Pune,Pune(Pimpri),Bottle gourd,Other,Local,2026-09-20,2000.0,2500.0,2250.0
Maharashtra,Pune,Pune(Pimpri),Cauliflower,Other,Local,2026-09-20,2000.0,2200.0,2100.0
Maharashtra,Pune,Pune(Pimpri),Cucumbar(Kheera),Other,Local,2026-09-20,2700.0,2700.0,2700.0
Maharashtra,Pune,Pune(Pimpri),Onion,Local,Local,2026-09-20,3000.0,5500.0,4250.0
Tamil Nadu,Karur,Kulithalai(Uzhavar Sandhai ),Banana,Other,Local,2026-09-20,5500.0,6000.0,5750.0
Tamil Nadu,Karur,Kulithalai(Uzhavar Sandhai ),Tomato,Deshi,Local,2026-09-20,2800.0,3000.0,2900.0
Tamil Nadu,Karur,Kulithalai(Uzhavar Sandhai ),Green Chilli,Green Chilly,Local,2026-09-20,6600.0,7000.0,6800.0
Tamil Nadu,Karur,Kulithalai(Uzhavar Sandhai ),Cabbage,Cabbage,Local,2026-09-20,3000.0,3200.0,3100.0
Tamil Nadu,Karur,Kulithalai(Uzhavar Sandhai ),Snakeguard,Snakeguard,Local,2026-09-20,3000.0,3600.0,3300.0
Tamil Nadu,Karur,Kulithalai(Uzhavar Sandhai ),Beetroot,Beetroot,Local,2026-09-20,4000.0,4400.0,4200.0
Tamil Nadu,Karur,Kulithalai(Uzhavar Sandhai ),Thondekai,Thondekai,Local,2026-09-20,4500.0,5000.0,4750.0
Tamil Nadu,Karur,Kulithalai(Uzhavar Sandhai ),Turnip,Turnip,Local,2026-09-20,5000.0,6000.0,5500.0
Tamil Nadu,Chengalpattu,Guduvancheri(Uzhavar Sandhai ),Banana,Red Banana,Local,2026-09-20,7000.0,8000.0,7500.0
Tamil Nadu,Chengalpattu,Guduvancheri(Uzhavar Sandhai ),Papaya,Papaya,Local,2026-09-20,4000.0,5000.0,4500.0
Tamil Nadu,Chengalpattu,Guduvancheri(Uzhavar Sandhai ),Bitter gourd,Other,Local,2026-09-20,5000.0,6000.0,5500.0
Tamil Nadu,Chengalpattu,Guduvancheri(Uzhavar Sandhai ),Amaranthus,Amaranthus,Local,2026-09-20,2500.0,3000.0,2750.0
Tamil Nadu,Chengalpattu,Guduvancheri(Uzhavar Sandhai ),Drumstick,Drumstick,Local,2026-09-20,6000.0,7000.0,6500.0
Tamil Nadu,Chengalpattu,Guduvancheri(Uzhavar Sandhai ),Colacasia,Colacasia,Local,2026-09-20,3500.0,4000.0,3750.0
Tamil Nadu,Chengalpattu,Guduvancheri(Uzhavar Sandhai ),Mint(Pudina),Mint(Pudina),Local,2026-09-20,3500.0,4000.0,3750.0
Tamil Nadu,Thirupur,Dharapuram(Uzhavar Sandhai ),Potato,Other,Local,2026-09-20,6500.0,7000.0,6750.0
Tamil Nadu,Thirupur,Dharapuram(Uzhavar Sandhai ),Bottle gourd,Bottle Gourd,Local,2026-09-20,1500.0,2000.0,1750.0
Tamil Nadu,Thirupur,Dharapuram(Uzhavar Sandhai ),Banana - Green,Banana - Green,Local,2026-09-20,2500.0,3000.0,2750.0
Tamil Nadu,Thirupur,Dharapuram(Uzhavar Sandhai ),Beans,Beans (Whole),Local,2026-09-20,7500.0,8000.0,7750.0
Tamil Nadu,Thirupur,Dharapuram(Uzhavar Sandhai ),Coconut,Coconut,Local,2026-09-20,5500.0,6000.0,5750.0
Tamil Nadu,Thirupur,Dharapuram(Uzhavar Sandhai ),Beetroot,Beetroot,Local,2026-09-20,3500.0,6500.0,5000.0
Tamil Nadu,Thirupur,Dharapuram(Uzhavar Sandhai ),Green Avare(W),Green Avare (W),Local,2026-09-20,6500.0,7000.0,6750.0
Tamil Nadu,Thirupur,Palladam(Uzhavar Sandhai ),Cauliflower,Ranchi,Local,2026-09-20,3500.0,4000.0,3750.0
Tamil Nadu,Thirupur,Palladam(Uzhavar Sandhai ),Beetroot,Beetroot,Local,2026-09-20,2500.0,3000.0,2750.0
Tamil Nadu,Thirupur,Palladam(Uzhavar Sandhai ),Ridgeguard(Tori),Ridgeguard(Tori),Local,2026-09-20,4000.0,5000.0,4500.0
Tamil Nadu,Thirupur,Palladam(Uzhavar Sandhai ),Raddish,Raddish,Local,2026-09-20,2500.0,3000.0,2750.0
Tamil Nadu,Thirupur,Palladam(Uzhavar Sandhai ),Chow Chow,Chow Chow,Local,2026-09-20,2500.0,3000.0,2750.0
Uttar Pradesh,Ghaziabad,Hapur APMC,Rice,Common,FAQ,2026-09-20,3500.0,3500.0,3500.0
Uttar Pradesh,Ghaziabad,Hapur APMC,Paddy(Common),Other,FAQ,2026-09-20,2800.0,2900.0,2864.43
Uttar Pradesh,Ghaziabad,Hapur APMC,Paddy(Common),Basmati,FAQ,2026-09-20,3000.0,3500.0,3124.67
Uttar Pradesh,Amethi,Jafarganj APMC,Wood,Other,FAQ,2026-09-20,550.0,550.0,550.0
Uttar Pradesh,Fatehpur,Jahanabad APMC,Wheat,Dara Mill Quality,FAQ,2026-09-20,2500.0,2500.0,2500.0
Uttar Pradesh,Bulandshahar,Jahangirabad APMC,Green Chilli,Other,FAQ,2026-09-20,3000.0,3000.0,3000.0
Uttar Pradesh,Jalaun (Orai),Jalaun APMC,Peas(Dry),Other,FAQ,2026-09-20,3210.0,3500.0,3470.26
Uttar Pradesh,Jalaun (Orai),Jalaun APMC,Firewood,Firewood,FAQ,2026-09-20,500.0,500.0,500.0
Uttar Pradesh,Mathura,Kosikalan APMC,Paddy(Common),Basmati,FAQ,2026-09-20,3400.0,3771.0,3487.24
Uttar Pradesh,Mathura,Kosikalan APMC,Potato,Other,FAQ,2026-09-20,600.0,600.0,600.0
Tamil Nadu,Kallakuruchi,Kallakurichi(Uzhavar Sandhai ),Groundnut,Big (With Shell),Local,2026-09-20,7000.0,7000.0,7000.0
Tamil Nadu,Kallakuruchi,Kallakurichi(Uzhavar Sandhai ),Banana,Red Banana,Local,2026-09-20,7000.0,7000.0,7000.0
Tamil Nadu,Kallakuruchi,Kallakurichi(Uzhavar Sandhai ),Potato,Red Nanital,Local,2026-09-20,4000.0,4000.0,4000.0
Tamil Nadu,Kallakuruchi,Kallakurichi(Uzhavar Sandhai ),Coriander(Leaves),I Sort,Local,2026-09-20,6000.0,6000.0,6000.0
Tamil Nadu,Kallakuruchi,Kallakurichi(Uzhavar Sandhai ),Bitter gourd,Bitter Gourd,Local,2026-09-20,6000.0,6000.0,6000.0
Tamil Nadu,Kallakuruchi,Kallakurichi(Uzhavar Sandhai ),Pumpkin,Pumpkin,Local,2026-09-20,2000.0,2000.0,2000.0
Tamil Nadu,Kallakuruchi,Kallakurichi(Uzhavar Sandhai ),Amaranthus,Amaranthus,Local,2026-09-20,3000.0,3000.0,3000.0
Tamil Nadu,Kallakuruchi,Kallakurichi(Uzhavar Sandhai ),Beetroot,Beetroot,Local,2026-09-20,6000.0,6000.0,6000.0
Tamil Nadu,Kallakuruchi,Kallakurichi(Uzhavar Sandhai ),Thondekai,Thondekai,Local,2026-09-20,5000.0,5000.0,5000.0
Tamil Nadu,Kallakuruchi,Kallakurichi(Uzhavar Sandhai ),Drumstick,Drumstick,Local,2026-09-20,5000.0,5000.0,5000.0
Tamil Nadu,Kallakuruchi,Kallakurichi(Uzhavar Sandhai ),Knool Khol,Knool Khol,Local,2026-09-20,7000.0,7000.0,7000.0
Tamil Nadu,Kallakuruchi,Kallakurichi(Uzhavar Sandhai ),Tender Coconut,Tender Coconut,Local,2026-09-20,3000.0,3000.0,3000.0
Tamil Nadu,Kallakuruchi,Kallakurichi(Uzhavar Sandhai ),Jasmine,Jasmine,Local,2026-09-20,40000.0,40000.0,40000.0
Tamil Nadu,Kallakuruchi,Kallakurichi(Uzhavar Sandhai ),Elephant Yam(Suran)/Amorphophallus,Elephant Yam (Suran),Local,2026-09-20,4000.0,4000.0,4000.0
Tamil Nadu,Kallakuruchi,Kallakurichi(Uzhavar Sandhai ),Amla(Nelli Kai),Amla,Local,2026-09-20,10000.0,10000.0,10000.0
Tamil Nadu,Kallakuruchi,Kallakurichi(Uzhavar Sandhai ),Baby Corn,Baby Corn,Grade A,2026-09-20,3000.0,3000.0,3000.0
Uttar Pradesh,Bulandshahar,Khurja APMC,Firewood,Firewood,FAQ,2026-09-20,500.0,500.0,500.0
Uttar Pradesh,Bulandshahar,Khurja APMC,Maize,Other,FAQ,2026-09-20,2090.0,2121.0,2105.26
Uttar Pradesh,Jalaun (Orai),Konch APMC,Lemon,Other,FAQ,2026-09-20,5000.0,5000.0,5000.0
Uttar Pradesh,Mathura,Mathura APMC,Tomato,Other,FAQ,2026-09-20,2600.0,2600.0,2600.0
Madhya Pradesh,Guna,Aron (F&V) APMC,Potato,Local,Medium,2026-09-20,920.0,960.0,950.0
Tamil Nadu,Thirupathur,Natrampalli(Uzhavar Sandhai ),Potato,Red Nanital,Local,2026-09-20,3000.0,3500.0,3250.0
Tamil Nadu,Thirupathur,Natrampalli(Uzhavar Sandhai ),Bhindi(Ladies Finger),Bhindi,Local,2026-09-20,2500.0,3000.0,2750.0
Tamil Nadu,Thirupathur,Natrampalli(Uzhavar Sandhai ),Amaranthus,Amaranthus,Local,2026-09-20,3000.0,4000.0,3500.0
Andhra Pradesh,Srikakulam,Kothabommali APMC,Paddy(Common),Paddy,Local,2026-09-20,3200.0,3200.0,3200.0
Telangana,Nagarkurnool,Kalwakurthy APMC,Tomato,Tomato,Local,2026-09-20,1000.0,1000.0,1000.0
Telangana,Nagarkurnool,Kalwakurthy APMC,Ridgeguard(Tori),Ridgeguard(Tori),Local,2026-09-20,3500.0,3500.0,3500.0
Uttar Pradesh,Gonda,Nawabganj APMC,Wheat,Dara,FAQ,2026-09-20,2600.0,2650.0,2630.1
Andhra Pradesh,NTR,Tiruvuru APMC,Dry Chillies,Dry Chillies,Local,2026-09-20,21000.0,21000.0,21000.0
Tamil Nadu,Salem,Athur(Uzhavar Sandhai ),Banana,Red Banana,Local,2026-09-20,7000.0,7500.0,7250.0
Tamil Nadu,Salem,Athur(Uzhavar Sandhai ),Onion,Bellary,Local,2026-09-20,5500.0,6500.0,6000.0
Tamil Nadu,Salem,Athur(Uzhavar Sandhai ),Garlic,Garlic,Local,2026-09-20,20000.0,22000.0,21000.0
Tamil Nadu,Salem,Athur(Uzhavar Sandhai ),Green Chilli,Green Chilly,Local,2026-09-20,4500.0,5000.0,4750.0
Tamil Nadu,Salem,Athur(Uzhavar Sandhai ),Ginger(Green),Green Ginger,Local,2026-09-20,8000.0,18000.0,13000.0
Tamil Nadu,Salem,Athur(Uzhavar Sandhai ),Snakeguard,Snakeguard,Local,2026-09-20,2000.0,2500.0,2250.0
Tamil Nadu,Salem,Athur(Uzhavar Sandhai ),Raddish,Raddish,Local,2026-09-20,2000.0,2500.0,2250.0
Tamil Nadu,Salem,Athur(Uzhavar Sandhai ),Green Avare(W),Green Avare (W),Local,2026-09-20,7000.0,7500.0,7250.0
Tamil Nadu,Salem,Athur(Uzhavar Sandhai ),Knool Khol,Knool Khol,Local,2026-09-20,4500.0,5000.0,4750.0
Tamil Nadu,Salem,Athur(Uzhavar Sandhai ),Marigold(Calcutta),Marigold(Calcutta),Local,2026-09-20,20000.0,24000.0,22000.0
Tamil Nadu,Salem,Athur(Uzhavar Sandhai ),Tube Rose(Loose),Tube Rose (Loose),Local,2026-09-20,12000.0,16000.0,14000.0
Tamil Nadu,Theni,Periyakulam(Uzhavar Sandhai ),Potato,Other,Local,2026-09-20,2800.0,3000.0,2900.0
Tamil Nadu,Theni,Periyakulam(Uzhavar Sandhai ),Cauliflower,Ranchi,Local,2026-09-20,3000.0,3500.0,3250.0
Tamil Nadu,Theni,Periyakulam(Uzhavar Sandhai ),Tomato,Other,Local,2026-09-20,2300.0,2500.0,2400.0
Tamil Nadu,Theni,Periyakulam(Uzhavar Sandhai ),Bottle gourd,Bottle Gourd,Local,2026-09-20,1200.0,1400.0,1300.0
Tamil Nadu,Theni,Periyakulam(Uzhavar Sandhai ),Banana - Green,Banana - Green,Local,2026-09-20,2500.0,3000.0,2750.0
Tamil Nadu,Theni,Periyakulam(Uzhavar Sandhai ),Elephant Yam(Suran)/Amorphophallus,Elephant Yam (Suran),Local,2026-09-20,3300.0,3500.0,3400.0
Tamil Nadu,Theni,Periyakulam(Uzhavar Sandhai ),Mint(Pudina),Mint(Pudina),Local,2026-09-20,5500.0,5500.0,5500.0
Tamil Nadu,Virudhunagar,Srivilliputhur(Uzhavar Sandhai ),Cauliflower,Ranchi,Local,2026-09-20,2500.0,3000.0,2750.0
Tamil Nadu,Virudhunagar,Srivilliputhur(Uzhavar Sandhai ),Brinjal,Round,Local,2026-09-20,2500.0,3000.0,2750.0
Tamil Nadu,Virudhunagar,Srivilliputhur(Uzhavar Sandhai ),Papaya,Papaya,Local,2026-09-20,2500.0,3000.0,2750.0
Tamil Nadu,Virudhunagar,Srivilliputhur(Uzhavar Sandhai ),Bitter gourd,Bitter Gourd,Local,2026-09-20,5000.0,6000.0,5500.0
Tamil Nadu,Virudhunagar,Srivilliputhur(Uzhavar Sandhai ),Bottle gourd,Bottle Gourd,Local,2026-09-20,1700.0,2000.0,1850.0
Tamil Nadu,Virudhunagar,Srivilliputhur(Uzhavar Sandhai ),Banana - Green,Banana - Green,Local,2026-09-20,2500.0,3000.0,2750.0
Tamil Nadu,Virudhunagar,Srivilliputhur(Uzhavar Sandhai ),Elephant Yam(Suran)/Amorphophallus,Elephant Yam (Suran),Local,2026-09-20,4500.0,5000.0,4750.0
Uttar Pradesh,Kanpur Dehat,Rura APMC,Wheat,Medium,FAQ,2026-09-20,2500.0,2500.0,2500.0
Uttar Pradesh,Kanpur Dehat,Rura APMC,Wheat,Other,FAQ,2026-09-20,2500.0,2500.0,2500.0
Uttar Pradesh,Prayagraj,Prayagraj APMC,Potato,Other,FAQ,2026-09-20,700.0,800.0,753.7
Uttar Pradesh,Raebarelli,Raibareilly APMC,Firewood,Firewood,FAQ,2026-09-20,300.0,300.0,300.0
Uttar Pradesh,Badaun,Shahaswan APMC,Banana,Amruthapani,Medium,2026-09-20,2000.0,2200.0,2100.0
Uttar Pradesh,Badaun,Shahaswan APMC,Brinjal,Brinjal,Medium,2026-09-20,1200.0,1500.0,1400.0
Uttar Pradesh,Badaun,Shahaswan APMC,Pumpkin,Other,Medium,2026-09-20,1200.0,1300.0,1250.0
Uttar Pradesh,Hathras,Shadabad APMC,Potato,Other,FAQ,2026-09-20,350.0,350.0,350.0
Uttar Pradesh,Barabanki,Safdarganj APMC,Mustard,Other,FAQ,2026-09-20,7000.0,7000.0,7000.0
Uttar Pradesh,Firozabad,Shikohabad APMC,Potato,Other,FAQ,2026-09-20,500.0,500.0,500.0
Uttar Pradesh,Firozabad,Shikohabad APMC,Maize,Other,FAQ,2026-09-20,2250.0,2250.0,2250.0
Uttar Pradesh,Amethi,Sultanpur APMC,Wheat,Dara,FAQ,2026-09-20,2450.0,2450.0,2450.0
Uttar Pradesh,Ambedkarnagar,Tanda Akbarpur APMC,Tobacco,Other,FAQ,2026-09-20,4200.0,4200.0,4200.0
Uttar Pradesh,Kanpur,Uttaripura APMC,Wheat,Deshi,FAQ,2026-09-20,2400.0,2400.0,2400.0
Uttar Pradesh,Badaun,Wazirganj APMC,Potato,Other,FAQ,2026-09-20,600.0,600.0,600.0
Odisha,Kalahandi,Mukhiguda APMC,Bitter gourd,Bitter Gourd,Grade B,2026-09-20,4000.0,4600.0,4300.0
West Bengal,North 24 Parganas,Habra APMC,Brinjal,Brinjal,FAQ,2026-09-20,5500.0,5600.0,5500.0
West Bengal,North 24 Parganas,Habra APMC,Potato,Jyoti,FAQ,2026-09-20,900.0,900.0,900.0
West Bengal,Bankura,Khatra APMC,Bottle gourd,Bottle Gourd,FAQ,2026-09-20,1000.0,1600.0,1500.0
West Bengal,Bankura,Khatra APMC,Cucumbar(Kheera),Cucumbar,FAQ,2026-09-20,3500.0,4100.0,4000.0
West Bengal,Bankura,Khatra APMC,Potato,Jyoti,FAQ,2026-09-20,600.0,700.0,660.0
Tamil Nadu,Coimbatore,Vadavalli(Uzhavar Sandhai ),Orange,Darjeeling,Local,2026-09-20,14000.0,17000.0,15500.0
Tamil Nadu,Coimbatore,Vadavalli(Uzhavar Sandhai ),Grapes,Annabesahai,Local,2026-09-20,10000.0,11000.0,10500.0
Tamil Nadu,Coimbatore,Vadavalli(Uzhavar Sandhai ),Brinjal,Other,Local,2026-09-20,3400.0,3800.0,3600.0
Tamil Nadu,Coimbatore,Vadavalli(Uzhavar Sandhai ),Coriander(Leaves),I Sort,Local,2026-09-20,4400.0,4800.0,4600.0
Tamil Nadu,Coimbatore,Vadavalli(Uzhavar Sandhai ),Mousambi(Sweet Lime),Mousambi,Local,2026-09-20,4000.0,4500.0,4250.0
Tamil Nadu,Coimbatore,Vadavalli(Uzhavar Sandhai ),Tapioca,Tapioca,Local,2026-09-20,3000.0,3500.0,3250.0
Tamil Nadu,Coimbatore,Vadavalli(Uzhavar Sandhai ),Ginger(Green),Green Ginger,Local,2026-09-20,12000.0,15800.0,13900.0
Tamil Nadu,Coimbatore,Vadavalli(Uzhavar Sandhai ),Cabbage,Cabbage,Local,2026-09-20,2000.0,2400.0,2200.0
Tamil Nadu,Coimbatore,Vadavalli(Uzhavar Sandhai ),Ridgeguard(Tori),Ridgeguard(Tori),Local,2026-09-20,3800.0,4200.0,4000.0
Tamil Nadu,Coimbatore,Vadavalli(Uzhavar Sandhai ),Raddish,Raddish,Local,2026-09-20,2500.0,3000.0,2750.0
Tamil Nadu,Coimbatore,Vadavalli(Uzhavar Sandhai ),Chow Chow,Chow Chow,Local,2026-09-20,2800.0,3200.0,3000.0
Tamil Nadu,Coimbatore,Vadavalli(Uzhavar Sandhai ),Guava,Guava Allahabad,Local,2026-09-20,5500.0,6000.0,5750.0
Tamil Nadu,Coimbatore,Vadavalli(Uzhavar Sandhai ),Pomegranate,Pomogranate,Local,2026-09-20,10000.0,16500.0,13250.0
West Bengal,Darjeeling,Karsiyang(Matigara) APMC,Squash(Chappal Kadoo),Other,FAQ,2026-09-20,1400.0,1600.0,1500.0
Tamil Nadu,Dindigul,Vedasanthur(Uzhavar Sandhai ),Snakeguard,Snakeguard,Local,2026-09-20,2000.0,2400.0,2200.0
Tamil Nadu,Dindigul,Vedasanthur(Uzhavar Sandhai ),Drumstick,Drumstick,Local,2026-09-20,2500.0,3000.0,2750.0
West Bengal,Darjeeling,Darjeeling APMC,Ginger(Green),Other,FAQ,2026-09-20,8800.0,9200.0,9000.0
Haryana,Yamuna Nagar,Sadhaura APMC,Bhindi(Ladies Finger),Bhindi,Local,2026-09-20,1400.0,1600.0,1500.0
Haryana,Yamuna Nagar,Sadhaura APMC,Onion,Onion,Local,2026-09-20,2700.0,2850.0,2800.0
Haryana,Yamuna Nagar,Sadhaura APMC,Tomato,Tomato,Local,2026-09-20,1900.0,2100.0,2000.0
Uttar Pradesh,Bulandshahar,Gulavati APMC,Sponge gourd,Other,FAQ,2026-09-20,2100.0,2300.0,2200.0
Uttar Pradesh,Bulandshahar,Gulavati APMC,Brinjal,Brinjal,FAQ,2026-09-20,1500.0,1700.0,1600.0
Tripura,South Tripura,Barpathari APMC,Pointed gourd(Parval),Pointed gourd (Parval),Local,2026-09-20,3900.0,4100.0,4000.0
Tamil Nadu,Coimbatore,Udumalpet APMC,Onion,Bellary,Local,2026-09-20,6000.0,6800.0,6400.0
Tamil Nadu,Coimbatore,Udumalpet APMC,Cauliflower,Ranchi,Local,2026-09-20,3500.0,4000.0,3750.0
Tamil Nadu,Coimbatore,Udumalpet APMC,Brinjal,Other,Local,2026-09-20,4000.0,4500.0,4250.0
Tamil Nadu,Coimbatore,Udumalpet APMC,Coriander(Leaves),I Sort,Local,2026-09-20,5000.0,6000.0,5500.0
Tamil Nadu,Coimbatore,Udumalpet APMC,Papaya,Papaya,Local,2026-09-20,3000.0,3500.0,3250.0
Tamil Nadu,Coimbatore,Udumalpet APMC,Cluster beans,Cluster Beans,Local,2026-09-20,3500.0,4500.0,4000.0
Tamil Nadu,Coimbatore,Udumalpet APMC,Snakeguard,Snakeguard,Local,2026-09-20,3000.0,4000.0,3500.0
Tamil Nadu,Coimbatore,Udumalpet APMC,Thondekai,Thondekai,Local,2026-09-20,4500.0,5000.0,4750.0
Tamil Nadu,Coimbatore,Udumalpet APMC,Chow Chow,Chow Chow,Local,2026-09-20,4000.0,4500.0,4250.0
Tamil Nadu,Coimbatore,Udumalpet APMC,Pomegranate,Pomogranate,Local,2026-09-20,15000.0,17000.0,16000.0
Tamil Nadu,Coimbatore,Udumalpet APMC,Lemon,Lemon,Local,2026-09-20,26000.0,28000.0,27000.0
Andhra Pradesh,Kakinada,Karapa APMC,Paddy(Common),1001,FAQ,2026-09-20,2362.0,2369.0,2365.0
West Bengal,Darjeeling,Siliguri APMC,Green Chilli,Green Chilly,FAQ,2026-09-20,6000.0,6500.0,6200.0
Tamil Nadu,Erode,Gobichettipalayam(Uzhavar Sandhai ),Coriander(Leaves),I Sort,Local,2026-09-20,5000.0,5500.0,5250.0
Tamil Nadu,Erode,Gobichettipalayam(Uzhavar Sandhai ),Papaya,Papaya,Local,2026-09-20,3000.0,3400.0,3200.0
Tamil Nadu,Erode,Gobichettipalayam(Uzhavar Sandhai ),Mousambi(Sweet Lime),Mousambi,Local,2026-09-20,3600.0,4000.0,3800.0
Tamil Nadu,Erode,Gobichettipalayam(Uzhavar Sandhai ),Ashgourd,Gouard,Local,2026-09-20,2500.0,3000.0,2750.0
Tamil Nadu,Erode,Gobichettipalayam(Uzhavar Sandhai ),Amaranthus,Amaranthus,Local,2026-09-20,4200.0,4500.0,4350.0
Tamil Nadu,Erode,Gobichettipalayam(Uzhavar Sandhai ),Green Chilli,Green Chilly,Local,2026-09-20,5400.0,5600.0,5500.0
Tamil Nadu,Erode,Gobichettipalayam(Uzhavar Sandhai ),Banana - Green,Banana - Green,Local,2026-09-20,3400.0,3600.0,3500.0
Tamil Nadu,Erode,Gobichettipalayam(Uzhavar Sandhai ),Tapioca,Tapioca,Local,2026-09-20,2000.0,2500.0,2250.0
Tamil Nadu,Erode,Gobichettipalayam(Uzhavar Sandhai ),Snakeguard,Snakeguard,Local,2026-09-20,4200.0,4500.0,4350.0
Tamil Nadu,Erode,Gobichettipalayam(Uzhavar Sandhai ),Chow Chow,Chow Chow,Local,2026-09-20,3500.0,4000.0,3750.0
Uttar Pradesh,Gorakhpur,Gorakhpur APMC,Pegeon Pea(Arhar Fali),Other,FAQ,2026-09-20,11301.0,11640.0,11557.23
Tamil Nadu,Erode,Sampath Nagar(Uzhavar Sandhai ),Orange,Darjeeling,Local,2026-09-20,9000.0,10000.0,9500.0
Tamil Nadu,Erode,Sampath Nagar(Uzhavar Sandhai ),Green Peas,Green Peas,Local,2026-09-20,20000.0,21000.0,20500.0
Tamil Nadu,Erode,Sampath Nagar(Uzhavar Sandhai ),Ashgourd,Gouard,Local,2026-09-20,1800.0,2000.0,1900.0
Tamil Nadu,Erode,Sampath Nagar(Uzhavar Sandhai ),Bhindi(Ladies Finger),Bhindi,Local,2026-09-20,3000.0,3200.0,3100.0
Tamil Nadu,Erode,Sampath Nagar(Uzhavar Sandhai ),Amaranthus,Amaranthus,Local,2026-09-20,3500.0,4000.0,3750.0
Tamil Nadu,Erode,Sampath Nagar(Uzhavar Sandhai ),Coconut,Coconut,Local,2026-09-20,5000.0,5400.0,5200.0
Tamil Nadu,Erode,Sampath Nagar(Uzhavar Sandhai ),Ridgeguard(Tori),Ridgeguard(Tori),Local,2026-09-20,3200.0,3600.0,3400.0
Tamil Nadu,Erode,Sampath Nagar(Uzhavar Sandhai ),Raddish,Raddish,Local,2026-09-20,2200.0,2500.0,2350.0
Tamil Nadu,Erode,Sampath Nagar(Uzhavar Sandhai ),Amla(Nelli Kai),Amla,Local,2026-09-20,11000.0,12000.0,11500.0
Tamil Nadu,Erode,Sampath Nagar(Uzhavar Sandhai ),Onion Green,Onion Green,Local,2026-09-20,6500.0,7500.0,7000.0
Himachal Pradesh,Kullu,SMY Bandrol,Pomegranate,Other,Grade A,2026-09-20,3200.0,8500.0,6500.0
Tripura,Khowai,Kalyanpur APMC,Banana,Champa,Medium,2026-09-20,1900.0,2100.0,2000.0
Tripura,Khowai,Kalyanpur APMC,Sponge gourd,Sponge gourd,FAQ,2026-09-20,3800.0,4000.0,3900.0
Tripura,Khowai,Kalyanpur APMC,Cowpea(Veg),Cowpea (Veg),FAQ,2026-09-20,4200.0,4400.0,4300.0
Tripura,Khowai,Kalyanpur APMC,Tomato,Hybrid,FAQ,2026-09-20,2800.0,3000.0,2900.0
Tripura,Khowai,Kalyanpur APMC,Green Chilli,Green Chilly,FAQ,2026-09-20,13000.0,13200.0,13100.0
Tamil Nadu,Vellore,Pallikonda(Uzhavar Sandhai),Potato,Red Nanital,Local,2026-09-20,2500.0,3000.0,2750.0
Tamil Nadu,Vellore,Pallikonda(Uzhavar Sandhai),Ashgourd,Gouard,Local,2026-09-20,2500.0,2500.0,2500.0
Tamil Nadu,Vellore,Pallikonda(Uzhavar Sandhai),Pumpkin,Pumpkin,Local,2026-09-20,2500.0,3000.0,2750.0
Tamil Nadu,Vellore,Pallikonda(Uzhavar Sandhai),Beans,Beans (Whole),Local,2026-09-20,6000.0,6500.0,6250.0
Tamil Nadu,Vellore,Pallikonda(Uzhavar Sandhai),Ginger(Green),Green Ginger,Local,2026-09-20,14000.0,15000.0,14500.0
Tamil Nadu,Vellore,Pallikonda(Uzhavar Sandhai),Drumstick,Drumstick,Local,2026-09-20,4500.0,5000.0,4750.0
Tamil Nadu,Vellore,Pallikonda(Uzhavar Sandhai),Lemon,Lemon,Local,2026-09-20,8000.0,9000.0,8500.0
Tamil Nadu,Vellore,Pallikonda(Uzhavar Sandhai),Colacasia,Colacasia,Local,2026-09-20,3500.0,4000.0,3750.0
Tamil Nadu,Pudukkottai,Ponnamaravathi(Uzhavar Sandhai),Banana,Other,Local,2026-09-20,6000.0,7000.0,6500.0
Tamil Nadu,Pudukkottai,Ponnamaravathi(Uzhavar Sandhai),Coriander(Leaves),I Sort,Local,2026-09-20,4000.0,5000.0,4500.0
Tamil Nadu,Pudukkottai,Ponnamaravathi(Uzhavar Sandhai),Papaya,Papaya,Local,2026-09-20,3000.0,4000.0,3500.0
Tamil Nadu,Pudukkottai,Ponnamaravathi(Uzhavar Sandhai),Pumpkin,Pumpkin,Local,2026-09-20,1000.0,1500.0,1250.0
Tamil Nadu,Pudukkottai,Ponnamaravathi(Uzhavar Sandhai),Green Avare(W),Green Avare (W),Local,2026-09-20,6000.0,7000.0,6500.0
Tamil Nadu,Nagapattinam,Mayiladuthurai(Uzhavar Sandhai ),Brinjal,Round,Local,2026-09-20,4500.0,5000.0,4750.0
Tamil Nadu,Nagapattinam,Mayiladuthurai(Uzhavar Sandhai ),Ashgourd,Gouard,Local,2026-09-20,1500.0,2000.0,1750.0
Tamil Nadu,Nagapattinam,Mayiladuthurai(Uzhavar Sandhai ),Pumpkin,Pumpkin,Local,2026-09-20,1500.0,2000.0,1750.0
Tamil Nadu,Nagapattinam,Mayiladuthurai(Uzhavar Sandhai ),Banana - Green,Banana - Green,Local,2026-09-20,3600.0,4000.0,3800.0
Tamil Nadu,Nagapattinam,Mayiladuthurai(Uzhavar Sandhai ),Mango(Raw-Ripe),Mango - Raw-Ripe,Local,2026-09-20,9000.0,10000.0,9500.0
Uttar Pradesh,Lucknow,Lucknow APMC,Wood,Other,FAQ,2026-09-20,530.0,1400.0,1045.72
Tamil Nadu,Pudukkottai,Viralimalai(Uzhavar Sandhai ),Brinjal,Other,Local,2026-09-20,5500.0,6000.0,5750.0
Tamil Nadu,Pudukkottai,Viralimalai(Uzhavar Sandhai ),Papaya,Papaya,Local,2026-09-20,2500.0,3000.0,2750.0
Tamil Nadu,Pudukkottai,Viralimalai(Uzhavar Sandhai ),Ashgourd,Gouard,Local,2026-09-20,2000.0,2500.0,2250.0
Tamil Nadu,Pudukkottai,Viralimalai(Uzhavar Sandhai ),Amaranthus,Amaranthus,Local,2026-09-20,1500.0,2000.0,1750.0
Tamil Nadu,Pudukkottai,Viralimalai(Uzhavar Sandhai ),Banana - Green,Banana - Green,Local,2026-09-20,2500.0,3000.0,2750.0
Tamil Nadu,Pudukkottai,Viralimalai(Uzhavar Sandhai ),Drumstick,Drumstick,Local,2026-09-20,4500.0,5000.0,4750.0
Tamil Nadu,Pudukkottai,Viralimalai(Uzhavar Sandhai ),Guava,Guava Allahabad,Local,2026-09-20,7500.0,8000.0,7750.0
Tamil Nadu,Pudukkottai,Viralimalai(Uzhavar Sandhai ),Mint(Pudina),Mint(Pudina),Local,2026-09-20,4500.0,5000.0,4750.0
Tamil Nadu,Ramanathapuram,Kamuthi(Uzhavar Sandhai ),Cluster beans,Cluster Beans,Local,2026-09-20,4000.0,4500.0,4250.0
Tamil Nadu,Ramanathapuram,Paramakudi(Uzhavar Sandhai ),Cauliflower,Ranchi,Local,2026-09-20,5000.0,5500.0,5250.0
Tamil Nadu,Ramanathapuram,Paramakudi(Uzhavar Sandhai ),Banana - Green,Banana - Green,Local,2026-09-20,3000.0,3500.0,3250.0
Tamil Nadu,Ramanathapuram,Paramakudi(Uzhavar Sandhai ),Beetroot,Beetroot,Local,2026-09-20,5000.0,5500.0,5250.0
Tamil Nadu,Ramanathapuram,Paramakudi(Uzhavar Sandhai ),Ridgeguard(Tori),Ridgeguard(Tori),Local,2026-09-20,5200.0,6000.0,5600.0
Tamil Nadu,Ramanathapuram,Paramakudi(Uzhavar Sandhai ),Raddish,Raddish,Local,2026-09-20,4500.0,4800.0,4650.0
Tamil Nadu,Ramanathapuram,Paramakudi(Uzhavar Sandhai ),Green Avare(W),Green Avare (W),Local,2026-09-20,7500.0,8000.0,7750.0
Tamil Nadu,Ramanathapuram,Paramakudi(Uzhavar Sandhai ),Chow Chow,Chow Chow,Local,2026-09-20,4500.0,4800.0,4650.0
Tamil Nadu,Ramanathapuram,Paramakudi(Uzhavar Sandhai ),Onion Green,Onion Green,Local,2026-09-20,7000.0,8000.0,7500.0
Tamil Nadu,Pudukkottai,Alangudi(Uzhavar Sandhai ),Tomato,Other,Local,2026-09-20,2500.0,3000.0,2750.0
Tamil Nadu,Pudukkottai,Alangudi(Uzhavar Sandhai ),Cluster beans,Cluster Beans,Local,2026-09-20,3500.0,4000.0,3750.0
Tamil Nadu,Pudukkottai,Alangudi(Uzhavar Sandhai ),Raddish,Raddish,Local,2026-09-20,2500.0,3000.0,2750.0
Tamil Nadu,Pudukkottai,Alangudi(Uzhavar Sandhai ),Onion Green,Onion Green,Local,2026-09-20,9000.0,10000.0,9500.0
Tamil Nadu,Thiruvannamalai,Arani(Uzhavar Sandhai ),Cluster beans,Cluster Beans,Local,2026-09-20,3500.0,4200.0,3850.0
Tamil Nadu,Thiruvannamalai,Arani(Uzhavar Sandhai ),Sweet Potato,Hosur Red,Local,2026-09-20,3500.0,4000.0,3750.0
Tamil Nadu,Thiruvannamalai,Arani(Uzhavar Sandhai ),Green Avare(W),Green Avare (W),Local,2026-09-20,5000.0,6000.0,5500.0
Tamil Nadu,Thiruvannamalai,Arani(Uzhavar Sandhai ),Tender Coconut,Tender Coconut,Local,2026-09-20,1500.0,2000.0,1750.0
Tamil Nadu,Thiruvannamalai,Arani(Uzhavar Sandhai ),Yam(Ratalu),Yam (Ratalu),Local,2026-09-20,6000.0,7000.0,6500.0
Tamil Nadu,Thiruvannamalai,Polur(Uzhavar Sandhai ),Groundnut,Big (With Shell),Local,2026-09-20,5000.0,6000.0,5500.0
Tamil Nadu,Thiruvannamalai,Polur(Uzhavar Sandhai ),Garlic,Garlic,Local,2026-09-20,22000.0,26000.0,24000.0
Tamil Nadu,Thiruvannamalai,Polur(Uzhavar Sandhai ),Tomato,Deshi,Local,2026-09-20,2000.0,2500.0,2250.0
Tamil Nadu,Thiruvannamalai,Polur(Uzhavar Sandhai ),Green Chilli,Green Chilly,Local,2026-09-20,5000.0,6000.0,5500.0
Tamil Nadu,Thiruvannamalai,Polur(Uzhavar Sandhai ),Banana - Green,Banana - Green,Local,2026-09-20,1600.0,2000.0,1800.0
Tamil Nadu,Thiruvannamalai,Polur(Uzhavar Sandhai ),Coconut,Coconut,Local,2026-09-20,4200.0,5000.0,4600.0
Tamil Nadu,Thiruvannamalai,Polur(Uzhavar Sandhai ),Carrot,Pusakesar,Local,2026-09-20,5000.0,6000.0,5500.0
Tamil Nadu,Thiruvannamalai,Polur(Uzhavar Sandhai ),Cucumbar(Kheera),Cucumbar,Local,2026-09-20,3300.0,4000.0,3650.0
Tamil Nadu,Thiruvannamalai,Polur(Uzhavar Sandhai ),Lemon,Lemon,Local,2026-09-20,16000.0,20000.0,18000.0
Tamil Nadu,Thiruvannamalai,Tiruvannamalai(Uzhavar Sandhai ),Brinjal,Round,Local,2026-09-20,6400.0,7200.0,6800.0
Tamil Nadu,Thiruvannamalai,Tiruvannamalai(Uzhavar Sandhai ),Chikoos(Sapota),Sapota,Local,2026-09-20,5000.0,6000.0,5500.0
Tamil Nadu,Thiruvannamalai,Tiruvannamalai(Uzhavar Sandhai ),Cluster beans,Cluster Beans,Local,2026-09-20,3000.0,3600.0,3300.0
Tamil Nadu,Thiruvannamalai,Tiruvannamalai(Uzhavar Sandhai ),Drumstick,Drumstick,Local,2026-09-20,5000.0,6000.0,5500.0
Tamil Nadu,Thiruvannamalai,Tiruvannamalai(Uzhavar Sandhai ),Knool Khol,Knool Khol,Local,2026-09-20,4000.0,4800.0,4400.0
Tamil Nadu,Thiruvannamalai,Tiruvannamalai(Uzhavar Sandhai ),Tender Coconut,Tender Coconut,Local,2026-09-20,2500.0,3000.0,2750.0
Tamil Nadu,Thiruvannamalai,Tiruvannamalai(Uzhavar Sandhai ),Colacasia,Colacasia,Local,2026-09-20,3500.0,4000.0,3750.0
Tamil Nadu,Thiruvannamalai,Tiruvannamalai(Uzhavar Sandhai ),Amla(Nelli Kai),Amla,Local,2026-09-20,10000.0,12000.0,11000.0
Tamil Nadu,Thiruvannamalai,Tiruvannamalai(Uzhavar Sandhai ),Rose(Local),Rose (Local),Local,2026-09-20,18000.0,20000.0,19000.0
Tamil Nadu,Thiruvarur,Mannargudi I(Uzhavar Sandhai ),Chikoos(Sapota),Sapota,Local,2026-09-20,8000.0,8000.0,8000.0
Tamil Nadu,Thiruvarur,Mannargudi I(Uzhavar Sandhai ),Cluster beans,Cluster Beans,Local,2026-09-20,3600.0,3600.0,3600.0
Tamil Nadu,Thiruvarur,Mannargudi I(Uzhavar Sandhai ),Banana - Green,Banana - Green,Local,2026-09-20,4800.0,4800.0,4800.0
Tamil Nadu,Thiruvarur,Mannargudi I(Uzhavar Sandhai ),Ginger(Green),Green Ginger,Local,2026-09-20,18000.0,18000.0,18000.0
Tamil Nadu,Thiruvarur,Mannargudi I(Uzhavar Sandhai ),Cabbage,Cabbage,Local,2026-09-20,3400.0,3400.0,3400.0
Tamil Nadu,Thiruvarur,Mannargudi I(Uzhavar Sandhai ),Snakeguard,Snakeguard,Local,2026-09-20,3200.0,3600.0,3400.0
Tamil Nadu,Thiruvarur,Mannargudi I(Uzhavar Sandhai ),Guava,Guava Allahabad,Local,2026-09-20,10000.0,10000.0,10000.0
Tamil Nadu,Thiruvarur,Mannargudi I(Uzhavar Sandhai ),Lemon,Lemon,Local,2026-09-20,24000.0,24000.0,24000.0
Tamil Nadu,Thiruvarur,Mannargudi II(Uzhavar Sandhai ),Coriander(Leaves),I Sort,Local,2026-09-20,4000.0,4000.0,4000.0
Tamil Nadu,Thiruvarur,Mannargudi II(Uzhavar Sandhai ),Amaranthus,Amaranthus,Local,2026-09-20,2000.0,2000.0,2000.0
Tamil Nadu,Thiruvarur,Mannargudi II(Uzhavar Sandhai ),Ginger(Green),Green Ginger,Local,2026-09-20,18000.0,18000.0,18000.0
Tamil Nadu,Thiruvarur,Mannargudi II(Uzhavar Sandhai ),Coconut,Coconut,Local,2026-09-20,4000.0,4000.0,4000.0
Tamil Nadu,Thiruvarur,Mannargudi II(Uzhavar Sandhai ),Beetroot,Beetroot,Local,2026-09-20,5400.0,5400.0,5400.0
Tamil Nadu,Thiruvarur,Mannargudi II(Uzhavar Sandhai ),Raddish,Raddish,Local,2026-09-20,3400.0,3400.0,3400.0
Tamil Nadu,Thiruvarur,Tiruthuraipoondi(Uzhavar Sandhai ),Groundnut,Big (With Shell),Local,2026-09-20,6000.0,6000.0,6000.0
Tamil Nadu,Thiruvarur,Tiruthuraipoondi(Uzhavar Sandhai ),Banana - Green,Banana - Green,Local,2026-09-20,4000.0,4000.0,4000.0
Tamil Nadu,Thiruvarur,Tiruthuraipoondi(Uzhavar Sandhai ),Tapioca,Tapioca,Local,2026-09-20,4400.0,4400.0,4400.0
Tamil Nadu,Thiruvarur,Tiruthuraipoondi(Uzhavar Sandhai ),Tamarind Fruit,Tamarind Fruit,Local,2026-09-20,16000.0,16000.0,16000.0
Tamil Nadu,Thiruvellore,Naravarikuppam(Uzhavar Sandhai ),Tomato,Deshi,Local,2026-09-20,3000.0,3000.0,3000.0
Tamil Nadu,Thiruvellore,Paruthipattu(Uzhavar Sandhai ),Onion,Bellary,Local,2026-09-20,6000.0,6000.0,6000.0
Tamil Nadu,Thiruvellore,Paruthipattu(Uzhavar Sandhai ),Cucumbar(Kheera),Cucumbar,Local,2026-09-20,4000.0,4000.0,4000.0
Tamil Nadu,Thiruvellore,Paruthipattu(Uzhavar Sandhai ),Mint(Pudina),Mint(Pudina),Local,2026-09-20,4000.0,4000.0,4000.0
Tamil Nadu,Thiruvellore,Perambakkam(Uzhavar Sandhai ),Tomato,Deshi,Local,2026-09-20,3000.0,3000.0,3000.0
Tamil Nadu,Thiruvellore,Perambakkam(Uzhavar Sandhai ),Cluster beans,Cluster Beans,Local,2026-09-20,4000.0,4000.0,4000.0
Tamil Nadu,Thiruvellore,Perambakkam(Uzhavar Sandhai ),Bhindi(Ladies Finger),Bhindi,Local,2026-09-20,4000.0,4000.0,4000.0
Tamil Nadu,Thiruvellore,Perambakkam(Uzhavar Sandhai ),Snakeguard,Snakeguard,Local,2026-09-20,4000.0,4000.0,4000.0
Tamil Nadu,Thiruvellore,Perambakkam(Uzhavar Sandhai ),Marigold(Calcutta),Marigold(Calcutta),Local,2026-09-20,15000.0,15000.0,15000.0
Tamil Nadu,Tuticorin,Kovilpatti(Uzhavar Sandhai ),Banana,Other,Local,2026-09-20,3500.0,4000.0,3750.0
Tamil Nadu,Tuticorin,Kovilpatti(Uzhavar Sandhai ),Cauliflower,Ranchi,Local,2026-09-20,4500.0,5000.0,4750.0
Tamil Nadu,Tuticorin,Kovilpatti(Uzhavar Sandhai ),Green Chilli,Green Chilly,Local,2026-09-20,5500.0,6000.0,5750.0
Tamil Nadu,Tuticorin,Kovilpatti(Uzhavar Sandhai ),Beans,Beans (Whole),Local,2026-09-20,9000.0,9500.0,9250.0
Tamil Nadu,Tuticorin,Kovilpatti(Uzhavar Sandhai ),Ginger(Green),Green Ginger,Local,2026-09-20,19000.0,19500.0,19250.0
Tamil Nadu,Tuticorin,Kovilpatti(Uzhavar Sandhai ),Carrot,Pusakesar,Local,2026-09-20,5500.0,6000.0,5750.0
Tamil Nadu,Tuticorin,Kovilpatti(Uzhavar Sandhai ),Green Avare(W),Other,Local,2026-09-20,9500.0,10000.0,9750.0
Tamil Nadu,Tuticorin,Kovilpatti(Uzhavar Sandhai ),Guava,Guava Allahabad,Local,2026-09-20,5500.0,6000.0,5750.0
Tamil Nadu,Vellore,Gudiyatham(Uzhavar Sandhai ),Papaya,Papaya,Local,2026-09-20,3500.0,3500.0,3500.0
Tamil Nadu,Vellore,Gudiyatham(Uzhavar Sandhai ),Amaranthus,Amaranthus,Local,2026-09-20,4000.0,4000.0,4000.0
Tamil Nadu,Vellore,Gudiyatham(Uzhavar Sandhai ),Tapioca,Tapioca,Local,2026-09-20,3000.0,3000.0,3000.0
Tamil Nadu,Vellore,Gudiyatham(Uzhavar Sandhai ),Green Avare(W),Green Avare (W),Local,2026-09-20,6600.0,6600.0,6600.0
Tamil Nadu,Vellore,Gudiyatham(Uzhavar Sandhai ),Chow Chow,Chow Chow,Local,2026-09-20,4000.0,4000.0,4000.0
Tamil Nadu,Vellore,Gudiyatham(Uzhavar Sandhai ),Drumstick,Drumstick,Local,2026-09-20,3600.0,3600.0,3600.0
Tamil Nadu,Vellore,Kahithapattarai(Uzhavar Sandhai ),Potato,Other,Local,2026-09-20,2500.0,2500.0,2500.0
Tamil Nadu,Vellore,Kahithapattarai(Uzhavar Sandhai ),Cauliflower,Ranchi,Local,2026-09-20,3000.0,3000.0,3000.0
Tamil Nadu,Vellore,Kahithapattarai(Uzhavar Sandhai ),Cluster beans,Cluster Beans,Local,2026-09-20,4000.0,4000.0,4000.0
Tamil Nadu,Vellore,Kahithapattarai(Uzhavar Sandhai ),Green Chilli,Green Chilly,Local,2026-09-20,4600.0,4600.0,4600.0
Tamil Nadu,Vellore,Kahithapattarai(Uzhavar Sandhai ),Banana - Green,Banana - Green,Local,2026-09-20,6000.0,6000.0,6000.0
Tamil Nadu,Vellore,Kahithapattarai(Uzhavar Sandhai ),Coconut,Coconut,Local,2026-09-20,2500.0,2500.0,2500.0
Tamil Nadu,Vellore,Kahithapattarai(Uzhavar Sandhai ),Carrot,Pusakesar,Local,2026-09-20,4600.0,4600.0,4600.0
Tamil Nadu,Vellore,Kahithapattarai(Uzhavar Sandhai ),Cucumbar(Kheera),Cucumbar,Local,2026-09-20,3500.0,3500.0,3500.0
Tamil Nadu,Vellore,Kahithapattarai(Uzhavar Sandhai ),Thondekai,Thondekai,Local,2026-09-20,3000.0,3000.0,3000.0
Tamil Nadu,Vellore,Kahithapattarai(Uzhavar Sandhai ),Capsicum,Capsicum,Local,2026-09-20,5000.0,5000.0,5000.0
Tamil Nadu,Vellore,Kahithapattarai(Uzhavar Sandhai ),Green Avare(W),Other,Local,2026-09-20,5600.0,5600.0,5600.0
Tamil Nadu,Vellore,Kahithapattarai(Uzhavar Sandhai ),Yam(Ratalu),Yam (Ratalu),Local,2026-09-20,6500.0,6500.0,6500.0
Tamil Nadu,Vellore,Kahithapattarai(Uzhavar Sandhai ),Onion Green,Onion Green,Local,2026-09-20,11000.0,11000.0,11000.0
Tamil Nadu,Vellore,Kahithapattarai(Uzhavar Sandhai ),Rose(Local),Rose (Local),Local,2026-09-20,15000.0,17000.0,16000.0
Tamil Nadu,Vellore,Kahithapattarai(Uzhavar Sandhai ),Sweet Corn,Sweet Corn,Local,2026-09-20,3000.0,3000.0,3000.0
Tamil Nadu,Thiruvannamalai,Cheyyar(Uzhavar Sandhai ),Banana,Poovan,Local,2026-09-20,4000.0,5000.0,4500.0
Tamil Nadu,Thiruvannamalai,Cheyyar(Uzhavar Sandhai ),Mint(Pudina),Mint(Pudina),Local,2026-09-20,3200.0,4000.0,3600.0
Andhra Pradesh,SPSR Nellore,Gudur APMC,Paddy(Common),MTU-1010,Local,2026-09-20,2440.0,2480.0,2455.0
Tamil Nadu,Ariyalur,Ariyalur(Uzhavar Sandhai),Coriander(Leaves),I Sort,Local,2026-09-20,5000.0,5500.0,5250.0
Tamil Nadu,Ariyalur,Ariyalur(Uzhavar Sandhai),Bhindi(Ladies Finger),Bhindi,Local,2026-09-20,3500.0,4000.0,3750.0
Tamil Nadu,Ariyalur,Ariyalur(Uzhavar Sandhai),Cabbage,Cabbage,Local,2026-09-20,3000.0,3500.0,3250.0
Tamil Nadu,Ariyalur,Ariyalur(Uzhavar Sandhai),Green Avare(W),Green Avare (W),Local,2026-09-20,6000.0,7000.0,6500.0
Tamil Nadu,Ariyalur,Ariyalur(Uzhavar Sandhai),Lemon,Lemon,Local,2026-09-20,4000.0,4500.0,4250.0
Madhya Pradesh,Ujjain,Ujjain(F&V) APMC,Green Chilli,Green Chilly,Medium,2026-09-20,825.0,3110.0,2149.0
Madhya Pradesh,Ujjain,Ujjain(F&V) APMC,Tomato,Deshi,Medium,2026-09-20,650.0,2035.0,1672.0
Madhya Pradesh,Ujjain,Ujjain(F&V) APMC,Sponge gourd,Sponge gourd,Medium,2026-09-20,535.0,2000.0,1154.0
Uttarakhand,Udhamsinghnagar,Gadarpur APMC,Rice,Other,Local,2026-09-20,3630.0,3630.0,3630.0
Uttar Pradesh,Gorakhpur,Sehjanwa APMC,Wheat,Dara,FAQ,2026-09-20,2720.0,2720.0,2720.0
Rajasthan,Tonk,Malpura APMC,Wheat,Other,FAQ,2026-09-20,2500.0,2575.0,2550.0
Rajasthan,Tonk,Malpura APMC,Mustard,Other,FAQ,2026-09-20,7500.0,8000.0,7860.0
Rajasthan,Bharatpur,Bayana APMC,Onion,Onion,Local,2026-09-20,3000.0,3000.0,3000.0
Punjab,Hoshiarpur,Dasuya APMC,Guava,Guava,Grade A,2026-09-20,8000.0,8000.0,8000.0
Punjab,Hoshiarpur,Dasuya APMC,Raddish,Raddish,FAQ,2026-09-20,2500.0,2500.0,2500.0
Odisha,Mayurbhanja,Betnoti APMC,Tomato,Tomato,FAQ,2026-09-20,3800.0,4200.0,4000.0
Odisha,Mayurbhanja,Betnoti APMC,Pointed gourd(Parval),Other,FAQ,2026-09-20,3800.0,4200.0,4000.0
Keralam,Thiruvananthapuram,Pappanchani VFPCK Market,Snakeguard,Other,Grade A,2026-09-20,3000.0,3000.0,3000.0
Tamil Nadu,Coimbatore,Sundarapuram(Uzhavar Sandhai ),Onion,Bellary,Local,2026-09-20,6000.0,6400.0,6200.0
Tamil Nadu,Coimbatore,Sundarapuram(Uzhavar Sandhai ),Brinjal,Other,Local,2026-09-20,3500.0,4000.0,3750.0
Tamil Nadu,Coimbatore,Sundarapuram(Uzhavar Sandhai ),Tomato,Local,Local,2026-09-20,2800.0,3200.0,3000.0
Tamil Nadu,Coimbatore,Sundarapuram(Uzhavar Sandhai ),Cluster beans,Cluster Beans,Local,2026-09-20,3200.0,3800.0,3500.0
Tamil Nadu,Coimbatore,Sundarapuram(Uzhavar Sandhai ),Pumpkin,Pumpkin,Local,2026-09-20,1800.0,2000.0,1900.0
Tamil Nadu,Coimbatore,Sundarapuram(Uzhavar Sandhai ),Cowpea(Veg),Cowpea (Veg),Local,2026-09-20,3500.0,4000.0,3750.0
Tamil Nadu,Coimbatore,Sundarapuram(Uzhavar Sandhai ),Ridgeguard(Tori),Ridgeguard(Tori),Local,2026-09-20,4000.0,4500.0,4250.0
Tamil Nadu,Coimbatore,Sundarapuram(Uzhavar Sandhai ),Chow Chow,Chow Chow,Local,2026-09-20,3000.0,3600.0,3300.0
Tamil Nadu,Coimbatore,Sundarapuram(Uzhavar Sandhai ),Mango(Raw-Ripe),Mango - Raw-Ripe,Local,2026-09-20,9000.0,10000.0,9500.0
Tamil Nadu,Coimbatore,Sundarapuram(Uzhavar Sandhai ),Mint(Pudina),Mint(Pudina),Local,2026-09-20,5500.0,6000.0,5750.0
Haryana,Gurgaon,Gurgaon APMC,Apple,Apple,Grade C,2026-09-20,5000.0,10000.0,7500.0
Haryana,Gurgaon,Gurgaon APMC,Pomegranate,Other,Grade B,2026-09-20,5000.0,7000.0,6000.0
Haryana,Gurgaon,Gurgaon APMC,Bottle gourd,Other,Grade A,2026-09-20,800.0,1200.0,1000.0
Haryana,Gurgaon,Gurgaon APMC,Capsicum,Other,Grade A,2026-09-20,2000.0,4000.0,3000.0
Haryana,Gurgaon,Gurgaon APMC,Potato,Other,Grade A,2026-09-20,600.0,1000.0,800.0
Uttar Pradesh,Siddharth Nagar,Bansi APMC,Tomato,Other,FAQ,2026-09-20,1500.0,1500.0,1500.0
Uttar Pradesh,Siddharth Nagar,Bansi APMC,Paddy(Common),Common,FAQ,2026-09-20,2400.0,2400.0,2400.0
Punjab,Amritsar,Rayya(Sathiala) APMC,Paddy(Basmati),Basmati 1509,FAQ,2026-09-20,3750.0,3750.0,3750.0
Punjab,Gurdaspur,Kalanaur APMC,Pumpkin,Pumpkin,Grade A,2026-09-20,1295.0,1295.0,1295.0
Telangana,Karimnagar,Gangadhara APMC,Paddy(Common),I.R. 64,FAQ,2026-09-20,2441.0,2441.0,2441.0
Tamil Nadu,Erode,Sathiyamagalam(Uzhavar Sandhai ),Tomato,Local,Local,2026-09-20,2400.0,2800.0,2600.0
Tamil Nadu,Erode,Sathiyamagalam(Uzhavar Sandhai ),Bitter gourd,Other,Local,2026-09-20,5000.0,5500.0,5250.0
Tamil Nadu,Erode,Sathiyamagalam(Uzhavar Sandhai ),Pumpkin,Pumpkin,Local,2026-09-20,2500.0,3000.0,2750.0
Tamil Nadu,Erode,Sathiyamagalam(Uzhavar Sandhai ),Beetroot,Beetroot,Local,2026-09-20,5000.0,5500.0,5250.0
Tamil Nadu,Erode,Sathiyamagalam(Uzhavar Sandhai ),Cucumbar(Kheera),Cucumbar,Local,2026-09-20,3000.0,3400.0,3200.0
Tamil Nadu,Erode,Sathiyamagalam(Uzhavar Sandhai ),Elephant Yam(Suran)/Amorphophallus,Elephant Yam (Suran),Local,2026-09-20,3500.0,4000.0,3750.0
Tamil Nadu,Erode,Sathiyamagalam(Uzhavar Sandhai ),Onion Green,Onion Green,Local,2026-09-20,6500.0,7000.0,6750.0
Tamil Nadu,Erode,Sathiyamagalam(Uzhavar Sandhai ),Mint(Pudina),Mint(Pudina),Local,2026-09-20,4500.0,5000.0,4750.0
Tamil Nadu,Coimbatore,Mettupalayam(Uzhavar Sandhai ),Banana,Besrai,Local,2026-09-20,4000.0,8000.0,6000.0
Tamil Nadu,Coimbatore,Mettupalayam(Uzhavar Sandhai ),Potato,Red Nanital,Local,2026-09-20,4500.0,6800.0,5650.0
Tamil Nadu,Coimbatore,Mettupalayam(Uzhavar Sandhai ),Cauliflower,Ranchi,Local,2026-09-20,4000.0,4500.0,4250.0
Tamil Nadu,Coimbatore,Mettupalayam(Uzhavar Sandhai ),Brinjal,Round,Local,2026-09-20,2400.0,2800.0,2600.0
Tamil Nadu,Coimbatore,Mettupalayam(Uzhavar Sandhai ),Coriander(Leaves),I Sort,Local,2026-09-20,5500.0,6000.0,5750.0
Tamil Nadu,Coimbatore,Mettupalayam(Uzhavar Sandhai ),Papaya,Papaya,Local,2026-09-20,4000.0,4500.0,4250.0
Tamil Nadu,Coimbatore,Mettupalayam(Uzhavar Sandhai ),Bottle gourd,Bottle Gourd,Local,2026-09-20,2000.0,2500.0,2250.0
Tamil Nadu,Coimbatore,Mettupalayam(Uzhavar Sandhai ),Ashgourd,Gouard,Local,2026-09-20,1600.0,2000.0,1800.0
Tamil Nadu,Coimbatore,Mettupalayam(Uzhavar Sandhai ),Pumpkin,Pumpkin,Local,2026-09-20,1500.0,1800.0,1650.0
Tamil Nadu,Coimbatore,Mettupalayam(Uzhavar Sandhai ),Tapioca,Tapioca,Local,2026-09-20,3000.0,3500.0,3250.0
Tamil Nadu,Coimbatore,Mettupalayam(Uzhavar Sandhai ),Cucumbar(Kheera),Cucumbar,Local,2026-09-20,4000.0,4500.0,4250.0
Tamil Nadu,Coimbatore,Mettupalayam(Uzhavar Sandhai ),Ridgeguard(Tori),Ridgeguard(Tori),Local,2026-09-20,3500.0,4500.0,4000.0
Tamil Nadu,Coimbatore,Mettupalayam(Uzhavar Sandhai ),Capsicum,Capsicum,Local,2026-09-20,5000.0,6000.0,5500.0
Tamil Nadu,Coimbatore,Mettupalayam(Uzhavar Sandhai ),Lime,Lime,Local,2026-09-20,13000.0,15000.0,14000.0
Tamil Nadu,Coimbatore,Mettupalayam(Uzhavar Sandhai ),Lemon,Lemon,Local,2026-09-20,20000.0,25000.0,22500.0
Tamil Nadu,Coimbatore,Mettupalayam(Uzhavar Sandhai ),Turnip,Turnip,Local,2026-09-20,4500.0,5000.0,4750.0
Telangana,Hyderabad,RYTHU BAZAR MEHDIPATNAM,Tinda,Other,Grade A,2026-09-20,3500.0,3500.0,3500.0
Telangana,Hyderabad,RYTHU BAZAR MEHDIPATNAM,Wild Cucumber,Wild Cucumber,Grade A,2026-09-20,2300.0,2300.0,2300.0
Telangana,Hyderabad,RYTHU BAZAR MEHDIPATNAM,Brinjal,Brinjal,Grade A,2026-09-20,3500.0,3500.0,3500.0
Uttar Pradesh,Kanpur Dehat,Pukharayan APMC,Wheat,Dara,FAQ,2026-09-20,2600.0,2600.0,2600.0
Punjab,Ludhiana,Raikot APMC,Onion,Nasik,Grade A,2026-09-20,4085.0,4085.0,4085.0
Uttar Pradesh,Bijnor,Najibabad APMC,Wood,Other,FAQ,2026-09-20,600.0,720.0,648.0
Tamil Nadu,Namakkal,Tiruchengode APMC,Banana,Red Banana,Local,2026-09-20,7000.0,8000.0,7500.0
Tamil Nadu,Namakkal,Tiruchengode APMC,Potato,Other,Local,2026-09-20,2600.0,3000.0,2800.0
Tamil Nadu,Namakkal,Tiruchengode APMC,Snakeguard,Snakeguard,Local,2026-09-20,4500.0,5000.0,4750.0
Tamil Nadu,Namakkal,Tiruchengode APMC,Beetroot,Beetroot,Local,2026-09-20,5400.0,6000.0,5700.0
Tamil Nadu,Namakkal,Tiruchengode APMC,Drumstick,Drumstick,Local,2026-09-20,3000.0,3500.0,3250.0
Tamil Nadu,Namakkal,Tiruchengode APMC,Guava,Guava Allahabad,Local,2026-09-20,7200.0,8000.0,7600.0
Tamil Nadu,Namakkal,Tiruchengode APMC,Tender Coconut,Tender Coconut,Local,2026-09-20,3500.0,4000.0,3750.0
Tamil Nadu,Namakkal,Tiruchengode APMC,Elephant Yam(Suran)/Amorphophallus,Elephant Yam (Suran),Local,2026-09-20,3000.0,3500.0,3250.0
Tamil Nadu,Namakkal,Tiruchengode APMC,Amla(Nelli Kai),Amla,Local,2026-09-20,8000.0,9000.0,8500.0
Telangana,Siddipet,Vantamamidi APMC,Brinjal,Brinjal,Local,2026-09-20,1000.0,2000.0,1500.0
Telangana,Siddipet,Vantamamidi APMC,Field Pea,Field Pea,Local,2026-09-20,2200.0,2200.0,2200.0
Telangana,Siddipet,Vantamamidi APMC,Bitter gourd,Bitter Gourd,Local,2026-09-20,1500.0,1500.0,1500.0
Tamil Nadu,Ariyalur,Jeyankondam (Uzhavar Sandhai ),Onion,Bellary,Local,2026-09-20,5500.0,6000.0,5750.0
Tamil Nadu,Ariyalur,Jeyankondam (Uzhavar Sandhai ),Brinjal,Round,Local,2026-09-20,4200.0,4600.0,4400.0
Tamil Nadu,Ariyalur,Jeyankondam (Uzhavar Sandhai ),Onion Green,Onion Green,Local,2026-09-20,7600.0,8000.0,7800.0
Telangana,Hyderabad,RYTHU BAZAR ERRAGADDA,Ladies Finger,Ladies Finger,Grade A,2026-09-20,4000.0,4000.0,4000.0
Telangana,Hyderabad,RYTHU BAZAR ERRAGADDA,Ridgeguard(Tori),Ridgeguard(Tori),Grade A,2026-09-20,35.0,35.0,35.0
Telangana,Hyderabad,RYTHU BAZAR ERRAGADDA,Cauliflower,Cauliflower,Grade A,2026-09-20,2100.0,2100.0,2100.0
Telangana,Hyderabad,RYTHU BAZAR ERRAGADDA,Bottle gourd,Bottle Gourd,Grade A,2026-09-20,1300.0,1300.0,1300.0
Telangana,Hyderabad,RYTHU BAZAR ERRAGADDA,Cucumbar(Kheera),Cucumbar,Grade A,2026-09-20,2300.0,2300.0,2300.0
Telangana,Hyderabad,RYTHU BAZAR ERRAGADDA,French Beans(Frasbean),French Beans (Frasbean),Grade A,2026-09-20,5500.0,5500.0,5500.0
Tamil Nadu,Coimbatore,RSPuram(Uzhavar Sandhai ),Thondekai,Thondekai,Local,2026-09-20,3600.0,4200.0,3900.0
Tamil Nadu,Coimbatore,RSPuram(Uzhavar Sandhai ),Green Avare(W),Other,Local,2026-09-20,6000.0,6500.0,6250.0
Tamil Nadu,Coimbatore,RSPuram(Uzhavar Sandhai ),Drumstick,Drumstick,Local,2026-09-20,3200.0,3600.0,3400.0
Tamil Nadu,Coimbatore,Singanallur(Uzhavar Sandhai ),Grapes,Annabesahai,Local,2026-09-20,10000.0,11000.0,10500.0
Tamil Nadu,Coimbatore,Singanallur(Uzhavar Sandhai ),Mousambi(Sweet Lime),Mousambi,Local,2026-09-20,4400.0,5000.0,4700.0
Tamil Nadu,Coimbatore,Singanallur(Uzhavar Sandhai ),Tomato,Deshi,Local,2026-09-20,2400.0,2800.0,2600.0
Tamil Nadu,Coimbatore,Singanallur(Uzhavar Sandhai ),Bottle gourd,Bottle Gourd,Local,2026-09-20,2800.0,3200.0,3000.0
Tamil Nadu,Coimbatore,Singanallur(Uzhavar Sandhai ),Ashgourd,Gouard,Local,2026-09-20,1800.0,2000.0,1900.0
Tamil Nadu,Coimbatore,Singanallur(Uzhavar Sandhai ),Beetroot,Beetroot,Local,2026-09-20,4000.0,5800.0,4900.0
Tamil Nadu,Coimbatore,Singanallur(Uzhavar Sandhai ),Capsicum,Capsicum,Local,2026-09-20,5400.0,6000.0,5700.0
Tamil Nadu,Coimbatore,Singanallur(Uzhavar Sandhai ),Green Avare(W),Green Avare (W),Local,2026-09-20,6000.0,6500.0,6250.0
Tamil Nadu,Coimbatore,Singanallur(Uzhavar Sandhai ),Mango(Raw-Ripe),Mango - Raw-Ripe,Local,2026-09-20,8000.0,9000.0,8500.0
Tamil Nadu,Coimbatore,Singanallur(Uzhavar Sandhai ),Turnip,Turnip,Local,2026-09-20,6400.0,7000.0,6700.0
Tamil Nadu,Coimbatore,Singanallur(Uzhavar Sandhai ),Mint(Pudina),Mint(Pudina),Local,2026-09-20,5400.0,6000.0,5700.0
Tamil Nadu,Coimbatore,Singanallur(Uzhavar Sandhai ),Sweet Corn,Sweet Corn,Local,2026-09-20,3600.0,4000.0,3800.0
Odisha,Mayurbhanja,Narasinghpur APMC,Green Chilli,Green Chilly,Local,2026-09-20,6000.0,8000.0,7000.0
Odisha,Mayurbhanja,Narasinghpur APMC,Carrot,Carrot,Local,2026-09-20,4000.0,5000.0,4500.0
Tamil Nadu,Coimbatore,Pollachi(Uzhavar Sandhai ),Tomato,Deshi,Local,2026-09-20,2000.0,2500.0,2250.0
Tamil Nadu,Coimbatore,Pollachi(Uzhavar Sandhai ),Bottle gourd,Bottle Gourd,Local,2026-09-20,3000.0,3500.0,3250.0
Tamil Nadu,Coimbatore,Pollachi(Uzhavar Sandhai ),Ashgourd,Gouard,Local,2026-09-20,1800.0,2200.0,2000.0
Tamil Nadu,Coimbatore,Pollachi(Uzhavar Sandhai ),Amaranthus,Amaranthus,Local,2026-09-20,3000.0,4000.0,3500.0
Tamil Nadu,Coimbatore,Pollachi(Uzhavar Sandhai ),Beetroot,Beetroot,Local,2026-09-20,5000.0,6500.0,5750.0
Tamil Nadu,Coimbatore,Pollachi(Uzhavar Sandhai ),Onion Green,Onion Green,Local,2026-09-20,8500.0,9500.0,9000.0
Uttar Pradesh,Agra,Samsabad APMC,Green Chilli,Other,FAQ,2026-09-20,1300.0,1300.0,1300.0
Telangana,Ranga Reddy,"Vanasthalipuram,RBZ",Tomato,Other,Grade A,2026-09-20,2300.0,2300.0,2300.0
Telangana,Ranga Reddy,"Vanasthalipuram,RBZ",Cauliflower,Cauliflower,Grade A,2026-09-20,2100.0,2100.0,2100.0
Tamil Nadu,Karur,Karur(Uzhavar Sandhai ),Onion,Bellary,Local,2026-09-20,6000.0,6500.0,6250.0
Tamil Nadu,Karur,Karur(Uzhavar Sandhai ),Brinjal,Other,Local,2026-09-20,3500.0,4500.0,4000.0
Tamil Nadu,Karur,Karur(Uzhavar Sandhai ),Bitter gourd,Other,Local,2026-09-20,5000.0,5500.0,5250.0
Tamil Nadu,Karur,Karur(Uzhavar Sandhai ),Bottle gourd,Bottle Gourd,Local,2026-09-20,2500.0,3000.0,2750.0
Tamil Nadu,Karur,Karur(Uzhavar Sandhai ),Ashgourd,Gouard,Local,2026-09-20,2000.0,2500.0,2250.0
Tamil Nadu,Karur,Karur(Uzhavar Sandhai ),Bhindi(Ladies Finger),Bhindi,Local,2026-09-20,3500.0,4000.0,3750.0
Tamil Nadu,Karur,Karur(Uzhavar Sandhai ),Cowpea(Veg),Cowpea (Veg),Local,2026-09-20,4000.0,4500.0,4250.0
Tamil Nadu,Karur,Karur(Uzhavar Sandhai ),Coconut,Coconut,Local,2026-09-20,5500.0,6000.0,5750.0
Tamil Nadu,Karur,Karur(Uzhavar Sandhai ),Cabbage,Cabbage,Local,2026-09-20,3500.0,4000.0,3750.0
Tamil Nadu,Karur,Karur(Uzhavar Sandhai ),Beetroot,Beetroot,Local,2026-09-20,6500.0,7000.0,6750.0
Tamil Nadu,Karur,Karur(Uzhavar Sandhai ),Capsicum,Capsicum,Local,2026-09-20,6500.0,7000.0,6750.0
Tamil Nadu,Karur,Karur(Uzhavar Sandhai ),Green Avare(W),Other,Local,2026-09-20,9000.0,10000.0,9500.0
Tamil Nadu,Karur,Karur(Uzhavar Sandhai ),Drumstick,Drumstick,Local,2026-09-20,2500.0,3000.0,2750.0
Tamil Nadu,Karur,Karur(Uzhavar Sandhai ),Amla(Nelli Kai),Amla,Local,2026-09-20,11500.0,12000.0,11750.0
Tamil Nadu,Karur,Karur(Uzhavar Sandhai ),Mint(Pudina),Mint(Pudina),Local,2026-09-20,5500.0,6000.0,5750.0
Tripura,South Tripura,Biokhora,Brinjal,Brinjal,FAQ,2026-09-20,3800.0,3900.0,3850.0
Tamil Nadu,Coimbatore,Kurichi(Uzhavar Sandhai ),Brinjal,Round,Local,2026-09-20,4500.0,5000.0,4750.0
Tamil Nadu,Coimbatore,Kurichi(Uzhavar Sandhai ),Ashgourd,Gouard,Local,2026-09-20,1800.0,2000.0,1900.0
Tamil Nadu,Coimbatore,Kurichi(Uzhavar Sandhai ),Pumpkin,Pumpkin,Local,2026-09-20,1800.0,2000.0,1900.0
Tamil Nadu,Cuddalore,Chidambaram(Uzhavar Sandhai ),Banana,Besrai,Local,2026-09-20,4000.0,4000.0,4000.0
Tamil Nadu,Cuddalore,Chidambaram(Uzhavar Sandhai ),Onion Green,Onion Green,Local,2026-09-20,8000.0,8000.0,8000.0
Tamil Nadu,Cuddalore,Cuddalore(Uzhavar Sandhai ),Ashgourd,Gouard,Local,2026-09-20,2000.0,3000.0,2500.0
Tamil Nadu,Cuddalore,Cuddalore(Uzhavar Sandhai ),Bhindi(Ladies Finger),Bhindi,Local,2026-09-20,3000.0,3000.0,3000.0
Tamil Nadu,Cuddalore,Cuddalore(Uzhavar Sandhai ),Tapioca,Tapioca,Local,2026-09-20,5000.0,6000.0,5500.0
Tamil Nadu,Cuddalore,Cuddalore(Uzhavar Sandhai ),Carrot,Pusakesar,Local,2026-09-20,5000.0,5000.0,5000.0
Tamil Nadu,Cuddalore,Cuddalore(Uzhavar Sandhai ),Raddish,Raddish,Local,2026-09-20,3000.0,3500.0,3250.0
Tamil Nadu,Cuddalore,Cuddalore(Uzhavar Sandhai ),Green Avare(W),Green Avare (W),Local,2026-09-20,7500.0,7500.0,7500.0
Tamil Nadu,Cuddalore,Cuddalore(Uzhavar Sandhai ),Amla(Nelli Kai),Amla,Local,2026-09-20,14000.0,14000.0,14000.0
Tamil Nadu,Tuticorin,Tuticorin(Uzhavar Sandhai ),Garlic,Garlic,Local,2026-09-20,21000.0,22000.0,21500.0
Tamil Nadu,Tuticorin,Tuticorin(Uzhavar Sandhai ),Papaya,Papaya,Local,2026-09-20,4500.0,5000.0,4750.0
Tamil Nadu,Tuticorin,Tuticorin(Uzhavar Sandhai ),Ashgourd,Gouard,Local,2026-09-20,1500.0,2000.0,1750.0
Tamil Nadu,Tuticorin,Tuticorin(Uzhavar Sandhai ),Pumpkin,Pumpkin,Local,2026-09-20,1500.0,2000.0,1750.0
Tamil Nadu,Tuticorin,Tuticorin(Uzhavar Sandhai ),Coconut,Coconut,Local,2026-09-20,6500.0,7000.0,6750.0
Tamil Nadu,Tuticorin,Tuticorin(Uzhavar Sandhai ),Carrot,Pusakesar,Local,2026-09-20,5000.0,6000.0,5500.0
Tamil Nadu,Tuticorin,Tuticorin(Uzhavar Sandhai ),Beetroot,Beetroot,Local,2026-09-20,5000.0,6000.0,5500.0
Tamil Nadu,Tuticorin,Tuticorin(Uzhavar Sandhai ),Drumstick,Drumstick,Local,2026-09-20,4500.0,5000.0,4750.0
Tamil Nadu,Tuticorin,Tuticorin(Uzhavar Sandhai ),Sweet Corn,Sweet Corn,Local,2026-09-20,5000.0,6000.0,5500.0
Bihar,Madhubani,Madhubani APMC,Bhindi(Ladies Finger),Bhindi,FAQ,2026-09-20,1400.0,1600.0,1500.0
Madhya Pradesh,Dhar,Dhar APMC,Wheat,Lokwan,FAQ,2026-09-20,2500.0,2600.0,2500.0
Madhya Pradesh,Khargone,Khargone APMC,Maize,Local,Non-FAQ,2026-09-20,1575.0,1700.0,1575.0
Tamil Nadu,Nagercoil (Kannyiakumari),Vadaseri APMC,Banana,Besrai,Local,2026-09-20,7000.0,7500.0,7250.0
Tamil Nadu,Nagercoil (Kannyiakumari),Vadaseri APMC,Mango,Safeda,Local,2026-09-20,6500.0,7000.0,6750.0
Tamil Nadu,Nagercoil (Kannyiakumari),Vadaseri APMC,Pineapple,Pine Apple,Local,2026-09-20,4500.0,5000.0,4750.0
Tamil Nadu,Nagercoil (Kannyiakumari),Vadaseri APMC,Potato,Red Nanital,Local,2026-09-20,3000.0,3500.0,3250.0
Tamil Nadu,Nagercoil (Kannyiakumari),Vadaseri APMC,Tomato,Local,Local,2026-09-20,2500.0,2800.0,2650.0
Tamil Nadu,Nagercoil (Kannyiakumari),Vadaseri APMC,Tender Coconut,Tender Coconut,Local,2026-09-20,4500.0,5000.0,4750.0
Tamil Nadu,Nagercoil (Kannyiakumari),Vadaseri APMC,Kakada,Kakada,Local,2026-09-20,50000.0,60000.0,55000.0
Tamil Nadu,Nagercoil (Kannyiakumari),Vadaseri APMC,Colacasia,Colacasia,Local,2026-09-20,9000.0,10000.0,9500.0
Maharashtra,Ahilyanagar,APMC Rahata,Pomegranate,Other,Local,2026-09-20,1000.0,27500.0,7500.0
Maharashtra,Ahilyanagar,APMC Rahata,Ginger(Green),Other,Local,2026-09-20,7000.0,12000.0,9500.0
Maharashtra,Ahilyanagar,APMC Rahata,Bhindi(Ladies Finger),Other,Local,2026-09-20,1000.0,2000.0,1500.0
Maharashtra,Ahilyanagar,APMC Rahata,Cabbage,Other,Local,2026-09-20,500.0,1250.0,850.0
Maharashtra,Ahilyanagar,APMC Rahata,Tomato,Other,Local,2026-09-20,500.0,1000.0,750.0
Madhya Pradesh,Morena,Kailaras APMC,Potato,Other,FAQ,2026-09-20,650.0,1050.0,1050.0
Madhya Pradesh,Morena,Kailaras APMC,Chili Red,Geeli Mirchi,FAQ,2026-09-20,1000.0,2200.0,1500.0
Madhya Pradesh,Morena,Kailaras APMC,Cauliflower,Other,FAQ,2026-09-20,900.0,2400.0,2400.0
Madhya Pradesh,Morena,Kailaras APMC,Cabbage,Cabbage,FAQ,2026-09-20,500.0,2200.0,2200.0
Madhya Pradesh,Morena,Kailaras APMC,Seetapal,Seethaphal,Medium,2026-09-20,900.0,900.0,900.0
Madhya Pradesh,Morena,Kailaras APMC,Bhindi(Ladies Finger),Bhindi,FAQ,2026-09-20,3500.0,3500.0,3500.0
Madhya Pradesh,Morena,Kailaras APMC,Colacasia,Arabi,FAQ,2026-09-20,2000.0,2000.0,2000.0
Madhya Pradesh,Mandla,Mandla APMC,Red gram/Arhar/Tur(whole),Arhar Dal(Tur),Non-FAQ,2026-09-20,6500.0,6503.0,6503.0
Madhya Pradesh,Dhar,Kukshi APMC,Cotton,Without Ginned Cotton,FAQ,2026-09-20,5700.0,7500.0,7500.0
Tamil Nadu,Vellore,Thirupathur APMC,Onion,Bellary,Local,2026-09-20,6000.0,6000.0,6000.0
Tamil Nadu,Vellore,Thirupathur APMC,Cauliflower,Ranchi,Local,2026-09-20,3000.0,3000.0,3000.0
Tamil Nadu,Vellore,Thirupathur APMC,Chikoos(Sapota),Sapota,Local,2026-09-20,4000.0,4000.0,4000.0
Tamil Nadu,Vellore,Thirupathur APMC,Bitter gourd,Bitter Gourd,Local,2026-09-20,5000.0,5000.0,5000.0
Tamil Nadu,Vellore,Thirupathur APMC,Ashgourd,Gouard,Local,2026-09-20,2000.0,2000.0,2000.0
Tamil Nadu,Vellore,Thirupathur APMC,Ginger(Green),Green Ginger,Local,2026-09-20,22000.0,22000.0,22000.0
Tamil Nadu,Vellore,Thirupathur APMC,Snakeguard,Snakeguard,Local,2026-09-20,3000.0,3000.0,3000.0
Tamil Nadu,Vellore,Thirupathur APMC,Beetroot,Beetroot,Local,2026-09-20,5000.0,5000.0,5000.0
Tamil Nadu,Vellore,Thirupathur APMC,Drumstick,Drumstick,Local,2026-09-20,4000.0,4000.0,4000.0
Tamil Nadu,Vellore,Thirupathur APMC,Mango(Raw-Ripe),Mango - Raw-Ripe,Local,2026-09-20,20000.0,20000.0,20000.0
Tamil Nadu,Vellore,Thirupathur APMC,Knool Khol,Knool Khol,Local,2026-09-20,4500.0,4500.0,4500.0
Tamil Nadu,Vellore,Thirupathur APMC,Indian Beans(Seam),Indian Beans (Seam),Local,2026-09-20,6000.0,6000.0,6000.0
Tamil Nadu,Vellore,Thirupathur APMC,Lemon,Lemon,Local,2026-09-20,5000.0,5000.0,5000.0
Tamil Nadu,Vellore,Thirupathur APMC,Custard Apple(Sharifa),Custard Apple(Sharifa),Local,2026-09-20,4000.0,4000.0,4000.0
Tamil Nadu,Vellore,Thirupathur APMC,Onion Green,Onion Green,Local,2026-09-20,7500.0,7500.0,7500.0
Tamil Nadu,Vellore,Vellore APMC,Tomato,Deshi,Local,2026-09-20,2800.0,2800.0,2800.0
Tamil Nadu,Vellore,Vellore APMC,Bottle gourd,Bottle Gourd,Local,2026-09-20,1500.0,1500.0,1500.0
Tamil Nadu,Vellore,Vellore APMC,Beans,Beans (Whole),Local,2026-09-20,6500.0,6500.0,6500.0
Tamil Nadu,Vellore,Vellore APMC,Beetroot,Beetroot,Local,2026-09-20,4600.0,4600.0,4600.0
Tamil Nadu,Vellore,Vellore APMC,Thondekai,Thondekai,Local,2026-09-20,3000.0,3000.0,3000.0
Tamil Nadu,Vellore,Vellore APMC,Knool Khol,Knool Khol,Local,2026-09-20,3000.0,3000.0,3000.0
Tamil Nadu,Vellore,Vellore APMC,Pomegranate,Pomogranate,Local,2026-09-20,16000.0,16000.0,16000.0
Tamil Nadu,Vellore,Vellore APMC,Jasmine,Jasmine,Local,2026-09-20,60000.0,60000.0,60000.0
Tamil Nadu,Vellore,Vellore APMC,Colacasia,Colacasia,Local,2026-09-20,4000.0,4000.0,4000.0
Tamil Nadu,Vellore,Vellore APMC,Amla(Nelli Kai),Amla,Local,2026-09-20,10000.0,10000.0,10000.0
Madhya Pradesh,Rajgarh,Biaora APMC,Garlic,Garlic,FAQ,2026-09-20,3500.0,18600.0,9300.0
Madhya Pradesh,Rajgarh,Biaora APMC,Coriander(Leaves),Coriander,FAQ,2026-09-20,12900.0,14750.0,14150.0
Madhya Pradesh,Rajgarh,Biaora APMC,Wheat,Wheat,FAQ,2026-09-20,2430.0,2835.0,2620.0
Tamil Nadu,Dharmapuri,Harur(Uzhavar Sandhai ),Coriander(Leaves),I Sort,Local,2026-09-20,3500.0,4000.0,3750.0
Tamil Nadu,Dharmapuri,Harur(Uzhavar Sandhai ),Cluster beans,Cluster Beans,Local,2026-09-20,3500.0,4000.0,3750.0
Tamil Nadu,Dharmapuri,Harur(Uzhavar Sandhai ),Amaranthus,Amaranthus,Local,2026-09-20,2500.0,3000.0,2750.0
Tamil Nadu,Dharmapuri,Harur(Uzhavar Sandhai ),Green Avare(W),Green Avare (W),Local,2026-09-20,5000.0,6000.0,5500.0
Tamil Nadu,Dharmapuri,Harur(Uzhavar Sandhai ),Onion Green,Onion Green,Local,2026-09-20,7000.0,7500.0,7250.0
Tamil Nadu,Krishnagiri,Kaveripattinam(Uzhavar Sandhai ),Potato,Red Nanital,Local,2026-09-20,4000.0,4000.0,4000.0
Tamil Nadu,Krishnagiri,Kaveripattinam(Uzhavar Sandhai ),Tomato,Local,Local,2026-09-20,3000.0,3000.0,3000.0
Tamil Nadu,Krishnagiri,Kaveripattinam(Uzhavar Sandhai ),Cluster beans,Cluster Beans,Local,2026-09-20,4000.0,4000.0,4000.0
Tamil Nadu,Krishnagiri,Kaveripattinam(Uzhavar Sandhai ),Bhindi(Ladies Finger),Bhindi,Local,2026-09-20,2000.0,2000.0,2000.0
Tamil Nadu,Krishnagiri,Kaveripattinam(Uzhavar Sandhai ),Green Chilli,Green Chilly,Local,2026-09-20,5000.0,5000.0,5000.0
Tamil Nadu,Krishnagiri,Kaveripattinam(Uzhavar Sandhai ),Coconut,Coconut,Local,2026-09-20,6000.0,6000.0,6000.0
Tamil Nadu,Krishnagiri,Kaveripattinam(Uzhavar Sandhai ),Drumstick,Drumstick,Local,2026-09-20,4000.0,4000.0,4000.0
Tamil Nadu,Krishnagiri,Kaveripattinam(Uzhavar Sandhai ),Lemon,Lemon,Local,2026-09-20,12000.0,12000.0,12000.0
Tamil Nadu,The Nilgiris,Coonoor(Uzhavar Sandhai ),Onion,Bellary,Local,2026-09-20,6400.0,6800.0,6600.0
Tamil Nadu,The Nilgiris,Coonoor(Uzhavar Sandhai ),Cauliflower,Ranchi,Local,2026-09-20,3800.0,4000.0,3900.0
Tamil Nadu,The Nilgiris,Coonoor(Uzhavar Sandhai ),Brinjal,Other,Local,2026-09-20,3500.0,3800.0,3650.0
Tamil Nadu,The Nilgiris,Coonoor(Uzhavar Sandhai ),Coriander(Leaves),I Sort,Local,2026-09-20,5000.0,5400.0,5200.0
Tamil Nadu,The Nilgiris,Coonoor(Uzhavar Sandhai ),Cluster beans,Cluster Beans,Local,2026-09-20,3800.0,4000.0,3900.0
Tamil Nadu,The Nilgiris,Coonoor(Uzhavar Sandhai ),Tapioca,Tapioca,Local,2026-09-20,3000.0,3400.0,3200.0
Tamil Nadu,The Nilgiris,Coonoor(Uzhavar Sandhai ),Knool Khol,Knool Khol,Local,2026-09-20,4000.0,4500.0,4250.0
Tamil Nadu,The Nilgiris,Coonoor(Uzhavar Sandhai ),Lemon,Lemon,Local,2026-09-20,24000.0,25000.0,24500.0
Tamil Nadu,The Nilgiris,Coonoor(Uzhavar Sandhai ),Turnip,Turnip,Local,2026-09-20,3600.0,4000.0,3800.0
Tamil Nadu,The Nilgiris,Coonoor(Uzhavar Sandhai ),Mint(Pudina),Mint(Pudina),Local,2026-09-20,5500.0,6000.0,5750.0
Tamil Nadu,The Nilgiris,Gudalur(Uzhavar Sandhai ),Onion,Bellary,Local,2026-09-20,6000.0,6500.0,6250.0
Tamil Nadu,The Nilgiris,Gudalur(Uzhavar Sandhai ),Coriander(Leaves),I Sort,Local,2026-09-20,6000.0,7000.0,6500.0
Tamil Nadu,The Nilgiris,Gudalur(Uzhavar Sandhai ),Ashgourd,Gouard,Local,2026-09-20,1800.0,2000.0,1900.0
Tamil Nadu,The Nilgiris,Gudalur(Uzhavar Sandhai ),Bhindi(Ladies Finger),Bhindi,Local,2026-09-20,4500.0,5000.0,4750.0
Tamil Nadu,The Nilgiris,Gudalur(Uzhavar Sandhai ),Cabbage,Cabbage,Local,2026-09-20,1800.0,2000.0,1900.0
Tamil Nadu,The Nilgiris,Gudalur(Uzhavar Sandhai ),Beetroot,Beetroot,Local,2026-09-20,4000.0,5000.0,4500.0
Tamil Nadu,The Nilgiris,Gudalur(Uzhavar Sandhai ),Knool Khol,Knool Khol,Local,2026-09-20,4500.0,5000.0,4750.0
Odisha,Bargarh,Attabira APMC,Cabbage,Cabbage,Local,2026-09-20,1500.0,1900.0,1700.0
Odisha,Bargarh,Attabira APMC,Bhindi(Ladies Finger),Bhindi,Local,2026-09-20,3400.0,3800.0,3600.0
Himachal Pradesh,Kullu,SMY Bhuntar,Capsicum,Other,FAQ,2026-09-20,4700.0,6500.0,5500.0
Himachal Pradesh,Kullu,SMY Bhuntar,Brinjal,Other,FAQ,2026-09-20,2600.0,2800.0,2700.0
Himachal Pradesh,Kullu,SMY Bhuntar,French Beans(Frasbean),Other,FAQ,2026-09-20,3000.0,3500.0,3200.0
Himachal Pradesh,Kullu,SMY Bhuntar,Carrot,Other,FAQ,2026-09-20,3000.0,3200.0,3100.0
Punjab,Tarntaran,Patti APMC,Banana,Other,Grade B,2026-09-20,1.0,1.0,1.0
Uttarakhand,Dehradoon,Vikasnagar APMC,Brinjal,Other,Medium,2026-09-20,800.0,1200.0,1200.0
Uttarakhand,Dehradoon,Vikasnagar APMC,Bitter gourd,Other,Medium,2026-09-20,1200.0,1300.0,1300.0
Uttarakhand,Dehradoon,Vikasnagar APMC,Colacasia,Other,Medium,2026-09-20,1500.0,1800.0,1800.0
Uttar Pradesh,Auraiya,Auraiya APMC,Peas(Dry),Other,FAQ,2026-09-20,4000.0,4000.0,4000.0
Haryana,Faridabad,Ballabhgarh APMC,Tomato,Tomato,FAQ,2026-09-20,1000.0,2000.0,1500.0
Haryana,Faridabad,Ballabhgarh APMC,Bitter gourd,Other,FAQ,2026-09-20,1500.0,2000.0,1800.0
Haryana,Faridabad,Ballabhgarh APMC,Bottle gourd,Other,FAQ,2026-09-20,800.0,1200.0,1000.0
Odisha,Ganjam,Digapahandi APMC,Papaya(Raw),Other,FAQ,2026-09-20,1100.0,1300.0,1200.0
Odisha,Jharsuguda,Jharsuguda APMC,Ginger(Green),Other,Grade A,2026-09-20,14000.0,15000.0,15000.0
Haryana,Hissar,Hansi APMC,Pear(Marasebu),Other,Grade B,2026-09-20,6000.0,8000.0,7000.0
Haryana,Hissar,Hansi APMC,Pomegranate,Other,Grade B,2026-09-20,8000.0,15000.0,12000.0
Haryana,Hissar,Hansi APMC,Bitter gourd,Other,FAQ,2026-09-20,3000.0,3500.0,3250.0
Haryana,Hissar,Hansi APMC,Guar,Other,FAQ,2026-09-20,5000.0,6000.0,5500.0
Haryana,Hissar,Hansi APMC,Water Melon,Other,Grade B,2026-09-20,2500.0,3000.0,2750.0
Haryana,Hissar,Hansi APMC,Beetroot,Other,FAQ,2026-09-20,6000.0,8000.0,7000.0
Telangana,Medchal Malkajgiri,"Kukatpally,RBZ",Drumstick,Drumstick,Local,2026-09-20,4500.0,4500.0,4500.0
Telangana,Medchal Malkajgiri,"Kukatpally,RBZ",Little gourd(Kundru),Other,Local,2026-09-20,3500.0,3500.0,3500.0
Telangana,Medchal Malkajgiri,"Kukatpally,RBZ",Cucumbar(Kheera),Cucumbar,Local,2026-09-20,2300.0,2300.0,2300.0
Telangana,Medchal Malkajgiri,"Kukatpally,RBZ",Other green and fresh vegetables,Other,Local,2026-09-20,2500.0,2500.0,2500.0
Uttarakhand,Udhamsinghnagar,Jaspur(UC) APMC,Tomato,Tomato,FAQ,2026-09-20,2800.0,2800.0,2800.0
Uttarakhand,Dehradoon,Chakrata APMC,Ginger(Green),Green Ginger,FAQ,2026-09-20,4500.0,5200.0,5000.0
Keralam,Kollam,Chathanoor Market,Cucumbar(Kheera),Other,FAQ,2026-09-20,3500.0,4500.0,4000.0
Keralam,Kollam,Chathanoor Market,Onion,Other,FAQ,2026-09-20,5800.0,6200.0,6000.0
Tripura,Dhalai,Kulai APMC,Green Chilli,Green Chilly,Grade B,2026-09-20,19500.0,20000.0,19800.0
Tripura,Dhalai,Kulai APMC,Ashgourd,Ashgourd,Grade B,2026-09-20,2500.0,3000.0,2800.0
Keralam,Kozhikode(Calicut),Mukkom Market,Ashgourd,Other,FAQ,2026-09-20,2300.0,2500.0,2400.0
Keralam,Kozhikode(Calicut),Mukkom Market,Pumpkin,Pumpkin,FAQ,2026-09-20,1800.0,2000.0,1900.0
Keralam,Kozhikode(Calicut),Mukkom Market,Banana,Other,Large,2026-09-20,7000.0,7600.0,7400.0
Telangana,Ranga Reddy,"Saroornagar,RBZ",Field Bean(Anumulu),Field Bean(Anumulu),Grade B,2026-09-20,4500.0,4500.0,4500.0
Telangana,Ranga Reddy,"Saroornagar,RBZ",Banana - Green,Banana - Green,Medium,2026-09-20,4000.0,4000.0,4000.0
Telangana,Ranga Reddy,"Saroornagar,RBZ",Tomato,Other,Medium,2026-09-20,2300.0,2300.0,2300.0
Telangana,Ranga Reddy,"Saroornagar,RBZ",Potato,Other,Medium,2026-09-20,2000.0,2000.0,2000.0
Telangana,Ranga Reddy,"Saroornagar,RBZ",Leafy Vegetable,Leafy Vegetables,Medium,2026-09-20,2000.0,2000.0,2000.0
Telangana,Hyderabad,RYTHU BAZAR FALAKNUMA,Tomato,Tomato,Grade A,2026-09-20,2300.0,2300.0,2300.0
Keralam,Idukki,Kattappana Market,Amaranthus,Other,Medium,2026-09-20,2800.0,3000.0,3000.0
Keralam,Idukki,Kattappana Market,Beetroot,Other,Medium,2026-09-20,3800.0,4200.0,4000.0
Keralam,Idukki,Kattappana Market,Cauliflower,Other,Medium,2026-09-20,4900.0,5500.0,5400.0
Keralam,Idukki,Kattappana Market,Colacasia,Other,Medium,2026-09-20,5500.0,6400.0,6000.0
Keralam,Idukki,Kattappana Market,Tapioca,Other,Medium,2026-09-20,3500.0,3500.0,3500.0
Keralam,Idukki,Kattappana Market,Onion,Big,Medium,2026-09-20,6000.0,6500.0,6500.0
Keralam,Idukki,Kattappana Market,Pumpkin,Other,Medium,2026-09-20,2100.0,2300.0,2300.0
Keralam,Idukki,Kattappana Market,Amla(Nelli Kai),Other,Medium,2026-09-20,3800.0,4500.0,4000.0
Keralam,Idukki,Kattappana Market,Apple,Other,Grade B,2026-09-20,21000.0,23000.0,21800.0
Haryana,Rewari,Kosli APMC,Mousambi(Sweet Lime),Other,Medium,2026-09-20,3000.0,3000.0,3000.0
Haryana,Rewari,Kosli APMC,Cucumbar(Kheera),Other,FAQ,2026-09-20,3000.0,3000.0,3000.0
Haryana,Rewari,Kosli APMC,Onion,Other,FAQ,2026-09-20,2500.0,2500.0,2500.0
Haryana,Sonipat,Ganaur APMC,Cauliflower,Other,Medium,2026-09-20,4000.0,5000.0,4500.0
Haryana,Sonipat,Ganaur APMC,Cucumbar(Kheera),Cucumbar,Medium,2026-09-20,3000.0,3500.0,3200.0
Haryana,Sonipat,Ganaur APMC,Ridgeguard(Tori),Ridgeguard(Tori),Medium,2026-09-20,2500.0,3000.0,2800.0
Haryana,Sonipat,Ganaur APMC,Garlic,Average,Local,2026-09-20,12000.0,15000.0,14000.0
Punjab,Gurdaspur,Quadian APMC,Brinjal,Other,Grade A,2026-09-20,1000.0,1200.0,1100.0
Punjab,Gurdaspur,Quadian APMC,Bitter gourd,Other,Grade A,2026-09-20,1300.0,1500.0,1400.0
Keralam,Kollam,Anchal Market,Cabbage,Cabbage,Local,2026-09-20,6700.0,6700.0,6700.0
Keralam,Kollam,Anchal Market,Banana,Palayamthodan,Medium,2026-09-20,3800.0,3800.0,3800.0
Andhra Pradesh,NTR,Nandigama APMC,Paddy(Common),B P T,Grade Range-1,2026-09-20,2360.0,2360.0,2360.0
Rajasthan,Jalore,Jalore APMC,Coriander(Leaves),Coriander,Local,2026-09-20,2500.0,2800.0,2600.0
Rajasthan,Jalore,Jalore APMC,Bhindi(Ladies Finger),Bhindi,Local,2026-09-20,1200.0,1600.0,1400.0
Rajasthan,Jalore,Jalore APMC,Bitter gourd,Other,Local,2026-09-20,2500.0,2800.0,2600.0
Rajasthan,Jalore,Jalore APMC,Green Chilli,Green Chilly,Local,2026-09-20,1200.0,1500.0,1300.0
Rajasthan,Jalore,Jalore APMC,Tinda,Tinda,Local,2026-09-20,1800.0,2200.0,2000.0
Rajasthan,Jalore,Jalore APMC,Beetroot,Other,Local,2026-09-20,1800.0,2200.0,2000.0
Madhya Pradesh,Dewas,Haatpipliya (F&V) APMC,Potato,Potato,Local,2026-09-20,800.0,1000.0,900.0
Madhya Pradesh,Dewas,Haatpipliya (F&V) APMC,Ginger(Green),Green Ginger,Local,2026-09-20,2400.0,3200.0,2800.0
Keralam,Kollam,Sasthamkotta Market,Mango(Raw-Ripe),Other,Local,2026-09-20,3000.0,3000.0,3000.0
Keralam,Kollam,Sasthamkotta Market,Cucumbar(Kheera),Other,Local,2026-09-20,4000.0,4000.0,4000.0
Keralam,Kollam,Sasthamkotta Market,Yam(Ratalu),Other,Local,2026-09-20,6000.0,6000.0,6000.0
Keralam,Alappuzha,Harippad Market,Banana - Green,Other,FAQ,2026-09-20,6000.0,6500.0,6000.0
Punjab,Patiala,Rajpura APMC,Apple,Apple,Grade A,2026-09-20,19200.0,22100.0,20500.0
Punjab,Patiala,Rajpura APMC,Bhindi(Ladies Finger),Bhindi,Grade B,2026-09-20,2000.0,2100.0,2050.0
Punjab,Sangrur,Sangrur APMC,Apple,Apple,Grade B,2026-09-20,10000.0,15000.0,14000.0
Punjab,Sangrur,Sangrur APMC,Tomato,Tomato,Grade B,2026-09-20,1500.0,2200.0,1800.0
Punjab,Sangrur,Sangrur APMC,Brinjal,Brinjal,Grade B,2026-09-20,1000.0,1800.0,1500.0
Punjab,Sangrur,Sangrur APMC,Bottle gourd,Bottle Gourd,Grade B,2026-09-20,1500.0,2500.0,2000.0
Punjab,Sangrur,Sangrur APMC,Coriander(Leaves),Coriander,Grade B,2026-09-20,3000.0,7300.0,7000.0
Tamil Nadu,Thirupur,Tiruppur (South) (Uzhavar Sandhai ),Potato,Other,Local,2026-09-20,4000.0,5000.0,4500.0
Tamil Nadu,Thirupur,Tiruppur (South) (Uzhavar Sandhai ),Papaya,Papaya,Local,2026-09-20,2500.0,3000.0,2750.0
Tamil Nadu,Thirupur,Tiruppur (South) (Uzhavar Sandhai ),Tomato,Local,Local,2026-09-20,1500.0,1800.0,1650.0
Tamil Nadu,Thirupur,Tiruppur (South) (Uzhavar Sandhai ),Ashgourd,Gouard,Local,2026-09-20,1000.0,1500.0,1250.0
Tamil Nadu,Thirupur,Tiruppur (South) (Uzhavar Sandhai ),Bhindi(Ladies Finger),Bhindi,Local,2026-09-20,3000.0,4000.0,3500.0
Tamil Nadu,Thirupur,Tiruppur (South) (Uzhavar Sandhai ),Carrot,Pusakesar,Local,2026-09-20,3000.0,4000.0,3500.0
Tamil Nadu,Thirupur,Tiruppur (South) (Uzhavar Sandhai ),Cabbage,Cabbage,Local,2026-09-20,2500.0,3000.0,2750.0
Tamil Nadu,Thirupur,Tiruppur (South) (Uzhavar Sandhai ),Ridgeguard(Tori),Ridgeguard(Tori),Local,2026-09-20,4000.0,5000.0,4500.0
Tamil Nadu,Thirupur,Tiruppur (South) (Uzhavar Sandhai ),Drumstick,Drumstick,Local,2026-09-20,2000.0,3000.0,2500.0
Tamil Nadu,Thirupur,Tiruppur (South) (Uzhavar Sandhai ),Lemon,Lemon,Local,2026-09-20,28000.0,30000.0,29000.0
Tamil Nadu,Erode,Perundurai(Uzhavar Sandhai ),Beans,Beans (Whole),Local,2026-09-20,7000.0,7500.0,7250.0
Tamil Nadu,Erode,Perundurai(Uzhavar Sandhai ),Cabbage,Cabbage,Local,2026-09-20,2500.0,2800.0,2650.0
Tamil Nadu,Erode,Perundurai(Uzhavar Sandhai ),Snakeguard,Snakeguard,Local,2026-09-20,3000.0,3500.0,3250.0
Tamil Nadu,Erode,Perundurai(Uzhavar Sandhai ),Beetroot,Beetroot,Local,2026-09-20,5000.0,5500.0,5250.0
Tamil Nadu,Erode,Perundurai(Uzhavar Sandhai ),Ridgeguard(Tori),Ridgeguard(Tori),Local,2026-09-20,4000.0,4400.0,4200.0
Tamil Nadu,Erode,Perundurai(Uzhavar Sandhai ),Elephant Yam(Suran)/Amorphophallus,Elephant Yam (Suran),Local,2026-09-20,3000.0,3500.0,3250.0
Tamil Nadu,Erode,Perundurai(Uzhavar Sandhai ),Mint(Pudina),Mint(Pudina),Local,2026-09-20,3000.0,3400.0,3200.0
Tamil Nadu,Dharmapuri,Dharmapuri(Uzhavar Sandhai ),Banana,Besrai,Local,2026-09-20,5200.0,5500.0,5350.0
Tamil Nadu,Dharmapuri,Dharmapuri(Uzhavar Sandhai ),Potato,Red Nanital,Local,2026-09-20,2600.0,2800.0,2700.0
Tamil Nadu,Dharmapuri,Dharmapuri(Uzhavar Sandhai ),Cauliflower,Ranchi,Local,2026-09-20,3300.0,3500.0,3400.0
Tamil Nadu,Dharmapuri,Dharmapuri(Uzhavar Sandhai ),Coriander(Leaves),I Sort,Local,2026-09-20,4600.0,5000.0,4800.0
Tamil Nadu,Dharmapuri,Dharmapuri(Uzhavar Sandhai ),Green Peas,Green Peas,Local,2026-09-20,15500.0,16200.0,15850.0
Tamil Nadu,Dharmapuri,Dharmapuri(Uzhavar Sandhai ),Tomato,Local,Local,2026-09-20,2400.0,2500.0,2450.0
Tamil Nadu,Dharmapuri,Dharmapuri(Uzhavar Sandhai ),Bottle gourd,Bottle Gourd,Local,2026-09-20,1800.0,2000.0,1900.0
Tamil Nadu,Dharmapuri,Dharmapuri(Uzhavar Sandhai ),Amaranthus,Amaranthus,Local,2026-09-20,2400.0,2500.0,2450.0
Tamil Nadu,Dharmapuri,Dharmapuri(Uzhavar Sandhai ),Banana - Green,Banana - Green,Local,2026-09-20,2800.0,3000.0,2900.0
Tamil Nadu,Dharmapuri,Dharmapuri(Uzhavar Sandhai ),Ginger(Green),Green Ginger,Local,2026-09-20,21000.0,22000.0,21500.0
Tamil Nadu,Dharmapuri,Dharmapuri(Uzhavar Sandhai ),Ridgeguard(Tori),Ridgeguard(Tori),Local,2026-09-20,2800.0,3000.0,2900.0
Tamil Nadu,Dharmapuri,Dharmapuri(Uzhavar Sandhai ),Capsicum,Capsicum,Local,2026-09-20,6500.0,7000.0,6750.0
Tamil Nadu,Dharmapuri,Dharmapuri(Uzhavar Sandhai ),Knool Khol,Knool Khol,Local,2026-09-20,4500.0,4800.0,4650.0
Tamil Nadu,Dharmapuri,Dharmapuri(Uzhavar Sandhai ),Marigold(Calcutta),Marigold(Calcutta),Local,2026-09-20,15300.0,16000.0,15650.0
Tamil Nadu,Dharmapuri,Dharmapuri(Uzhavar Sandhai ),Lemon,Lemon,Local,2026-09-20,21000.0,22000.0,21500.0
Tamil Nadu,Dharmapuri,Dharmapuri(Uzhavar Sandhai ),Mashrooms,Mashrooms,Local,2026-09-20,15300.0,16000.0,15650.0
Tamil Nadu,Dharmapuri,Dharmapuri(Uzhavar Sandhai ),Amla(Nelli Kai),Amla,Local,2026-09-20,8500.0,9000.0,8750.0
Tamil Nadu,Dharmapuri,Palacode(Uzhavar Sandhai ),Garlic,Garlic,Local,2026-09-20,20500.0,21000.0,20750.0
Tamil Nadu,Dharmapuri,Palacode(Uzhavar Sandhai ),Cauliflower,Ranchi,Local,2026-09-20,3000.0,3500.0,3250.0
Tamil Nadu,Dharmapuri,Palacode(Uzhavar Sandhai ),Pumpkin,Pumpkin,Local,2026-09-20,1800.0,2000.0,1900.0
Tamil Nadu,Dharmapuri,Palacode(Uzhavar Sandhai ),Cabbage,Cabbage,Local,2026-09-20,2800.0,3000.0,2900.0
Tamil Nadu,Dharmapuri,Palacode(Uzhavar Sandhai ),Green Avare(W),Green Avare (W),Local,2026-09-20,5500.0,6000.0,5750.0
Tamil Nadu,Dharmapuri,Palacode(Uzhavar Sandhai ),Elephant Yam(Suran)/Amorphophallus,Elephant Yam (Suran),Local,2026-09-20,5600.0,6000.0,5800.0
Tamil Nadu,Dharmapuri,Palacode(Uzhavar Sandhai ),Mint(Pudina),Mint(Pudina),Local,2026-09-20,5000.0,5500.0,5250.0
Tamil Nadu,Dharmapuri,Pennagaram(Uzhavar Sandhai ),Onion,Bellary,Local,2026-09-20,6000.0,6500.0,6250.0
Tamil Nadu,Dharmapuri,Pennagaram(Uzhavar Sandhai ),Cauliflower,Ranchi,Local,2026-09-20,2500.0,3000.0,2750.0
Tamil Nadu,Dharmapuri,Pennagaram(Uzhavar Sandhai ),Papaya,Papaya,Local,2026-09-20,3000.0,3500.0,3250.0
Tamil Nadu,Dharmapuri,Pennagaram(Uzhavar Sandhai ),Bottle gourd,Bottle Gourd,Local,2026-09-20,2200.0,2400.0,2300.0
Tamil Nadu,Dharmapuri,Pennagaram(Uzhavar Sandhai ),Snakeguard,Snakeguard,Local,2026-09-20,2800.0,3000.0,2900.0
Tamil Nadu,Dharmapuri,Pennagaram(Uzhavar Sandhai ),Ridgeguard(Tori),Ridgeguard(Tori),Local,2026-09-20,3000.0,3500.0,3250.0
Tamil Nadu,Dharmapuri,Pennagaram(Uzhavar Sandhai ),Chow Chow,Chow Chow,Local,2026-09-20,4000.0,4500.0,4250.0
Tamil Nadu,Dharmapuri,Pennagaram(Uzhavar Sandhai ),Lemon,Lemon,Local,2026-09-20,27000.0,28000.0,27500.0
Tamil Nadu,Dindigul,Chinnalapatti(Uzhavar Sandhai ),Brinjal,Other,Local,2026-09-20,5000.0,6000.0,5500.0
Tamil Nadu,Dindigul,Chinnalapatti(Uzhavar Sandhai ),Thondekai,Thondekai,Local,2026-09-20,3600.0,4000.0,3800.0
Tamil Nadu,Dindigul,Chinnalapatti(Uzhavar Sandhai ),Chow Chow,Chow Chow,Local,2026-09-20,3600.0,4000.0,3800.0
Tamil Nadu,Dindigul,Chinnalapatti(Uzhavar Sandhai ),Onion Green,Onion Green,Local,2026-09-20,8000.0,9000.0,8500.0
Tamil Nadu,Dindigul,Dindigul(Uzhavar Sandhai ),Garlic,Garlic,Local,2026-09-20,25000.0,28000.0,26500.0
Tamil Nadu,Dindigul,Dindigul(Uzhavar Sandhai ),Bitter gourd,Other,Local,2026-09-20,6000.0,7000.0,6500.0
Tamil Nadu,Dindigul,Dindigul(Uzhavar Sandhai ),Bottle gourd,Bottle Gourd,Local,2026-09-20,2500.0,3000.0,2750.0
Tamil Nadu,Dindigul,Dindigul(Uzhavar Sandhai ),Sweet Potato,Hosur Red,Local,2026-09-20,5000.0,6000.0,5500.0
Tamil Nadu,Dindigul,Dindigul(Uzhavar Sandhai ),Carrot,Pusakesar,Local,2026-09-20,6000.0,7000.0,6500.0
Tamil Nadu,Dindigul,Dindigul(Uzhavar Sandhai ),Beetroot,Beetroot,Local,2026-09-20,7000.0,8000.0,7500.0
Tamil Nadu,Dindigul,Dindigul(Uzhavar Sandhai ),Drumstick,Drumstick,Local,2026-09-20,3000.0,4000.0,3500.0
Tamil Nadu,Dindigul,Dindigul(Uzhavar Sandhai ),Amla(Nelli Kai),Amla,Local,2026-09-20,5000.0,6000.0,5500.0
Tamil Nadu,Dindigul,Palani(Uzhavar Sandhai ),Tomato,Deshi,Local,2026-09-20,1000.0,2000.0,1500.0
Tamil Nadu,Dindigul,Palani(Uzhavar Sandhai ),Coconut,Coconut,Local,2026-09-20,5000.0,5500.0,5250.0
Tamil Nadu,Dindigul,Palani(Uzhavar Sandhai ),Thondekai,Thondekai,Local,2026-09-20,3000.0,4000.0,3500.0
Tamil Nadu,Dindigul,Palani(Uzhavar Sandhai ),Guava,Guava Allahabad,Local,2026-09-20,5000.0,6000.0,5500.0
Tamil Nadu,Dindigul,Palani(Uzhavar Sandhai ),Elephant Yam(Suran)/Amorphophallus,Elephant Yam (Suran),Local,2026-09-20,4000.0,5000.0,4500.0
Tamil Nadu,Dindigul,Palani(Uzhavar Sandhai ),Onion Green,Onion Green,Local,2026-09-20,6000.0,9000.0,7500.0
Tamil Nadu,Dindigul,Palani(Uzhavar Sandhai ),Mint(Pudina),Mint(Pudina),Local,2026-09-20,6000.0,7000.0,6500.0
Tamil Nadu,Dindigul,Palani(Uzhavar Sandhai ),Sweet Corn,Sweet Corn,Local,2026-09-20,4000.0,5000.0,4500.0
Tamil Nadu,Erode,Periyar Nagar(Uzhavar Sandhai ),Papaya,Papaya,Local,2026-09-20,3000.0,3400.0,3200.0
Tamil Nadu,Erode,Periyar Nagar(Uzhavar Sandhai ),Coconut,Coconut,Local,2026-09-20,5000.0,5400.0,5200.0
Tamil Nadu,Erode,Periyar Nagar(Uzhavar Sandhai ),Elephant Yam(Suran)/Amorphophallus,Elephant Yam (Suran),Local,2026-09-20,3000.0,3400.0,3200.0
Tamil Nadu,Erode,Periyar Nagar(Uzhavar Sandhai ),Mint(Pudina),Mint(Pudina),Local,2026-09-20,4000.0,4600.0,4300.0
Tamil Nadu,Kallakuruchi,Sankarapuram(Uzhavar Sandhai ),Bhindi(Ladies Finger),Bhindi,Local,2026-09-20,3000.0,3000.0,3000.0
Tamil Nadu,Kallakuruchi,Sankarapuram(Uzhavar Sandhai ),Ginger(Green),Green Ginger,Local,2026-09-20,18000.0,18000.0,18000.0
Tamil Nadu,Kallakuruchi,Sankarapuram(Uzhavar Sandhai ),Sweet Potato,Hosur Red,Local,2026-09-20,6000.0,6000.0,6000.0
Tamil Nadu,Kallakuruchi,Sankarapuram(Uzhavar Sandhai ),Tender Coconut,Tender Coconut,Local,2026-09-20,3000.0,3000.0,3000.0
Tamil Nadu,Kallakuruchi,Sankarapuram(Uzhavar Sandhai ),Amla(Nelli Kai),Amla,Local,2026-09-20,10000.0,10000.0,10000.0
Tamil Nadu,Kancheepuram,Kundrathur(Uzhavar Sandhai ),Pumpkin,Pumpkin,Local,2026-09-20,2000.0,2000.0,2000.0
Tamil Nadu,Kancheepuram,Kundrathur(Uzhavar Sandhai ),Cucumbar(Kheera),Cucumbar,Local,2026-09-20,3000.0,3000.0,3000.0
Tamil Nadu,Kancheepuram,Kundrathur(Uzhavar Sandhai ),Drumstick,Drumstick,Local,2026-09-20,4000.0,4000.0,4000.0
Tamil Nadu,Kancheepuram,Kundrathur(Uzhavar Sandhai ),Yam(Ratalu),Yam (Ratalu),Local,2026-09-20,4000.0,4000.0,4000.0
Tamil Nadu,Kancheepuram,Sunguvarchatram(Uzhavar Sandhai ),Bottle gourd,Bottle Gourd,Local,2026-09-20,3000.0,3000.0,3000.0
Tamil Nadu,Kancheepuram,Sunguvarchatram(Uzhavar Sandhai ),Pumpkin,Pumpkin,Local,2026-09-20,2000.0,2000.0,2000.0
Tamil Nadu,Kancheepuram,Sunguvarchatram(Uzhavar Sandhai ),Green Chilli,Green Chilly,Local,2026-09-20,5000.0,6000.0,5500.0
Tamil Nadu,Kancheepuram,Sunguvarchatram(Uzhavar Sandhai ),Beans,Beans (Whole),Local,2026-09-20,7000.0,8000.0,7500.0
Tamil Nadu,Kancheepuram,Sunguvarchatram(Uzhavar Sandhai ),Onion Green,Onion Green,Local,2026-09-20,7000.0,8000.0,7500.0
Tamil Nadu,Krishnagiri,Avallapalli(Uzhavar Sandhai ),Onion,Bellary,Local,2026-09-20,6000.0,6500.0,6250.0
Tamil Nadu,Krishnagiri,Avallapalli(Uzhavar Sandhai ),Potato,Red Nanital,Local,2026-09-20,2000.0,2500.0,2250.0
Tamil Nadu,Krishnagiri,Avallapalli(Uzhavar Sandhai ),Coriander(Leaves),I Sort,Local,2026-09-20,5500.0,6000.0,5750.0
Tamil Nadu,Krishnagiri,Avallapalli(Uzhavar Sandhai ),Bhindi(Ladies Finger),Bhindi,Local,2026-09-20,3000.0,3500.0,3250.0
Tamil Nadu,Krishnagiri,Avallapalli(Uzhavar Sandhai ),Carrot,Pusakesar,Local,2026-09-20,3500.0,4000.0,3750.0
Tamil Nadu,Krishnagiri,Avallapalli(Uzhavar Sandhai ),Ridgeguard(Tori),Ridgeguard(Tori),Local,2026-09-20,3000.0,3500.0,3250.0
Tamil Nadu,Krishnagiri,Avallapalli(Uzhavar Sandhai ),Chow Chow,Chow Chow,Local,2026-09-20,2000.0,2500.0,2250.0
Tamil Nadu,Krishnagiri,Avallapalli(Uzhavar Sandhai ),Knool Khol,Knool Khol,Local,2026-09-20,2000.0,2500.0,2250.0
Tamil Nadu,Krishnagiri,Avallapalli(Uzhavar Sandhai ),Elephant Yam(Suran)/Amorphophallus,Elephant Yam (Suran),Local,2026-09-20,4500.0,5000.0,4750.0
Tamil Nadu,Krishnagiri,Avallapalli(Uzhavar Sandhai ),Lemon,Lemon,Local,2026-09-20,23000.0,25000.0,24000.0
Tamil Nadu,Krishnagiri,Avallapalli(Uzhavar Sandhai ),Onion Green,Onion Green,Local,2026-09-20,9000.0,10000.0,9500.0
Tamil Nadu,Dharmapuri,Karimangalam(Uzhavar Sandhai),Onion,Bellary,Local,2026-09-20,6000.0,6400.0,6200.0
Tamil Nadu,Dharmapuri,Karimangalam(Uzhavar Sandhai),Cauliflower,Ranchi,Local,2026-09-20,3800.0,4000.0,3900.0
Tamil Nadu,Dharmapuri,Karimangalam(Uzhavar Sandhai),Cluster beans,Cluster Beans,Local,2026-09-20,1800.0,2000.0,1900.0
Tamil Nadu,Dharmapuri,Karimangalam(Uzhavar Sandhai),Snakeguard,Snakeguard,Local,2026-09-20,2300.0,2500.0,2400.0
Tamil Nadu,Dharmapuri,Karimangalam(Uzhavar Sandhai),Chow Chow,Chow Chow,Local,2026-09-20,4200.0,4600.0,4400.0
Tamil Nadu,Dharmapuri,Karimangalam(Uzhavar Sandhai),Mint(Pudina),Mint(Pudina),Local,2026-09-20,4500.0,5000.0,4750.0
Tamil Nadu,Krishnagiri,Denkanikottai(Uzhavar Sandhai ),Coriander(Leaves),I Sort,Local,2026-09-20,7000.0,7500.0,7250.0
Tamil Nadu,Krishnagiri,Denkanikottai(Uzhavar Sandhai ),Cluster beans,Cluster Beans,Local,2026-09-20,3500.0,4000.0,3750.0
Tamil Nadu,Krishnagiri,Denkanikottai(Uzhavar Sandhai ),Cowpea(Veg),Cowpea (Veg),Local,2026-09-20,5500.0,6000.0,5750.0
Tamil Nadu,Krishnagiri,Denkanikottai(Uzhavar Sandhai ),Carrot,Pusakesar,Local,2026-09-20,6000.0,7000.0,6500.0
Tamil Nadu,Krishnagiri,Denkanikottai(Uzhavar Sandhai ),Cabbage,Cabbage,Local,2026-09-20,1000.0,1500.0,1250.0
Tamil Nadu,Krishnagiri,Denkanikottai(Uzhavar Sandhai ),Snakeguard,Snakeguard,Local,2026-09-20,2500.0,3000.0,2750.0
Tamil Nadu,Krishnagiri,Denkanikottai(Uzhavar Sandhai ),Cucumbar(Kheera),Cucumbar,Local,2026-09-20,2000.0,2500.0,2250.0
Tamil Nadu,Krishnagiri,Hosur(Uzhavar Sandhai ),Groundnut,Big (With Shell),Local,2026-09-20,8000.0,10000.0,9000.0
Tamil Nadu,Krishnagiri,Hosur(Uzhavar Sandhai ),Apple,American,Local,2026-09-20,24000.0,26000.0,25000.0
Tamil Nadu,Krishnagiri,Hosur(Uzhavar Sandhai ),Banana,Red Banana,Local,2026-09-20,8500.0,9000.0,8750.0
Tamil Nadu,Krishnagiri,Hosur(Uzhavar Sandhai ),Papaya,Papaya,Local,2026-09-20,3500.0,4000.0,3750.0
Tamil Nadu,Krishnagiri,Hosur(Uzhavar Sandhai ),Bottle gourd,Bottle Gourd,Local,2026-09-20,2000.0,2500.0,2250.0
Tamil Nadu,Krishnagiri,Hosur(Uzhavar Sandhai ),Cowpea(Veg),Cowpea (Veg),Local,2026-09-20,5500.0,6000.0,5750.0
Tamil Nadu,Krishnagiri,Hosur(Uzhavar Sandhai ),Banana - Green,Banana - Green,Local,2026-09-20,4500.0,5000.0,4750.0
Tamil Nadu,Krishnagiri,Hosur(Uzhavar Sandhai ),Coconut,Coconut,Local,2026-09-20,5000.0,6000.0,5500.0
Tamil Nadu,Krishnagiri,Hosur(Uzhavar Sandhai ),Cabbage,Cabbage,Local,2026-09-20,1000.0,1500.0,1250.0
Tamil Nadu,Krishnagiri,Hosur(Uzhavar Sandhai ),Raddish,Raddish,Local,2026-09-20,1000.0,1500.0,1250.0
Tamil Nadu,Krishnagiri,Hosur(Uzhavar Sandhai ),Thondekai,Thondekai,Local,2026-09-20,2500.0,3000.0,2750.0
Tamil Nadu,Krishnagiri,Hosur(Uzhavar Sandhai ),Capsicum,Capsicum,Local,2026-09-20,3000.0,3500.0,3250.0
Tamil Nadu,Krishnagiri,Hosur(Uzhavar Sandhai ),Green Avare(W),Green Avare (W),Local,2026-09-20,5500.0,6000.0,5750.0
Tamil Nadu,Krishnagiri,Hosur(Uzhavar Sandhai ),Tamarind Fruit,Tamarind Fruit,Local,2026-09-20,12000.0,15000.0,13500.0
Tamil Nadu,Krishnagiri,Hosur(Uzhavar Sandhai ),Mint(Pudina),Mint(Pudina),Local,2026-09-20,3500.0,4000.0,3750.0
Tamil Nadu,Krishnagiri,Hosur(Uzhavar Sandhai ),Baby Corn,Baby Corn,Grade A,2026-09-20,2500.0,3000.0,2750.0
Tamil Nadu,Madurai,Anaiyur(Uzhavar Sandhai ),Onion,Bellary,Local,2026-09-20,5000.0,7000.0,6000.0
Tamil Nadu,Madurai,Anaiyur(Uzhavar Sandhai ),Bhindi(Ladies Finger),Bhindi,Local,2026-09-20,2800.0,3200.0,3000.0
Tamil Nadu,Madurai,Anaiyur(Uzhavar Sandhai ),Coconut,Coconut,Local,2026-09-20,6800.0,7000.0,6900.0
Tamil Nadu,Madurai,Anaiyur(Uzhavar Sandhai ),Green Avare(W),Green Avare (W),Local,2026-09-20,9000.0,11000.0,10000.0
Tamil Nadu,Madurai,Anaiyur(Uzhavar Sandhai ),Drumstick,Drumstick,Local,2026-09-20,4000.0,6000.0,5000.0
Tamil Nadu,Madurai,Anaiyur(Uzhavar Sandhai ),Knool Khol,Knool Khol,Local,2026-09-20,4500.0,4800.0,4650.0
Tamil Nadu,Madurai,Usilampatti(Uzhavar Sandhai ),Brinjal,Round,Local,2026-09-20,4500.0,5000.0,4750.0
Tamil Nadu,Madurai,Usilampatti(Uzhavar Sandhai ),Coriander(Leaves),I Sort,Local,2026-09-20,4500.0,4800.0,4650.0
Tamil Nadu,Madurai,Usilampatti(Uzhavar Sandhai ),Cluster beans,Cluster Beans,Local,2026-09-20,3600.0,4000.0,3800.0
Tamil Nadu,Madurai,Usilampatti(Uzhavar Sandhai ),Bitter gourd,Bitter Gourd,Local,2026-09-20,5000.0,5500.0,5250.0
Tamil Nadu,Madurai,Usilampatti(Uzhavar Sandhai ),Ashgourd,Gouard,Local,2026-09-20,1600.0,1800.0,1700.0
Tamil Nadu,Madurai,Usilampatti(Uzhavar Sandhai ),Bhindi(Ladies Finger),Bhindi,Local,2026-09-20,2800.0,3200.0,3000.0
Tamil Nadu,Madurai,Usilampatti(Uzhavar Sandhai ),Drumstick,Drumstick,Local,2026-09-20,5000.0,6000.0,5500.0
Tamil Nadu,Madurai,Usilampatti(Uzhavar Sandhai ),Elephant Yam(Suran)/Amorphophallus,Elephant Yam (Suran),Local,2026-09-20,4000.0,4500.0,4250.0
Tamil Nadu,Madurai,Usilampatti(Uzhavar Sandhai ),Indian Beans(Seam),Indian Beans (Seam),Local,2026-09-20,5500.0,6000.0,5750.0
Tamil Nadu,Madurai,Usilampatti(Uzhavar Sandhai ),Onion Green,Onion Green,Local,2026-09-20,8000.0,9000.0,8500.0
Tamil Nadu,Nagapattinam,Sirkali(Uzhavar Sandhai ),Groundnut,Big (With Shell),Local,2026-09-20,5500.0,6000.0,5750.0
Tamil Nadu,Nagapattinam,Sirkali(Uzhavar Sandhai ),Cauliflower,Ranchi,Local,2026-09-20,5000.0,5000.0,5000.0
Tamil Nadu,Nagapattinam,Sirkali(Uzhavar Sandhai ),Brinjal,Round,Local,2026-09-20,5000.0,5500.0,5250.0
Tamil Nadu,Nagapattinam,Sirkali(Uzhavar Sandhai ),Coriander(Leaves),I Sort,Local,2026-09-20,3500.0,4000.0,3750.0
Tamil Nadu,Nagapattinam,Sirkali(Uzhavar Sandhai ),Cluster beans,Cluster Beans,Local,2026-09-20,4500.0,5000.0,4750.0
Tamil Nadu,Nagapattinam,Sirkali(Uzhavar Sandhai ),Sweet Potato,Hosur Red,Local,2026-09-20,5500.0,6000.0,5750.0
Tamil Nadu,Nagapattinam,Sirkali(Uzhavar Sandhai ),Cucumbar(Kheera),Cucumbar,Local,2026-09-20,3000.0,3000.0,3000.0
Tamil Nadu,Nagapattinam,Sirkali(Uzhavar Sandhai ),Raddish,Raddish,Local,2026-09-20,3600.0,4000.0,3800.0
Tamil Nadu,Nagapattinam,Sirkali(Uzhavar Sandhai ),Chow Chow,Chow Chow,Local,2026-09-20,3000.0,3000.0,3000.0
Tamil Nadu,Nagapattinam,Sirkali(Uzhavar Sandhai ),Drumstick,Drumstick,Local,2026-09-20,4500.0,5000.0,4750.0
Tamil Nadu,Nagapattinam,Sirkali(Uzhavar Sandhai ),Mango(Raw-Ripe),Mango - Raw-Ripe,Local,2026-09-20,9000.0,10000.0,9500.0
Tamil Nadu,Nagapattinam,Sirkali(Uzhavar Sandhai ),Guava,Guava Allahabad,Local,2026-09-20,4500.0,5000.0,4750.0
Tamil Nadu,Nagapattinam,Sirkali(Uzhavar Sandhai ),Onion Green,Onion Green,Local,2026-09-20,9500.0,10000.0,9750.0
Tamil Nadu,Namakkal,Kumarapalayam(Uzhavar Sandhai ),Mousambi(Sweet Lime),Mousambi,Local,2026-09-20,3000.0,3500.0,3250.0
Tamil Nadu,Namakkal,Kumarapalayam(Uzhavar Sandhai ),Bitter gourd,Other,Local,2026-09-20,5200.0,5800.0,5500.0
Tamil Nadu,Namakkal,Kumarapalayam(Uzhavar Sandhai ),Bottle gourd,Bottle Gourd,Local,2026-09-20,1800.0,2000.0,1900.0
Tamil Nadu,Namakkal,Kumarapalayam(Uzhavar Sandhai ),Bhindi(Ladies Finger),Bhindi,Local,2026-09-20,2200.0,3000.0,2600.0
Tamil Nadu,Namakkal,Kumarapalayam(Uzhavar Sandhai ),Banana - Green,Banana - Green,Local,2026-09-20,4000.0,4500.0,4250.0
Tamil Nadu,Namakkal,Kumarapalayam(Uzhavar Sandhai ),Ginger(Green),Green Ginger,Local,2026-09-20,17000.0,18000.0,17500.0
Tamil Nadu,Namakkal,Kumarapalayam(Uzhavar Sandhai ),Raddish,Raddish,Local,2026-09-20,2700.0,3500.0,3100.0
Tamil Nadu,Namakkal,Mohanur(Uzhavar Sandhai ),Bhindi(Ladies Finger),Bhindi,Local,2026-09-20,4000.0,4500.0,4250.0
Tamil Nadu,Namakkal,Mohanur(Uzhavar Sandhai ),Green Chilli,Green Chilly,Local,2026-09-20,6000.0,7000.0,6500.0
Tamil Nadu,Namakkal,Mohanur(Uzhavar Sandhai ),Snakeguard,Snakeguard,Local,2026-09-20,5000.0,6000.0,5500.0
Tamil Nadu,Namakkal,Mohanur(Uzhavar Sandhai ),Beetroot,Beetroot,Local,2026-09-20,6000.0,7000.0,6500.0
Tamil Nadu,Namakkal,Mohanur(Uzhavar Sandhai ),Raddish,Raddish,Local,2026-09-20,3500.0,4000.0,3750.0
Tamil Nadu,Namakkal,Mohanur(Uzhavar Sandhai ),Tender Coconut,Tender Coconut,Local,2026-09-20,3000.0,3500.0,3250.0
Tamil Nadu,Namakkal,Namakkal(Uzhavar Sandhai ),Mousambi(Sweet Lime),Mousambi,Local,2026-09-20,3500.0,4000.0,3750.0
Tamil Nadu,Namakkal,Namakkal(Uzhavar Sandhai ),Ashgourd,Gouard,Local,2026-09-20,1200.0,1500.0,1350.0
Tamil Nadu,Namakkal,Namakkal(Uzhavar Sandhai ),Pumpkin,Pumpkin,Local,2026-09-20,1200.0,1500.0,1350.0
Tamil Nadu,Namakkal,Namakkal(Uzhavar Sandhai ),Amaranthus,Amaranthus,Local,2026-09-20,3500.0,4000.0,3750.0
Tamil Nadu,Namakkal,Namakkal(Uzhavar Sandhai ),Banana - Green,Banana - Green,Local,2026-09-20,4000.0,4500.0,4250.0
Tamil Nadu,Namakkal,Namakkal(Uzhavar Sandhai ),Carrot,Pusakesar,Local,2026-09-20,4500.0,5000.0,4750.0
Tamil Nadu,Namakkal,Namakkal(Uzhavar Sandhai ),Cabbage,Cabbage,Local,2026-09-20,2000.0,2500.0,2250.0
Tamil Nadu,Namakkal,Namakkal(Uzhavar Sandhai ),Snakeguard,Snakeguard,Local,2026-09-20,5000.0,5500.0,5250.0
Tamil Nadu,Namakkal,Namakkal(Uzhavar Sandhai ),Beetroot,Beetroot,Local,2026-09-20,5500.0,6000.0,5750.0
Tamil Nadu,Namakkal,Namakkal(Uzhavar Sandhai ),Cucumbar(Kheera),Cucumbar,Local,2026-09-20,7500.0,9000.0,8250.0
Tamil Nadu,Namakkal,Namakkal(Uzhavar Sandhai ),Thondekai,Thondekai,Local,2026-09-20,4000.0,4500.0,4250.0
Tamil Nadu,Namakkal,Namakkal(Uzhavar Sandhai ),Knool Khol,Knool Khol,Local,2026-09-20,3500.0,4000.0,3750.0
Tamil Nadu,Namakkal,Namakkal(Uzhavar Sandhai ),Lime,Lime,Local,2026-09-20,3500.0,4000.0,3750.0
Tamil Nadu,Namakkal,Namakkal(Uzhavar Sandhai ),Lemon,Lemon,Local,2026-09-20,14000.0,15000.0,14500.0
Tamil Nadu,Namakkal,Namakkal(Uzhavar Sandhai ),Mint(Pudina),Mint(Pudina),Local,2026-09-20,4500.0,5000.0,4750.0
Tamil Nadu,Namakkal,Paramathivelur(Uzhavar Sandhai ),Onion,Bellary,Local,2026-09-20,5000.0,6800.0,5900.0
Tamil Nadu,Namakkal,Paramathivelur(Uzhavar Sandhai ),Cauliflower,Ranchi,Local,2026-09-20,2500.0,3000.0,2750.0
Tamil Nadu,Namakkal,Paramathivelur(Uzhavar Sandhai ),Coriander(Leaves),I Sort,Local,2026-09-20,13000.0,13500.0,13250.0
Tamil Nadu,Namakkal,Paramathivelur(Uzhavar Sandhai ),Cluster beans,Cluster Beans,Local,2026-09-20,3000.0,4000.0,3500.0
Tamil Nadu,Namakkal,Paramathivelur(Uzhavar Sandhai ),Cabbage,Cabbage,Local,2026-09-20,2200.0,2800.0,2500.0
Tamil Nadu,Namakkal,Paramathivelur(Uzhavar Sandhai ),Beetroot,Beetroot,Local,2026-09-20,7000.0,8000.0,7500.0
Tamil Nadu,Namakkal,Paramathivelur(Uzhavar Sandhai ),Ridgeguard(Tori),Ridgeguard(Tori),Local,2026-09-20,6000.0,7000.0,6500.0
Tamil Nadu,Namakkal,Paramathivelur(Uzhavar Sandhai ),Elephant Yam(Suran)/Amorphophallus,Elephant Yam (Suran),Local,2026-09-20,3000.0,4000.0,3500.0
Tamil Nadu,Namakkal,Paramathivelur(Uzhavar Sandhai ),Mint(Pudina),Mint(Pudina),Local,2026-09-20,5000.0,6000.0,5500.0
Tamil Nadu,Namakkal,Paramathivelur(Uzhavar Sandhai ),Sweet Corn,Sweet Corn,Local,2026-09-20,4500.0,5000.0,4750.0
Tamil Nadu,Namakkal,Rasipuram(Uzhavar Sandhai ),Groundnut,Big (With Shell),Local,2026-09-20,7000.0,7500.0,7250.0
Tamil Nadu,Namakkal,Rasipuram(Uzhavar Sandhai ),Cauliflower,Ranchi,Local,2026-09-20,3000.0,4000.0,3500.0
Tamil Nadu,Namakkal,Rasipuram(Uzhavar Sandhai ),Brinjal,Other,Local,2026-09-20,4800.0,5600.0,5200.0
Tamil Nadu,Namakkal,Rasipuram(Uzhavar Sandhai ),Carrot,Pusakesar,Local,2026-09-20,5500.0,6500.0,6000.0
Tamil Nadu,Namakkal,Rasipuram(Uzhavar Sandhai ),Green Avare(W),Other,Local,2026-09-20,7500.0,8500.0,8000.0
Tamil Nadu,Namakkal,Rasipuram(Uzhavar Sandhai ),Lemon,Lemon,Local,2026-09-20,13000.0,15000.0,14000.0
Tamil Nadu,Namakkal,Rasipuram(Uzhavar Sandhai ),Mint(Pudina),Mint(Pudina),Local,2026-09-20,5500.0,6000.0,5750.0
Tamil Nadu,Thanjavur,Tirukattupalli(Uzhavar Sandhai ),Bhindi(Ladies Finger),Bhindi,Local,2026-09-20,4000.0,4000.0,4000.0
Tamil Nadu,Thanjavur,Tirukattupalli(Uzhavar Sandhai ),Green Avare(W),Green Avare (W),Local,2026-09-20,7000.0,7000.0,7000.0
Tamil Nadu,Madurai,Palanganatham(Uzhavar Sandhai ),Grapes,Annabesahai,Local,2026-09-20,10000.0,12000.0,11000.0
Tamil Nadu,Madurai,Palanganatham(Uzhavar Sandhai ),Garlic,Garlic,Local,2026-09-20,14000.0,27000.0,20500.0
Tamil Nadu,Madurai,Palanganatham(Uzhavar Sandhai ),Cauliflower,Ranchi,Local,2026-09-20,2000.0,3000.0,2500.0
Tamil Nadu,Madurai,Palanganatham(Uzhavar Sandhai ),Brinjal,Other,Local,2026-09-20,3000.0,3600.0,3300.0
Tamil Nadu,Madurai,Palanganatham(Uzhavar Sandhai ),Coriander(Leaves),I Sort,Local,2026-09-20,4000.0,4800.0,4400.0
Tamil Nadu,Madurai,Palanganatham(Uzhavar Sandhai ),Bhindi(Ladies Finger),Bhindi,Local,2026-09-20,2800.0,3200.0,3000.0
Tamil Nadu,Madurai,Palanganatham(Uzhavar Sandhai ),Green Chilli,Green Chilly,Local,2026-09-20,4000.0,5000.0,4500.0
Tamil Nadu,Madurai,Palanganatham(Uzhavar Sandhai ),Cabbage,Cabbage,Local,2026-09-20,2500.0,3000.0,2750.0
Tamil Nadu,Madurai,Palanganatham(Uzhavar Sandhai ),Amla(Nelli Kai),Amla,Local,2026-09-20,8000.0,9000.0,8500.0
Tamil Nadu,Madurai,Palanganatham(Uzhavar Sandhai ),Onion Green,Onion Green,Local,2026-09-20,8000.0,9000.0,8500.0
Tamil Nadu,Madurai,Anna nagar(Uzhavar Sandhai ),Onion,Bellary,Local,2026-09-20,6600.0,7400.0,7000.0
Tamil Nadu,Madurai,Anna nagar(Uzhavar Sandhai ),Chili Red,Bold,Local,2026-09-20,20000.0,20000.0,20000.0
Tamil Nadu,Madurai,Anna nagar(Uzhavar Sandhai ),Cauliflower,Ranchi,Local,2026-09-20,3600.0,4000.0,3800.0
Tamil Nadu,Madurai,Anna nagar(Uzhavar Sandhai ),Bottle gourd,Bottle Gourd,Local,2026-09-20,2000.0,2600.0,2300.0
Tamil Nadu,Madurai,Anna nagar(Uzhavar Sandhai ),Tapioca,Tapioca,Local,2026-09-20,3600.0,4000.0,3800.0
Tamil Nadu,Madurai,Anna nagar(Uzhavar Sandhai ),Beetroot,Beetroot,Local,2026-09-20,5000.0,5000.0,5000.0
Tamil Nadu,Madurai,Anna nagar(Uzhavar Sandhai ),Thondekai,Thondekai,Local,2026-09-20,5000.0,5600.0,5300.0
Tamil Nadu,Madurai,Anna nagar(Uzhavar Sandhai ),Capsicum,Capsicum,Local,2026-09-20,5400.0,5400.0,5400.0
Tamil Nadu,Madurai,Anna nagar(Uzhavar Sandhai ),Chow Chow,Chow Chow,Local,2026-09-20,3600.0,4000.0,3800.0
Tamil Nadu,Madurai,Anna nagar(Uzhavar Sandhai ),Pomegranate,Pomogranate,Local,2026-09-20,14000.0,14000.0,14000.0
Tamil Nadu,Madurai,Anna nagar(Uzhavar Sandhai ),Tamarind Fruit,Tamarind Fruit,Local,2026-09-20,14000.0,14000.0,14000.0
Tamil Nadu,Madurai,Anna nagar(Uzhavar Sandhai ),Lemon,Lemon,Local,2026-09-20,18000.0,20000.0,19000.0
Tamil Nadu,Madurai,Anna nagar(Uzhavar Sandhai ),Colacasia,Colacasia,Local,2026-09-20,5400.0,5400.0,5400.0
Tamil Nadu,Madurai,Anna nagar(Uzhavar Sandhai ),Mashrooms,Mashrooms,Local,2026-09-20,22000.0,22000.0,22000.0
Tamil Nadu,Madurai,Anna nagar(Uzhavar Sandhai ),Amla(Nelli Kai),Amla,Local,2026-09-20,8000.0,9000.0,8500.0
Tamil Nadu,Perambalur,Perambalur(Uzhavar Sandhai ),Tomato,Deshi,Local,2026-09-20,3000.0,3500.0,3250.0
Tamil Nadu,Perambalur,Perambalur(Uzhavar Sandhai ),Bhindi(Ladies Finger),Bhindi,Local,2026-09-20,3000.0,3600.0,3300.0
Tamil Nadu,Perambalur,Perambalur(Uzhavar Sandhai ),Ridgeguard(Tori),Ridgeguard(Tori),Local,2026-09-20,5000.0,5600.0,5300.0
Tamil Nadu,Perambalur,Perambalur(Uzhavar Sandhai ),Chow Chow,Chow Chow,Local,2026-09-20,4000.0,4600.0,4300.0
Tamil Nadu,Perambalur,Perambalur(Uzhavar Sandhai ),Tender Coconut,Tender Coconut,Local,2026-09-20,3000.0,4000.0,3500.0
Tamil Nadu,Perambalur,Perambalur(Uzhavar Sandhai ),Yam(Ratalu),Yam (Ratalu),Local,2026-09-20,5000.0,6400.0,5700.0
Tamil Nadu,Perambalur,Perambalur(Uzhavar Sandhai ),Lemon,Lemon,Local,2026-09-20,12000.0,15000.0,13500.0
Tamil Nadu,Perambalur,Perambalur(Uzhavar Sandhai ),Onion Green,Onion Green,Local,2026-09-20,3500.0,6000.0,4750.0
Tamil Nadu,Salem,Mecheri(Uzhavar Sandhai),Coriander(Leaves),I Sort,Local,2026-09-20,1500.0,2000.0,1750.0
Tamil Nadu,Salem,Mecheri(Uzhavar Sandhai),Tomato,Deshi,Local,2026-09-20,2000.0,2500.0,2250.0
Tamil Nadu,Salem,Mecheri(Uzhavar Sandhai),Bitter gourd,Bitter Gourd,Local,2026-09-20,3500.0,4000.0,3750.0
Tamil Nadu,Salem,Mecheri(Uzhavar Sandhai),Green Avare(W),Other,Local,2026-09-20,6000.0,6500.0,6250.0
Tamil Nadu,Ranipet,Arcot(Uzhavar Sandhai ),Banana,Other,Local,2026-09-20,6000.0,6000.0,6000.0
Tamil Nadu,Ranipet,Arcot(Uzhavar Sandhai ),Garlic,Garlic,Local,2026-09-20,20000.0,20000.0,20000.0
Tamil Nadu,Ranipet,Arcot(Uzhavar Sandhai ),Mousambi(Sweet Lime),Mousambi,Local,2026-09-20,5000.0,5000.0,5000.0
Tamil Nadu,Ranipet,Arcot(Uzhavar Sandhai ),Ashgourd,Gouard,Local,2026-09-20,3000.0,3000.0,3000.0
Tamil Nadu,Ranipet,Arcot(Uzhavar Sandhai ),Tapioca,Tapioca,Local,2026-09-20,3000.0,3000.0,3000.0
Tamil Nadu,Ranipet,Arcot(Uzhavar Sandhai ),Coconut,Coconut,Local,2026-09-20,4000.0,5000.0,4500.0
Tamil Nadu,Ranipet,Arcot(Uzhavar Sandhai ),Cabbage,Cabbage,Local,2026-09-20,3000.0,3000.0,3000.0
Tamil Nadu,Ranipet,Arcot(Uzhavar Sandhai ),Snakeguard,Snakeguard,Local,2026-09-20,2000.0,2000.0,2000.0
Tamil Nadu,Ranipet,Arcot(Uzhavar Sandhai ),Chow Chow,Chow Chow,Local,2026-09-20,4000.0,4000.0,4000.0
Tamil Nadu,Ranipet,Arcot(Uzhavar Sandhai ),Drumstick,Drumstick,Local,2026-09-20,5000.0,5000.0,5000.0
Tamil Nadu,Ranipet,Arcot(Uzhavar Sandhai ),Elephant Yam(Suran)/Amorphophallus,Elephant Yam (Suran),Local,2026-09-20,6000.0,6000.0,6000.0
Tamil Nadu,Ranipet,Arcot(Uzhavar Sandhai ),Indian Beans(Seam),Indian Beans (Seam),Local,2026-09-20,6000.0,6000.0,6000.0
Tamil Nadu,Ranipet,Ranipettai(Uzhavar Sandhai ),Sweet Corn,Sweet Corn,Local,2026-09-20,3600.0,4000.0,3800.0
Tamil Nadu,Ranipet,Ranipettai(Uzhavar Sandhai ),Groundnut,Big (With Shell),Local,2026-09-20,6000.0,6000.0,6000.0
Tamil Nadu,Ranipet,Ranipettai(Uzhavar Sandhai ),Banana,Red Banana,Local,2026-09-20,11000.0,11000.0,11000.0
Tamil Nadu,Ranipet,Ranipettai(Uzhavar Sandhai ),Mango,Neelam,Local,2026-09-20,12000.0,12000.0,12000.0
Tamil Nadu,Ranipet,Ranipettai(Uzhavar Sandhai ),Cauliflower,Ranchi,Local,2026-09-20,3000.0,3000.0,3000.0
Tamil Nadu,Ranipet,Ranipettai(Uzhavar Sandhai ),Papaya,Papaya,Local,2026-09-20,5000.0,5000.0,5000.0
Tamil Nadu,Ranipet,Ranipettai(Uzhavar Sandhai ),Mousambi(Sweet Lime),Mousambi,Local,2026-09-20,8000.0,8000.0,8000.0
Tamil Nadu,Ranipet,Ranipettai(Uzhavar Sandhai ),Ashgourd,Gouard,Local,2026-09-20,3000.0,3000.0,3000.0
Tamil Nadu,Ranipet,Ranipettai(Uzhavar Sandhai ),Bhindi(Ladies Finger),Bhindi,Local,2026-09-20,3000.0,3000.0,3000.0
Tamil Nadu,Ranipet,Ranipettai(Uzhavar Sandhai ),Beetroot,Beetroot,Local,2026-09-20,5500.0,5500.0,5500.0
Tamil Nadu,Ranipet,Ranipettai(Uzhavar Sandhai ),Guava,Guava Allahabad,Local,2026-09-20,8000.0,12000.0,10000.0
Tamil Nadu,Ranipet,Ranipettai(Uzhavar Sandhai ),Tender Coconut,Tender Coconut,Local,2026-09-20,3000.0,4000.0,3500.0
Tamil Nadu,Ranipet,Ranipettai(Uzhavar Sandhai ),Kakada,Kakada,Local,2026-09-20,54000.0,54000.0,54000.0
Tamil Nadu,Ranipet,Ranipettai(Uzhavar Sandhai ),Rose(Local),Rose (Local),Local,2026-09-20,24000.0,24000.0,24000.0
Tamil Nadu,Salem,Ammapet(Uzhavar Sandhai ),Groundnut,Big (With Shell),Local,2026-09-20,6600.0,7000.0,6800.0
Tamil Nadu,Salem,Ammapet(Uzhavar Sandhai ),Orange,Darjeeling,Local,2026-09-20,9000.0,10000.0,9500.0
Tamil Nadu,Salem,Ammapet(Uzhavar Sandhai ),Amaranthus,Amaranthus,Local,2026-09-20,2400.0,2800.0,2600.0
Tamil Nadu,Salem,Ammapet(Uzhavar Sandhai ),Banana - Green,Banana - Green,Local,2026-09-20,2200.0,2400.0,2300.0
Tamil Nadu,Salem,Ammapet(Uzhavar Sandhai ),Beans,Beans (Whole),Local,2026-09-20,7000.0,8000.0,7500.0
Tamil Nadu,Salem,Ammapet(Uzhavar Sandhai ),Tapioca,Tapioca,Local,2026-09-20,3200.0,3500.0,3350.0
Tamil Nadu,Salem,Ammapet(Uzhavar Sandhai ),Carrot,Pusakesar,Local,2026-09-20,5000.0,5500.0,5250.0
Tamil Nadu,Salem,Ammapet(Uzhavar Sandhai ),Cabbage,Cabbage,Local,2026-09-20,2400.0,3000.0,2700.0
Tamil Nadu,Salem,Ammapet(Uzhavar Sandhai ),Cucumbar(Kheera),Cucumbar,Local,2026-09-20,4600.0,5000.0,4800.0
Tamil Nadu,Salem,Ammapet(Uzhavar Sandhai ),Amla(Nelli Kai),Amla,Local,2026-09-20,9000.0,10000.0,9500.0
Tamil Nadu,Salem,Ammapet(Uzhavar Sandhai ),Sweet Corn,Sweet Corn,Local,2026-09-20,3600.0,4000.0,3800.0
Tamil Nadu,Salem,Mettur(Uzhavar Sandhai ),Garlic,Garlic,Local,2026-09-20,28000.0,30000.0,29000.0
Tamil Nadu,Salem,Mettur(Uzhavar Sandhai ),Cauliflower,Ranchi,Local,2026-09-20,3000.0,3500.0,3250.0
Tamil Nadu,Salem,Mettur(Uzhavar Sandhai ),Bottle gourd,Bottle Gourd,Local,2026-09-20,1500.0,2000.0,1750.0
Tamil Nadu,Salem,Mettur(Uzhavar Sandhai ),Sweet Potato,Hosur Red,Local,2026-09-20,4000.0,4500.0,4250.0
Tamil Nadu,Salem,Mettur(Uzhavar Sandhai ),Carrot,Pusakesar,Local,2026-09-20,5000.0,5500.0,5250.0
Tamil Nadu,Salem,Mettur(Uzhavar Sandhai ),Snakeguard,Snakeguard,Local,2026-09-20,3000.0,3500.0,3250.0
Tamil Nadu,Salem,Mettur(Uzhavar Sandhai ),Beetroot,Beetroot,Local,2026-09-20,5500.0,6000.0,5750.0
Tamil Nadu,Salem,Mettur(Uzhavar Sandhai ),Green Avare(W),Other,Local,2026-09-20,5000.0,5500.0,5250.0
Tamil Nadu,Salem,Mettur(Uzhavar Sandhai ),Mint(Pudina),Mint(Pudina),Local,2026-09-20,2500.0,3000.0,2750.0
Tamil Nadu,Salem,Sooramangalam(Uzhavar Sandhai ),Mango,Neelam,Local,2026-09-20,13000.0,14000.0,13500.0
Tamil Nadu,Salem,Sooramangalam(Uzhavar Sandhai ),Onion,Bellary,Local,2026-09-20,6000.0,6500.0,6250.0
Tamil Nadu,Salem,Sooramangalam(Uzhavar Sandhai ),Tomato,Local,Local,2026-09-20,2400.0,2600.0,2500.0
Tamil Nadu,Salem,Sooramangalam(Uzhavar Sandhai ),Bottle gourd,Bottle Gourd,Local,2026-09-20,2000.0,3000.0,2500.0
Tamil Nadu,Salem,Sooramangalam(Uzhavar Sandhai ),Cowpea(Veg),Cowpea (Veg),Local,2026-09-20,4000.0,4500.0,4250.0
Tamil Nadu,Salem,Sooramangalam(Uzhavar Sandhai ),Beans,Beans (Whole),Local,2026-09-20,9000.0,9400.0,9200.0
Tamil Nadu,Salem,Sooramangalam(Uzhavar Sandhai ),Ginger(Green),Green Ginger,Local,2026-09-20,16000.0,17000.0,16500.0
Tamil Nadu,Salem,Sooramangalam(Uzhavar Sandhai ),Carrot,Pusakesar,Local,2026-09-20,5000.0,5200.0,5100.0
Tamil Nadu,Salem,Sooramangalam(Uzhavar Sandhai ),Guava,Guava Allahabad,Local,2026-09-20,7000.0,8000.0,7500.0
Tamil Nadu,Salem,Sooramangalam(Uzhavar Sandhai ),Lemon,Lemon,Local,2026-09-20,17000.0,18000.0,17500.0
Tamil Nadu,Thiruchirappalli,Thuraiyur APMC,Brinjal,Other,Local,2026-09-20,2000.0,2500.0,2250.0
Tamil Nadu,Thiruchirappalli,Thuraiyur APMC,Bhindi(Ladies Finger),Bhindi,Local,2026-09-20,3000.0,3500.0,3250.0
Tamil Nadu,Thiruchirappalli,Thuraiyur APMC,Amaranthus,Amaranthus,Local,2026-09-20,1500.0,2000.0,1750.0
Tamil Nadu,Thiruchirappalli,Thuraiyur APMC,Beans,Beans (Whole),Local,2026-09-20,6500.0,7600.0,7050.0
Tamil Nadu,Thiruchirappalli,Thuraiyur APMC,Tapioca,Tapioca,Local,2026-09-20,3500.0,4000.0,3750.0
Tamil Nadu,Thiruchirappalli,Thuraiyur APMC,Coconut,Coconut,Local,2026-09-20,5500.0,6500.0,6000.0
Tamil Nadu,Thiruchirappalli,Thuraiyur APMC,Sweet Potato,Hosur Red,Local,2026-09-20,4000.0,4500.0,4250.0
Tamil Nadu,Thiruchirappalli,Thuraiyur APMC,Carrot,Pusakesar,Local,2026-09-20,4500.0,5000.0,4750.0
Tamil Nadu,Thiruchirappalli,Thuraiyur APMC,Capsicum,Capsicum,Local,2026-09-20,4500.0,5000.0,4750.0
Tamil Nadu,Thiruchirappalli,Thuraiyur APMC,Drumstick,Drumstick,Local,2026-09-20,4000.0,4500.0,4250.0
Tamil Nadu,Thiruchirappalli,Thuraiyur APMC,Lemon,Lemon,Local,2026-09-20,20000.0,22000.0,21000.0
Tamil Nadu,Thiruchirappalli,Thuraiyur APMC,Mint(Pudina),Mint(Pudina),Local,2026-09-20,5000.0,6600.0,5800.0
Tamil Nadu,Salem,Thammampatti (Uzhavar Sandhai ),Onion,Bellary,Local,2026-09-20,6000.0,6500.0,6250.0
Tamil Nadu,Salem,Thammampatti (Uzhavar Sandhai ),Garlic,Garlic,Local,2026-09-20,24000.0,28000.0,26000.0
Tamil Nadu,Salem,Thammampatti (Uzhavar Sandhai ),Tomato,Deshi,Local,2026-09-20,1500.0,2800.0,2150.0
Tamil Nadu,Salem,Thammampatti (Uzhavar Sandhai ),Bitter gourd,Bitter Gourd,Local,2026-09-20,4500.0,5000.0,4750.0
Tamil Nadu,Salem,Thammampatti (Uzhavar Sandhai ),Ashgourd,Gouard,Local,2026-09-20,2000.0,2000.0,2000.0
Tamil Nadu,Salem,Thammampatti (Uzhavar Sandhai ),Beans,Beans (Whole),Local,2026-09-20,8500.0,9000.0,8750.0
Tamil Nadu,Salem,Thammampatti (Uzhavar Sandhai ),Beetroot,Beetroot,Local,2026-09-20,6500.0,7000.0,6750.0
Tamil Nadu,Salem,Thathakapatti(Uzhavar Sandhai ),Banana,Besrai,Local,2026-09-20,4000.0,8000.0,6000.0
Tamil Nadu,Salem,Thathakapatti(Uzhavar Sandhai ),Potato,Red Nanital,Local,2026-09-20,2800.0,6000.0,4400.0
Tamil Nadu,Salem,Thathakapatti(Uzhavar Sandhai ),Green Peas,Green Peas,Local,2026-09-20,12000.0,14000.0,13000.0
Tamil Nadu,Salem,Thathakapatti(Uzhavar Sandhai ),Water Melon,Water Melon,Local,2026-09-20,1500.0,2000.0,1750.0
Tamil Nadu,Salem,Thathakapatti(Uzhavar Sandhai ),Mousambi(Sweet Lime),Mousambi,Local,2026-09-20,3500.0,4000.0,3750.0
Tamil Nadu,Salem,Thathakapatti(Uzhavar Sandhai ),Tomato,Deshi,Local,2026-09-20,2400.0,2800.0,2600.0
Tamil Nadu,Salem,Thathakapatti(Uzhavar Sandhai ),Amaranthus,Amaranthus,Local,2026-09-20,2000.0,2400.0,2200.0
Tamil Nadu,Salem,Thathakapatti(Uzhavar Sandhai ),Cowpea(Veg),Cowpea (Veg),Local,2026-09-20,4500.0,5000.0,4750.0
Tamil Nadu,Salem,Thathakapatti(Uzhavar Sandhai ),Beans,Beans (Whole),Local,2026-09-20,8000.0,8000.0,8000.0
Tamil Nadu,Salem,Thathakapatti(Uzhavar Sandhai ),Cabbage,Cabbage,Local,2026-09-20,2600.0,3000.0,2800.0
Tamil Nadu,Salem,Thathakapatti(Uzhavar Sandhai ),Amla(Nelli Kai),Amla,Local,2026-09-20,7000.0,8000.0,7500.0
Tamil Nadu,Salem,Thathakapatti(Uzhavar Sandhai ),Sweet Corn,Sweet Corn,Local,2026-09-20,3500.0,4000.0,3750.0
Tamil Nadu,Theni,Chinnamanur(Uzhavar Sandhai ),Pumpkin,Pumpkin,Local,2026-09-20,1500.0,2400.0,1950.0
Tamil Nadu,Theni,Chinnamanur(Uzhavar Sandhai ),Bhindi(Ladies Finger),Bhindi,Local,2026-09-20,4400.0,4500.0,4450.0
Tamil Nadu,Theni,Chinnamanur(Uzhavar Sandhai ),Chow Chow,Chow Chow,Local,2026-09-20,3000.0,3000.0,3000.0
Tamil Nadu,Theni,Chinnamanur(Uzhavar Sandhai ),Elephant Yam(Suran)/Amorphophallus,Elephant Yam (Suran),Local,2026-09-20,3500.0,3500.0,3500.0
Tamil Nadu,Theni,Chinnamanur(Uzhavar Sandhai ),Lemon,Lemon,Local,2026-09-20,10000.0,16000.0,13000.0
Tamil Nadu,Theni,Kambam(Uzhavar Sandhai ),Cauliflower,Ranchi,Local,2026-09-20,3500.0,3500.0,3500.0
Tamil Nadu,Theni,Kambam(Uzhavar Sandhai ),Tapioca,Tapioca,Local,2026-09-20,3500.0,3500.0,3500.0
Tamil Nadu,Theni,Kambam(Uzhavar Sandhai ),Betal Leaves,Mysore,Local,2026-09-20,25000.0,25000.0,25000.0
Tamil Nadu,Theni,Kambam(Uzhavar Sandhai ),Ridgeguard(Tori),Ridgeguard(Tori),Local,2026-09-20,3800.0,3800.0,3800.0
Tamil Nadu,Theni,Theni(Uzhavar Sandhai ),Cauliflower,Ranchi,Local,2026-09-20,2000.0,3500.0,2750.0
Tamil Nadu,Theni,Theni(Uzhavar Sandhai ),Brinjal,Other,Local,2026-09-20,3000.0,3600.0,3300.0
Tamil Nadu,Theni,Theni(Uzhavar Sandhai ),Mousambi(Sweet Lime),Mousambi,Local,2026-09-20,7000.0,7000.0,7000.0
Tamil Nadu,Theni,Theni(Uzhavar Sandhai ),Tomato,Other,Local,2026-09-20,2000.0,2500.0,2250.0
Tamil Nadu,Theni,Theni(Uzhavar Sandhai ),Cabbage,Cabbage,Local,2026-09-20,2800.0,2800.0,2800.0
Tamil Nadu,Theni,Theni(Uzhavar Sandhai ),Snakeguard,Snakeguard,Local,2026-09-20,2500.0,2500.0,2500.0
Tamil Nadu,Theni,Theni(Uzhavar Sandhai ),Chow Chow,Chow Chow,Local,2026-09-20,3000.0,3000.0,3000.0
Tamil Nadu,Theni,Theni(Uzhavar Sandhai ),Drumstick,Drumstick,Local,2026-09-20,3000.0,4400.0,3700.0
Tamil Nadu,Theni,Theni(Uzhavar Sandhai ),Knool Khol,Knool Khol,Local,2026-09-20,3000.0,3400.0,3200.0
Tamil Nadu,Theni,Theni(Uzhavar Sandhai ),Pomegranate,Pomogranate,Local,2026-09-20,14000.0,22000.0,18000.0
Tamil Nadu,Theni,Theni(Uzhavar Sandhai ),Mint(Pudina),Mint(Pudina),Local,2026-09-20,5500.0,5500.0,5500.0
Tamil Nadu,Thirunelveli,NGO Colony(Uzhavar Sandhai ),Bhindi(Ladies Finger),Bhindi,Local,2026-09-20,3500.0,4000.0,3750.0
Tamil Nadu,Thirunelveli,NGO Colony(Uzhavar Sandhai ),Banana - Green,Banana - Green,Local,2026-09-20,2500.0,3000.0,2750.0
Tamil Nadu,Thirunelveli,NGO Colony(Uzhavar Sandhai ),Beans,Beans (Whole),Local,2026-09-20,10000.0,12000.0,11000.0
Tamil Nadu,Thirunelveli,NGO Colony(Uzhavar Sandhai ),Beetroot,Beetroot,Local,2026-09-20,4000.0,4600.0,4300.0
Tamil Nadu,Thirunelveli,NGO Colony(Uzhavar Sandhai ),Green Avare(W),Green Avare (W),Local,2026-09-20,8000.0,10000.0,9000.0
Tamil Nadu,Thirunelveli,NGO Colony(Uzhavar Sandhai ),Drumstick,Drumstick,Local,2026-09-20,2500.0,3000.0,2750.0
Tamil Nadu,Thirunelveli,Palayamkottai(Uzhavar Sandhai ),Garlic,Garlic,Local,2026-09-20,22000.0,30000.0,26000.0
Tamil Nadu,Thirunelveli,Palayamkottai(Uzhavar Sandhai ),Brinjal,Other,Local,2026-09-20,2000.0,2500.0,2250.0
Tamil Nadu,Thirunelveli,Palayamkottai(Uzhavar Sandhai ),Coriander(Leaves),I Sort,Local,2026-09-20,4000.0,4500.0,4250.0
Tamil Nadu,Thirunelveli,Palayamkottai(Uzhavar Sandhai ),Mousambi(Sweet Lime),Mousambi,Local,2026-09-20,6000.0,7000.0,6500.0
Tamil Nadu,Thirunelveli,Palayamkottai(Uzhavar Sandhai ),Amaranthus,Amaranthus,Local,2026-09-20,1200.0,1500.0,1350.0
Tamil Nadu,Thirunelveli,Palayamkottai(Uzhavar Sandhai ),Green Chilli,Green Chilly,Local,2026-09-20,4000.0,5000.0,4500.0
Tamil Nadu,Thirunelveli,Palayamkottai(Uzhavar Sandhai ),Carrot,Pusakesar,Local,2026-09-20,2800.0,4800.0,3800.0
Tamil Nadu,Thirunelveli,Palayamkottai(Uzhavar Sandhai ),Thondekai,Thondekai,Local,2026-09-20,4500.0,5000.0,4750.0
Tamil Nadu,Thirunelveli,Palayamkottai(Uzhavar Sandhai ),Chow Chow,Chow Chow,Local,2026-09-20,3400.0,3600.0,3500.0
Tamil Nadu,Thirunelveli,Palayamkottai(Uzhavar Sandhai ),Mango(Raw-Ripe),Mango - Raw-Ripe,Local,2026-09-20,10000.0,11000.0,10500.0
Tamil Nadu,Thirunelveli,Palayamkottai(Uzhavar Sandhai ),Amla(Nelli Kai),Amla,Local,2026-09-20,5500.0,6000.0,5750.0
Tamil Nadu,Thirunelveli,Palayamkottai(Uzhavar Sandhai ),Onion Green,Onion Green,Local,2026-09-20,9000.0,10600.0,9800.0
Tamil Nadu,Thirupur,Kangayam(Uzhavar Sandhai ),Banana,Besrai,Local,2026-09-20,3800.0,4200.0,4000.0
Tamil Nadu,Thirupur,Kangayam(Uzhavar Sandhai ),Cauliflower,Ranchi,Local,2026-09-20,3000.0,3500.0,3250.0
Tamil Nadu,Thirupur,Kangayam(Uzhavar Sandhai ),Papaya,Papaya,Local,2026-09-20,2000.0,2500.0,2250.0
Tamil Nadu,Thirupur,Kangayam(Uzhavar Sandhai ),Bitter gourd,Bitter Gourd,Local,2026-09-20,5000.0,5500.0,5250.0
Tamil Nadu,Thirupur,Kangayam(Uzhavar Sandhai ),Bhindi(Ladies Finger),Bhindi,Local,2026-09-20,5000.0,5500.0,5250.0
Tamil Nadu,Thirupur,Kangayam(Uzhavar Sandhai ),Green Chilli,Green Chilly,Local,2026-09-20,6000.0,7000.0,6500.0
Tamil Nadu,Thirupur,Kangayam(Uzhavar Sandhai ),Banana - Green,Banana - Green,Local,2026-09-20,2500.0,3000.0,2750.0
Tamil Nadu,Thirupur,Tiruppur (North) (Uzhavar Sandhai ),Groundnut,Big (With Shell),Local,2026-09-20,5000.0,6000.0,5500.0
Tamil Nadu,Thirupur,Tiruppur (North) (Uzhavar Sandhai ),Papaya,Papaya,Local,2026-09-20,3000.0,3600.0,3300.0
Tamil Nadu,Thirupur,Tiruppur (North) (Uzhavar Sandhai ),Cluster beans,Cluster Beans,Local,2026-09-20,3500.0,4000.0,3750.0
Tamil Nadu,Thirupur,Tiruppur (North) (Uzhavar Sandhai ),Banana - Green,Banana - Green,Local,2026-09-20,2500.0,3000.0,2750.0
Tamil Nadu,Thirupur,Tiruppur (North) (Uzhavar Sandhai ),Coconut,Coconut,Local,2026-09-20,5500.0,5800.0,5650.0
Tamil Nadu,Thirupur,Tiruppur (North) (Uzhavar Sandhai ),Carrot,Pusakesar,Local,2026-09-20,4500.0,5000.0,4750.0
Tamil Nadu,Thirupur,Tiruppur (North) (Uzhavar Sandhai ),Ridgeguard(Tori),Ridgeguard(Tori),Local,2026-09-20,5000.0,5500.0,5250.0
Tamil Nadu,Thiruvannamalai,Chengam(Uzhavar Sandhai ),Groundnut,Big (With Shell),Local,2026-09-20,7000.0,8000.0,7500.0
Tamil Nadu,Thiruvannamalai,Chengam(Uzhavar Sandhai ),Onion,Bellary,Local,2026-09-20,5000.0,6000.0,5500.0
Tamil Nadu,Thiruvannamalai,Chengam(Uzhavar Sandhai ),Coriander(Leaves),I Sort,Local,2026-09-20,3300.0,4000.0,3650.0
Tamil Nadu,Thiruvannamalai,Chengam(Uzhavar Sandhai ),Water Melon,Water Melon,Local,2026-09-20,1200.0,1500.0,1350.0
Tamil Nadu,Thiruvannamalai,Chengam(Uzhavar Sandhai ),Bottle gourd,Bottle Gourd,Local,2026-09-20,1600.0,2000.0,1800.0
Tamil Nadu,Thiruvannamalai,Chengam(Uzhavar Sandhai ),Ashgourd,Gouard,Local,2026-09-20,1600.0,2000.0,1800.0
Tamil Nadu,Thiruvannamalai,Chengam(Uzhavar Sandhai ),Pumpkin,Pumpkin,Local,2026-09-20,2000.0,2500.0,2250.0
Tamil Nadu,Thiruvannamalai,Chengam(Uzhavar Sandhai ),Sweet Potato,Hosur Red,Local,2026-09-20,4000.0,4800.0,4400.0
Tamil Nadu,Thiruvannamalai,Chengam(Uzhavar Sandhai ),Cucumbar(Kheera),Cucumbar,Local,2026-09-20,4200.0,5000.0,4600.0
Tamil Nadu,Thiruvannamalai,Chengam(Uzhavar Sandhai ),Capsicum,Capsicum,Local,2026-09-20,7000.0,8000.0,7500.0
Tamil Nadu,Thiruvannamalai,Chengam(Uzhavar Sandhai ),Tamarind Fruit,Tamarind Fruit,Local,2026-09-20,8000.0,10000.0,9000.0
Tamil Nadu,Thiruvannamalai,Chengam(Uzhavar Sandhai ),Sweet Corn,Sweet Corn,Local,2026-09-20,2500.0,3000.0,2750.0
Tamil Nadu,Thiruvannamalai,Tamarainagar(Uzhavar Sandhai ),Groundnut,Big (With Shell),Local,2026-09-20,7500.0,9000.0,8250.0
Tamil Nadu,Thiruvannamalai,Tamarainagar(Uzhavar Sandhai ),Banana,Besrai,Local,2026-09-20,5000.0,6000.0,5500.0
Tamil Nadu,Thiruvannamalai,Tamarainagar(Uzhavar Sandhai ),Papaya,Papaya,Local,2026-09-20,4000.0,4800.0,4400.0
Tamil Nadu,Thiruvannamalai,Tamarainagar(Uzhavar Sandhai ),Amaranthus,Amaranthus,Local,2026-09-20,4000.0,5000.0,4500.0
Tamil Nadu,Thiruvannamalai,Tamarainagar(Uzhavar Sandhai ),Snakeguard,Snakeguard,Local,2026-09-20,2500.0,3000.0,2750.0
Tamil Nadu,Thiruvannamalai,Tamarainagar(Uzhavar Sandhai ),Lime,Lime,Local,2026-09-20,5000.0,6000.0,5500.0
Tamil Nadu,Thiruvannamalai,Vandavasi(Uzhavar Sandhai ),Coriander(Leaves),I Sort,Local,2026-09-20,4000.0,5000.0,4500.0
Tamil Nadu,Thiruvannamalai,Vandavasi(Uzhavar Sandhai ),Bottle gourd,Bottle Gourd,Local,2026-09-20,1600.0,2000.0,1800.0
Tamil Nadu,Thiruvannamalai,Vandavasi(Uzhavar Sandhai ),Banana - Green,Banana - Green,Local,2026-09-20,1600.0,2000.0,1800.0
Tamil Nadu,Thiruvannamalai,Vandavasi(Uzhavar Sandhai ),Beetroot,Beetroot,Local,2026-09-20,3600.0,4200.0,3900.0
Tamil Nadu,Thiruvannamalai,Vandavasi(Uzhavar Sandhai ),Green Avare(W),Other,Local,2026-09-20,5000.0,6000.0,5500.0
Tamil Nadu,Thiruvannamalai,Vandavasi(Uzhavar Sandhai ),Drumstick,Drumstick,Local,2026-09-20,3600.0,4200.0,3900.0
Tamil Nadu,Thiruvannamalai,Vandavasi(Uzhavar Sandhai ),Knool Khol,Knool Khol,Local,2026-09-20,2500.0,3000.0,2750.0
Tamil Nadu,Thiruvannamalai,Vandavasi(Uzhavar Sandhai ),Onion Green,Onion Green,Local,2026-09-20,5000.0,6000.0,5500.0
Tamil Nadu,Thiruvarur,Muthupettai(Uzhavar Sandhai ),Brinjal,Round,Local,2026-09-20,3600.0,3600.0,3600.0
Tamil Nadu,Thiruvarur,Muthupettai(Uzhavar Sandhai ),Tomato,Deshi,Local,2026-09-20,3000.0,3000.0,3000.0
Tamil Nadu,Thiruvarur,Muthupettai(Uzhavar Sandhai ),Bitter gourd,Bitter Gourd,Local,2026-09-20,4600.0,4600.0,4600.0
Tamil Nadu,Thiruvarur,Muthupettai(Uzhavar Sandhai ),Bottle gourd,Bottle Gourd,Local,2026-09-20,2800.0,2800.0,2800.0
Tamil Nadu,Thiruvarur,Muthupettai(Uzhavar Sandhai ),Pumpkin,Pumpkin,Local,2026-09-20,2600.0,2600.0,2600.0
Tamil Nadu,Thiruvarur,Muthupettai(Uzhavar Sandhai ),Amaranthus,Amaranthus,Local,2026-09-20,2000.0,2000.0,2000.0
Tamil Nadu,Thiruvarur,Muthupettai(Uzhavar Sandhai ),Mango(Raw-Ripe),Mango - Raw-Ripe,Local,2026-09-20,9500.0,9500.0,9500.0
Tamil Nadu,Coimbatore,Sulur(Uzhavar Sandhai ),Onion,Bellary,Local,2026-09-20,5800.0,6200.0,6000.0
Tamil Nadu,Coimbatore,Sulur(Uzhavar Sandhai ),Cauliflower,Ranchi,Local,2026-09-20,4400.0,5000.0,4700.0
Tamil Nadu,Coimbatore,Sulur(Uzhavar Sandhai ),Ashgourd,Gouard,Local,2026-09-20,1800.0,2000.0,1900.0
Tamil Nadu,Coimbatore,Sulur(Uzhavar Sandhai ),Bhindi(Ladies Finger),Bhindi,Local,2026-09-20,4000.0,4600.0,4300.0
Tamil Nadu,Coimbatore,Sulur(Uzhavar Sandhai ),Green Chilli,Green Chilly,Local,2026-09-20,5000.0,5600.0,5300.0
Tamil Nadu,Coimbatore,Sulur(Uzhavar Sandhai ),Ginger(Green),Green Ginger,Local,2026-09-20,14000.0,16500.0,15250.0
Tamil Nadu,Coimbatore,Sulur(Uzhavar Sandhai ),Carrot,Pusakesar,Local,2026-09-20,4000.0,4800.0,4400.0
Tamil Nadu,Coimbatore,Sulur(Uzhavar Sandhai ),Capsicum,Capsicum,Local,2026-09-20,5400.0,6000.0,5700.0
Tamil Nadu,Coimbatore,Sulur(Uzhavar Sandhai ),Chow Chow,Chow Chow,Local,2026-09-20,3200.0,3500.0,3350.0
Tamil Nadu,Coimbatore,Sulur(Uzhavar Sandhai ),Mango(Raw-Ripe),Mango - Raw-Ripe,Local,2026-09-20,8000.0,9000.0,8500.0
Tamil Nadu,Coimbatore,Sulur(Uzhavar Sandhai ),Onion Green,Onion Green,Local,2026-09-20,8600.0,9200.0,8900.0
Tamil Nadu,Pudukkottai,Gandarvakottai(Uzhavar Sandhai ),Banana,Red Banana,Local,2026-09-20,6500.0,7000.0,6750.0
Tamil Nadu,Pudukkottai,Gandarvakottai(Uzhavar Sandhai ),Brinjal,Round,Local,2026-09-20,5500.0,6000.0,5750.0
Tamil Nadu,Pudukkottai,Gandarvakottai(Uzhavar Sandhai ),Bottle gourd,Bottle Gourd,Local,2026-09-20,1500.0,2000.0,1750.0
Tamil Nadu,Pudukkottai,Gandarvakottai(Uzhavar Sandhai ),Pumpkin,Pumpkin,Local,2026-09-20,1000.0,1500.0,1250.0
Tamil Nadu,Pudukkottai,Gandarvakottai(Uzhavar Sandhai ),Coconut,Coconut,Local,2026-09-20,3500.0,4000.0,3750.0
Tamil Nadu,Pudukkottai,Gandarvakottai(Uzhavar Sandhai ),Green Avare(W),Green Avare (W),Local,2026-09-20,6500.0,7000.0,6750.0
Tamil Nadu,Pudukkottai,Gandarvakottai(Uzhavar Sandhai ),Onion Green,Onion Green,Local,2026-09-20,9500.0,10000.0,9750.0
Tamil Nadu,Cuddalore,Panruti(Uzhavar Sandhai ),Onion,Bellary,Local,2026-09-20,5500.0,5500.0,5500.0
Tamil Nadu,Cuddalore,Panruti(Uzhavar Sandhai ),Coriander(Leaves),I Sort,Local,2026-09-20,6000.0,6000.0,6000.0
Tamil Nadu,Cuddalore,Panruti(Uzhavar Sandhai ),Guava,Guava Allahabad,Local,2026-09-20,4000.0,4000.0,4000.0
Tamil Nadu,Cuddalore,Panruti(Uzhavar Sandhai ),Lemon,Lemon,Local,2026-09-20,16000.0,16000.0,16000.0
Tamil Nadu,Cuddalore,Vadalur(Uzhavar Sandhai ),Garlic,Garlic,Local,2026-09-20,15000.0,20000.0,17500.0
Tamil Nadu,Cuddalore,Vadalur(Uzhavar Sandhai ),Coriander(Leaves),I Sort,Local,2026-09-20,5000.0,5000.0,5000.0
Tamil Nadu,Cuddalore,Vadalur(Uzhavar Sandhai ),Bhindi(Ladies Finger),Bhindi,Local,2026-09-20,3000.0,3000.0,3000.0
Tamil Nadu,Cuddalore,Vadalur(Uzhavar Sandhai ),Beans,Beans (Whole),Local,2026-09-20,8000.0,8000.0,8000.0
Tamil Nadu,Cuddalore,Vadalur(Uzhavar Sandhai ),Coconut,Coconut,Local,2026-09-20,5000.0,6000.0,5500.0
Tamil Nadu,Cuddalore,Vadalur(Uzhavar Sandhai ),Snakeguard,Snakeguard,Local,2026-09-20,3000.0,3000.0,3000.0
Tamil Nadu,Cuddalore,Vadalur(Uzhavar Sandhai ),Cucumbar(Kheera),Cucumbar,Local,2026-09-20,4000.0,4000.0,4000.0
Tamil Nadu,Cuddalore,Vadalur(Uzhavar Sandhai ),Knool Khol,Knool Khol,Local,2026-09-20,3000.0,3000.0,3000.0
Tamil Nadu,Dharmapuri,AJattihalli(Uzhavar Sandhai ),Bottle gourd,Bottle Gourd,Local,2026-09-20,1600.0,2000.0,1800.0
Tamil Nadu,Dharmapuri,AJattihalli(Uzhavar Sandhai ),Green Chilli,Green Chilly,Local,2026-09-20,3500.0,4000.0,3750.0
Tamil Nadu,Dharmapuri,AJattihalli(Uzhavar Sandhai ),Cowpea(Veg),Cowpea (Veg),Local,2026-09-20,5500.0,5500.0,5500.0
Tamil Nadu,Dharmapuri,AJattihalli(Uzhavar Sandhai ),Ridgeguard(Tori),Ridgeguard(Tori),Local,2026-09-20,3000.0,3000.0,3000.0
Tamil Nadu,Dharmapuri,AJattihalli(Uzhavar Sandhai ),Thondekai,Thondekai,Local,2026-09-20,4500.0,4500.0,4500.0
Tamil Nadu,Dharmapuri,AJattihalli(Uzhavar Sandhai ),Tender Coconut,Tender Coconut,Local,2026-09-20,3000.0,3500.0,3250.0
Tamil Nadu,Thanjavur,Peravurani(Uzhavar Sandhai),Banana,Besrai,Local,2026-09-20,3500.0,3500.0,3500.0
Tamil Nadu,Thanjavur,Peravurani(Uzhavar Sandhai),Bitter gourd,Bitter Gourd,Local,2026-09-20,6000.0,6000.0,6000.0
Tamil Nadu,Thanjavur,Peravurani(Uzhavar Sandhai),Ashgourd,Gouard,Local,2026-09-20,3000.0,3000.0,3000.0
Tamil Nadu,Thanjavur,Peravurani(Uzhavar Sandhai),Amaranthus,Amaranthus,Local,2026-09-20,2000.0,2000.0,2000.0
Tamil Nadu,Thanjavur,Peravurani(Uzhavar Sandhai),Banana - Green,Banana - Green,Local,2026-09-20,3000.0,3000.0,3000.0
Tamil Nadu,Thanjavur,Peravurani(Uzhavar Sandhai),Lemon,Lemon,Local,2026-09-20,14000.0,14000.0,14000.0
Tamil Nadu,Karur,Pallapatti (Uzhavar Sandhai ),Coriander(Leaves),I Sort,Local,2026-09-20,4500.0,5000.0,4750.0
Tamil Nadu,Karur,Pallapatti (Uzhavar Sandhai ),Papaya,Papaya,Local,2026-09-20,3500.0,4000.0,3750.0
Tamil Nadu,Karur,Pallapatti (Uzhavar Sandhai ),Green Chilli,Green Chilly,Local,2026-09-20,5000.0,6000.0,5500.0
Tamil Nadu,Karur,Pallapatti (Uzhavar Sandhai ),Tapioca,Tapioca,Local,2026-09-20,2500.0,3000.0,2750.0
Tamil Nadu,Karur,Pallapatti (Uzhavar Sandhai ),Sweet Potato,Hosur Red,Local,2026-09-20,4500.0,5000.0,4750.0
Tamil Nadu,Karur,Pallapatti (Uzhavar Sandhai ),Raddish,Raddish,Local,2026-09-20,3500.0,4000.0,3750.0
Tamil Nadu,Karur,Velayuthampalayam(Uzhavar Sandhai ),Brinjal,Other,Local,2026-09-20,2800.0,3500.0,3150.0
Tamil Nadu,Karur,Velayuthampalayam(Uzhavar Sandhai ),Ashgourd,Gouard,Local,2026-09-20,2000.0,2500.0,2250.0
Tamil Nadu,Karur,Velayuthampalayam(Uzhavar Sandhai ),Banana - Green,Banana - Green,Local,2026-09-20,2400.0,3000.0,2700.0
Tamil Nadu,Karur,Velayuthampalayam(Uzhavar Sandhai ),Snakeguard,Snakeguard,Local,2026-09-20,2800.0,3500.0,3150.0
Tamil Nadu,Karur,Vengamedu(Uzhavar Sandhai ),Brinjal,Other,Local,2026-09-20,3500.0,4500.0,4000.0
Tamil Nadu,Karur,Vengamedu(Uzhavar Sandhai ),Raddish,Raddish,Local,2026-09-20,2500.0,3000.0,2750.0
Tamil Nadu,Karur,Vengamedu(Uzhavar Sandhai ),Green Avare(W),Other,Local,2026-09-20,9000.0,10000.0,9500.0
Tamil Nadu,Karur,Vengamedu(Uzhavar Sandhai ),Drumstick,Drumstick,Local,2026-09-20,2500.0,3000.0,2750.0
Tamil Nadu,Karur,Vengamedu(Uzhavar Sandhai ),Onion Green,Onion Green,Local,2026-09-20,9000.0,9500.0,9250.0
Tamil Nadu,Theni,Devaram(Uzhavar Sandhai ),Potato,Red Nanital,Local,2026-09-20,3000.0,3000.0,3000.0
Tamil Nadu,Theni,Devaram(Uzhavar Sandhai ),Cauliflower,Ranchi,Local,2026-09-20,3500.0,3500.0,3500.0
Tamil Nadu,Theni,Devaram(Uzhavar Sandhai ),Bhindi(Ladies Finger),Bhindi,Local,2026-09-20,3800.0,3800.0,3800.0
Tamil Nadu,Theni,Devaram(Uzhavar Sandhai ),Cabbage,Cabbage,Local,2026-09-20,2800.0,2800.0,2800.0
Tamil Nadu,Theni,Devaram(Uzhavar Sandhai ),Green Avare(W),Green Avare (W),Local,2026-09-20,7500.0,7500.0,7500.0
Tamil Nadu,Theni,Devaram(Uzhavar Sandhai ),Onion Green,Onion Green,Local,2026-09-20,8000.0,8000.0,8000.0
Tamil Nadu,Salem,Attayampatti(Uzhavar Sandhai ),Groundnut,Big (With Shell),Local,2026-09-20,7000.0,7000.0,7000.0
Tamil Nadu,Salem,Attayampatti(Uzhavar Sandhai ),Papaya,Papaya,Local,2026-09-20,3500.0,3500.0,3500.0
Tamil Nadu,Salem,Attayampatti(Uzhavar Sandhai ),Bitter gourd,Bitter Gourd,Local,2026-09-20,5000.0,5500.0,5250.0
Tamil Nadu,Salem,Attayampatti(Uzhavar Sandhai ),Amaranthus,Amaranthus,Local,2026-09-20,2400.0,2800.0,2600.0
Tamil Nadu,Salem,Attayampatti(Uzhavar Sandhai ),Ridgeguard(Tori),Ridgeguard(Tori),Local,2026-09-20,4000.0,4000.0,4000.0
Tamil Nadu,Salem,Attayampatti(Uzhavar Sandhai ),Drumstick,Drumstick,Local,2026-09-20,3000.0,3500.0,3250.0
Tamil Nadu,Salem,Attayampatti(Uzhavar Sandhai ),Elephant Yam(Suran)/Amorphophallus,Elephant Yam (Suran),Local,2026-09-20,5000.0,5000.0,5000.0
Tamil Nadu,Salem,Attayampatti(Uzhavar Sandhai ),Mint(Pudina),Mint(Pudina),Local,2026-09-20,4000.0,5000.0,4500.0
Tamil Nadu,Sivaganga,Sivagangai (Uzhavar Sandhai ),Brinjal,Other,Local,2026-09-20,3400.0,3800.0,3600.0
Tamil Nadu,Sivaganga,Sivagangai (Uzhavar Sandhai ),Papaya,Papaya,Local,2026-09-20,4600.0,5200.0,4900.0
Tamil Nadu,Sivaganga,Sivagangai (Uzhavar Sandhai ),Amaranthus,Amaranthus,Local,2026-09-20,3000.0,4000.0,3500.0
Tamil Nadu,Sivaganga,Sivagangai (Uzhavar Sandhai ),Green Chilli,Green Chilly,Local,2026-09-20,3600.0,4200.0,3900.0
Tamil Nadu,Sivaganga,Sivagangai (Uzhavar Sandhai ),Coconut,Coconut,Local,2026-09-20,7000.0,7200.0,7100.0
Tamil Nadu,Sivaganga,Sivagangai (Uzhavar Sandhai ),Carrot,Pusakesar,Local,2026-09-20,3000.0,4200.0,3600.0
Tamil Nadu,Sivaganga,Sivagangai (Uzhavar Sandhai ),Beetroot,Beetroot,Local,2026-09-20,4200.0,5200.0,4700.0
Tamil Nadu,Sivaganga,Sivagangai (Uzhavar Sandhai ),Green Avare(W),Other,Local,2026-09-20,8500.0,10500.0,9500.0
Tamil Nadu,Sivaganga,Sivagangai (Uzhavar Sandhai ),Knool Khol,Knool Khol,Local,2026-09-20,4600.0,5000.0,4800.0
Tamil Nadu,Sivaganga,Sivagangai (Uzhavar Sandhai ),Indian Beans(Seam),Indian Beans (Seam),Local,2026-09-20,5600.0,6200.0,5900.0
Tamil Nadu,Sivaganga,Sivagangai (Uzhavar Sandhai ),Colacasia,Colacasia,Local,2026-09-20,5200.0,6200.0,5700.0
Tamil Nadu,Sivaganga,Sivagangai (Uzhavar Sandhai ),Onion Green,Onion Green,Local,2026-09-20,8200.0,9200.0,8700.0
Tamil Nadu,Sivaganga,Sivagangai (Uzhavar Sandhai ),Mint(Pudina),Mint(Pudina),Local,2026-09-20,5600.0,6200.0,5900.0
Tamil Nadu,Sivaganga,Devakottai (Uzhavar Sandhai ),Onion,Bellary,Local,2026-09-20,4400.0,5200.0,4800.0
Tamil Nadu,Sivaganga,Devakottai (Uzhavar Sandhai ),Cauliflower,Ranchi,Local,2026-09-20,3000.0,3400.0,3200.0
Tamil Nadu,Sivaganga,Devakottai (Uzhavar Sandhai ),Brinjal,Round,Local,2026-09-20,3600.0,4000.0,3800.0
Tamil Nadu,Sivaganga,Devakottai (Uzhavar Sandhai ),Coriander(Leaves),I Sort,Local,2026-09-20,4800.0,5400.0,5100.0
Tamil Nadu,Sivaganga,Devakottai (Uzhavar Sandhai ),Bottle gourd,Bottle Gourd,Local,2026-09-20,2600.0,2800.0,2700.0
Tamil Nadu,Sivaganga,Devakottai (Uzhavar Sandhai ),Green Chilli,Green Chilly,Local,2026-09-20,4000.0,4600.0,4300.0
Tamil Nadu,Sivaganga,Devakottai (Uzhavar Sandhai ),Snakeguard,Snakeguard,Local,2026-09-20,3400.0,4000.0,3700.0
Tamil Nadu,Sivaganga,Devakottai (Uzhavar Sandhai ),Raddish,Raddish,Local,2026-09-20,2800.0,3000.0,2900.0
Tamil Nadu,Sivaganga,Devakottai (Uzhavar Sandhai ),Mango(Raw-Ripe),Mango - Raw-Ripe,Local,2026-09-20,12500.0,13000.0,12750.0
Tamil Nadu,Salem,Edapadi (Uzhavar Sandhai ),Papaya,Papaya,Local,2026-09-20,3000.0,3500.0,3250.0
Tamil Nadu,Salem,Edapadi (Uzhavar Sandhai ),Ashgourd,Gouard,Local,2026-09-20,1800.0,2000.0,1900.0
Tamil Nadu,Salem,Edapadi (Uzhavar Sandhai ),Carrot,Pusakesar,Local,2026-09-20,5500.0,6000.0,5750.0
Tamil Nadu,Salem,Edapadi (Uzhavar Sandhai ),Raddish,Raddish,Local,2026-09-20,2200.0,2500.0,2350.0
Tamil Nadu,Salem,Edapadi (Uzhavar Sandhai ),Mint(Pudina),Mint(Pudina),Local,2026-09-20,4000.0,4500.0,4250.0
Tamil Nadu,Salem,Elampillai(Uzhavar Sandhai ),Onion,Bellary,Local,2026-09-20,6000.0,6500.0,6250.0
Tamil Nadu,Salem,Elampillai(Uzhavar Sandhai ),Cauliflower,Ranchi,Local,2026-09-20,2500.0,3000.0,2750.0
Tamil Nadu,Salem,Elampillai(Uzhavar Sandhai ),Mousambi(Sweet Lime),Mousambi,Local,2026-09-20,3000.0,3500.0,3250.0
Tamil Nadu,Salem,Elampillai(Uzhavar Sandhai ),Tomato,Other,Local,2026-09-20,2500.0,2800.0,2650.0
Tamil Nadu,Salem,Elampillai(Uzhavar Sandhai ),Banana - Green,Banana - Green,Local,2026-09-20,2500.0,3000.0,2750.0
Tamil Nadu,Salem,Elampillai(Uzhavar Sandhai ),Beetroot,Beetroot,Local,2026-09-20,5000.0,5500.0,5250.0
Tamil Nadu,Salem,Elampillai(Uzhavar Sandhai ),Lemon,Lemon,Local,2026-09-20,7000.0,8000.0,7500.0
Tamil Nadu,Salem,Hasthampatti(Uzhavar Sandhai ),Banana,Red Banana,Local,2026-09-20,7500.0,8000.0,7750.0
Tamil Nadu,Salem,Hasthampatti(Uzhavar Sandhai ),Cluster beans,Cluster Beans,Local,2026-09-20,3000.0,3500.0,3250.0
Tamil Nadu,Salem,Hasthampatti(Uzhavar Sandhai ),Bottle gourd,Bottle Gourd,Local,2026-09-20,2000.0,2500.0,2250.0
Tamil Nadu,Salem,Hasthampatti(Uzhavar Sandhai ),Pumpkin,Pumpkin,Local,2026-09-20,1800.0,2000.0,1900.0
Tamil Nadu,Salem,Hasthampatti(Uzhavar Sandhai ),Banana - Green,Banana - Green,Local,2026-09-20,2000.0,2400.0,2200.0
Tamil Nadu,Salem,Hasthampatti(Uzhavar Sandhai ),Tapioca,Tapioca,Local,2026-09-20,3000.0,3500.0,3250.0
Tamil Nadu,Salem,Hasthampatti(Uzhavar Sandhai ),Carrot,Pusakesar,Local,2026-09-20,5000.0,5500.0,5250.0
Tamil Nadu,Salem,Hasthampatti(Uzhavar Sandhai ),Cabbage,Cabbage,Local,2026-09-20,3000.0,3400.0,3200.0
Tamil Nadu,Salem,Hasthampatti(Uzhavar Sandhai ),Cucumbar(Kheera),Cucumbar,Local,2026-09-20,5000.0,6000.0,5500.0
Tamil Nadu,Salem,Hasthampatti(Uzhavar Sandhai ),Thondekai,Thondekai,Local,2026-09-20,3500.0,4000.0,3750.0
Tamil Nadu,Salem,Hasthampatti(Uzhavar Sandhai ),Sweet Corn,Sweet Corn,Local,2026-09-20,3500.0,4000.0,3750.0
Tamil Nadu,Salem,Jalagandapuram(Uzhavar Sandhai ),Coriander(Leaves),I Sort,Local,2026-09-20,1600.0,2000.0,1800.0
Tamil Nadu,Salem,Jalagandapuram(Uzhavar Sandhai ),Papaya,Papaya,Local,2026-09-20,3500.0,4000.0,3750.0
Tamil Nadu,Salem,Jalagandapuram(Uzhavar Sandhai ),Beans,Beans (Whole),Local,2026-09-20,7000.0,8000.0,7500.0
Tamil Nadu,Salem,Jalagandapuram(Uzhavar Sandhai ),Ginger(Green),Green Ginger,Local,2026-09-20,17000.0,18000.0,17500.0
Tamil Nadu,Salem,Jalagandapuram(Uzhavar Sandhai ),Carrot,Pusakesar,Local,2026-09-20,5200.0,6000.0,5600.0
Tamil Nadu,Salem,Jalagandapuram(Uzhavar Sandhai ),Green Avare(W),Other,Local,2026-09-20,6000.0,6500.0,6250.0
Tamil Nadu,Salem,Jalagandapuram(Uzhavar Sandhai ),Guava,Guava Allahabad,Local,2026-09-20,6000.0,7000.0,6500.0
Tamil Nadu,Salem,Jalagandapuram(Uzhavar Sandhai ),Mint(Pudina),Mint(Pudina),Local,2026-09-20,4500.0,5000.0,4750.0
Tamil Nadu,Sivaganga,Singampunari(Uzhavar Sandhai ),Banana,Karpura,Local,2026-09-20,3500.0,4000.0,3750.0
Tamil Nadu,Sivaganga,Singampunari(Uzhavar Sandhai ),Potato,Other,Local,2026-09-20,5200.0,5600.0,5400.0
Tamil Nadu,Sivaganga,Singampunari(Uzhavar Sandhai ),Tomato,Other,Local,2026-09-20,2600.0,3000.0,2800.0
Tamil Nadu,Sivaganga,Singampunari(Uzhavar Sandhai ),Bitter gourd,Other,Local,2026-09-20,5200.0,5600.0,5400.0
Tamil Nadu,Sivaganga,Singampunari(Uzhavar Sandhai ),Green Chilli,Green Chilly,Local,2026-09-20,3600.0,4200.0,3900.0
Tamil Nadu,Sivaganga,Singampunari(Uzhavar Sandhai ),Snakeguard,Snakeguard,Local,2026-09-20,3200.0,3800.0,3500.0
Tamil Nadu,Sivaganga,Singampunari(Uzhavar Sandhai ),Green Avare(W),Other,Local,2026-09-20,8200.0,9200.0,8700.0
Tamil Nadu,Sivaganga,Singampunari(Uzhavar Sandhai ),Chow Chow,Chow Chow,Local,2026-09-20,2800.0,3200.0,3000.0
Tamil Nadu,Sivaganga,Singampunari(Uzhavar Sandhai ),Mango(Raw-Ripe),Mango - Raw-Ripe,Local,2026-09-20,12000.0,13000.0,12500.0
Tamil Nadu,Sivaganga,Singampunari(Uzhavar Sandhai ),Onion Green,Onion Green,Local,2026-09-20,8200.0,9200.0,8700.0
Tamil Nadu,Sivaganga,Karaikudi(Uzhavar Sandhai ),Tomato,Local,Local,2026-09-20,2800.0,3200.0,3000.0
Tamil Nadu,Sivaganga,Karaikudi(Uzhavar Sandhai ),Cluster beans,Cluster Beans,Local,2026-09-20,4000.0,4500.0,4250.0
Tamil Nadu,Sivaganga,Karaikudi(Uzhavar Sandhai ),Pumpkin,Pumpkin,Local,2026-09-20,2000.0,2500.0,2250.0
Tamil Nadu,Sivaganga,Karaikudi(Uzhavar Sandhai ),Bhindi(Ladies Finger),Bhindi,Local,2026-09-20,3200.0,3600.0,3400.0
Tamil Nadu,Sivaganga,Karaikudi(Uzhavar Sandhai ),Green Avare(W),Other,Local,2026-09-20,9000.0,10000.0,9500.0
Tamil Nadu,Sivaganga,Karaikudi(Uzhavar Sandhai ),Drumstick,Drumstick,Local,2026-09-20,5000.0,7000.0,6000.0
Tamil Nadu,Sivaganga,Karaikudi(Uzhavar Sandhai ),Onion Green,Onion Green,Local,2026-09-20,8500.0,9500.0,9000.0
Tamil Nadu,Sivaganga,Tirupatthur(Uzhavar Sandhai ),Beans,Beans (Whole),Local,2026-09-20,8400.0,9500.0,8950.0
Tamil Nadu,Sivaganga,Tirupatthur(Uzhavar Sandhai ),Beetroot,Beetroot,Local,2026-09-20,4400.0,5500.0,4950.0
Tamil Nadu,Sivaganga,Tirupatthur(Uzhavar Sandhai ),Onion Green,Onion Green,Local,2026-09-20,8400.0,9500.0,8950.0
Tamil Nadu,Thanjavur,Pattukottai(Uzhavar Sandhai ),Brinjal,Round,Local,2026-09-20,3400.0,4400.0,3900.0
Tamil Nadu,Thanjavur,Pattukottai(Uzhavar Sandhai ),Onion,Bellary,Local,2026-09-20,5000.0,7000.0,6000.0
Tamil Nadu,Thanjavur,Pattukottai(Uzhavar Sandhai ),Cauliflower,Ranchi,Local,2026-09-20,4800.0,4800.0,4800.0
Tamil Nadu,Thanjavur,Pattukottai(Uzhavar Sandhai ),Bitter gourd,Bitter Gourd,Local,2026-09-20,6000.0,6000.0,6000.0
Tamil Nadu,Thanjavur,Pattukottai(Uzhavar Sandhai ),Beans,Beans (Whole),Local,2026-09-20,9000.0,9000.0,9000.0
Tamil Nadu,Thanjavur,Pattukottai(Uzhavar Sandhai ),Cabbage,Cabbage,Local,2026-09-20,3400.0,3400.0,3400.0
Tamil Nadu,Thanjavur,Pattukottai(Uzhavar Sandhai ),Chow Chow,Chow Chow,Local,2026-09-20,4400.0,4400.0,4400.0
Tamil Nadu,Thiruchirappalli,KKNagar(Uzhavar Sandhai ),Banana,Poovan,Local,2026-09-20,5000.0,6000.0,5500.0
Tamil Nadu,Thiruchirappalli,KKNagar(Uzhavar Sandhai ),Potato,Other,Local,2026-09-20,6400.0,6400.0,6400.0
Tamil Nadu,Thiruchirappalli,KKNagar(Uzhavar Sandhai ),Pumpkin,Pumpkin,Local,2026-09-20,2000.0,2000.0,2000.0
Tamil Nadu,Thiruchirappalli,KKNagar(Uzhavar Sandhai ),Bhindi(Ladies Finger),Bhindi,Local,2026-09-20,3000.0,3000.0,3000.0
Tamil Nadu,Thiruchirappalli,KKNagar(Uzhavar Sandhai ),Beans,Beans (Whole),Local,2026-09-20,7600.0,7600.0,7600.0
Tamil Nadu,Thiruchirappalli,KKNagar(Uzhavar Sandhai ),Cabbage,Cabbage,Local,2026-09-20,3200.0,3200.0,3200.0
Tamil Nadu,Thiruchirappalli,KKNagar(Uzhavar Sandhai ),Beetroot,Beetroot,Local,2026-09-20,5400.0,5400.0,5400.0
Tamil Nadu,Thiruchirappalli,KKNagar(Uzhavar Sandhai ),Drumstick,Drumstick,Local,2026-09-20,4000.0,4500.0,4250.0
Tamil Nadu,Thiruchirappalli,KKNagar(Uzhavar Sandhai ),Guava,Guava Allahabad,Local,2026-09-20,12000.0,12000.0,12000.0
Tamil Nadu,Thiruchirappalli,Lalgudi(Uzhavar Sandhai ),Cauliflower,Ranchi,Local,2026-09-20,4000.0,4000.0,4000.0
Tamil Nadu,Thiruchirappalli,Lalgudi(Uzhavar Sandhai ),Ashgourd,Gouard,Local,2026-09-20,2000.0,2000.0,2000.0
Tamil Nadu,Thiruchirappalli,Lalgudi(Uzhavar Sandhai ),Ridgeguard(Tori),Ridgeguard(Tori),Local,2026-09-20,4600.0,4600.0,4600.0
Tamil Nadu,Thiruchirappalli,Lalgudi(Uzhavar Sandhai ),Raddish,Raddish,Local,2026-09-20,3600.0,3600.0,3600.0
Tamil Nadu,Thiruchirappalli,Lalgudi(Uzhavar Sandhai ),Green Avare(W),Other,Local,2026-09-20,9000.0,9000.0,9000.0
Tamil Nadu,Thiruchirappalli,Lalgudi(Uzhavar Sandhai ),Elephant Yam(Suran)/Amorphophallus,Elephant Yam (Suran),Local,2026-09-20,3600.0,3600.0,3600.0
Tamil Nadu,Thiruchirappalli,Lalgudi(Uzhavar Sandhai ),Yam(Ratalu),Yam (Ratalu),Local,2026-09-20,5600.0,5600.0,5600.0
Tamil Nadu,Thiruchirappalli,Lalgudi(Uzhavar Sandhai ),Colacasia,Colacasia,Local,2026-09-20,5000.0,5000.0,5000.0
Tamil Nadu,Thiruchirappalli,Manachanallur(Uzhavar Sandhai ),Cauliflower,Ranchi,Local,2026-09-20,4000.0,4500.0,4250.0
Tamil Nadu,Thiruchirappalli,Manachanallur(Uzhavar Sandhai ),Bottle gourd,Bottle Gourd,Local,2026-09-20,2000.0,2500.0,2250.0
Tamil Nadu,Thiruchirappalli,Manachanallur(Uzhavar Sandhai ),Carrot,Pusakesar,Local,2026-09-20,5000.0,5000.0,5000.0
Tamil Nadu,Thiruchirappalli,Manachanallur(Uzhavar Sandhai ),Raddish,Raddish,Local,2026-09-20,3000.0,3500.0,3250.0
Tamil Nadu,Thiruchirappalli,Manachanallur(Uzhavar Sandhai ),Tender Coconut,Tender Coconut,Local,2026-09-20,4000.0,5000.0,4500.0
Tamil Nadu,Thiruchirappalli,Manapparai(Uzhavar Sandhai ),Potato,Other,Local,2026-09-20,3000.0,3000.0,3000.0
Tamil Nadu,Thiruchirappalli,Manapparai(Uzhavar Sandhai ),Cauliflower,Ranchi,Local,2026-09-20,5000.0,5000.0,5000.0
Tamil Nadu,Thiruchirappalli,Manapparai(Uzhavar Sandhai ),Papaya,Papaya,Local,2026-09-20,4000.0,4000.0,4000.0
Tamil Nadu,Thiruchirappalli,Manapparai(Uzhavar Sandhai ),Bitter gourd,Other,Local,2026-09-20,5000.0,6000.0,5500.0
Tamil Nadu,Thiruchirappalli,Manapparai(Uzhavar Sandhai ),Bottle gourd,Bottle Gourd,Local,2026-09-20,2000.0,2500.0,2250.0
Tamil Nadu,Thiruchirappalli,Manapparai(Uzhavar Sandhai ),Cowpea(Veg),Cowpea (Veg),Local,2026-09-20,3000.0,3000.0,3000.0
Tamil Nadu,Thiruchirappalli,Manapparai(Uzhavar Sandhai ),Beans,Beans (Whole),Local,2026-09-20,8000.0,8000.0,8000.0
Tamil Nadu,Thiruchirappalli,Manapparai(Uzhavar Sandhai ),Ridgeguard(Tori),Ridgeguard(Tori),Local,2026-09-20,4600.0,5000.0,4800.0
Tamil Nadu,Thiruchirappalli,Manapparai(Uzhavar Sandhai ),Green Avare(W),Other,Local,2026-09-20,8000.0,9000.0,8500.0
Tamil Nadu,Thiruchirappalli,Manapparai(Uzhavar Sandhai ),Chow Chow,Chow Chow,Local,2026-09-20,4200.0,4200.0,4200.0
Tamil Nadu,Thiruchirappalli,Manapparai(Uzhavar Sandhai ),Mango(Raw-Ripe),Mango - Raw-Ripe,Local,2026-09-20,12000.0,12000.0,12000.0
Tamil Nadu,Thiruchirappalli,Manapparai(Uzhavar Sandhai ),Guava,Guava Allahabad,Local,2026-09-20,8000.0,8000.0,8000.0
Tamil Nadu,Thiruchirappalli,Manapparai(Uzhavar Sandhai ),Lemon,Lemon,Local,2026-09-20,20000.0,20000.0,20000.0
Tamil Nadu,Thiruchirappalli,Manapparai(Uzhavar Sandhai ),Onion Green,Onion Green,Local,2026-09-20,9000.0,10000.0,9500.0
Tamil Nadu,Thiruchirappalli,Musiri(Uzhavar Sandhai ),Potato,Other,Local,2026-09-20,2600.0,3000.0,2800.0
Tamil Nadu,Thiruchirappalli,Musiri(Uzhavar Sandhai ),Coriander(Leaves),I Sort,Local,2026-09-20,3600.0,4000.0,3800.0
Tamil Nadu,Thiruchirappalli,Musiri(Uzhavar Sandhai ),Bitter gourd,Bitter Gourd,Local,2026-09-20,5000.0,6000.0,5500.0
Tamil Nadu,Thiruchirappalli,Musiri(Uzhavar Sandhai ),Banana - Green,Banana - Green,Local,2026-09-20,2500.0,2500.0,2500.0
Tamil Nadu,Thiruchirappalli,Musiri(Uzhavar Sandhai ),Coconut,Coconut,Local,2026-09-20,6000.0,6500.0,6250.0
Tamil Nadu,Thiruchirappalli,Musiri(Uzhavar Sandhai ),Cucumbar(Kheera),Cucumbar,Local,2026-09-20,4000.0,4600.0,4300.0
Tamil Nadu,Thiruchirappalli,Musiri(Uzhavar Sandhai ),Drumstick,Drumstick,Local,2026-09-20,3000.0,3600.0,3300.0
Tamil Nadu,Thiruchirappalli,Musiri(Uzhavar Sandhai ),Guava,Guava Allahabad,Local,2026-09-20,4000.0,5000.0,4500.0
Tamil Nadu,Thiruchirappalli,Musiri(Uzhavar Sandhai ),Elephant Yam(Suran)/Amorphophallus,Elephant Yam (Suran),Local,2026-09-20,3000.0,3600.0,3300.0
Tamil Nadu,Thiruchirappalli,Musiri(Uzhavar Sandhai ),Indian Beans(Seam),Indian Beans (Seam),Local,2026-09-20,6000.0,7000.0,6500.0
Tamil Nadu,Thiruchirappalli,Musiri(Uzhavar Sandhai ),Sweet Corn,Sweet Corn,Local,2026-09-20,3500.0,4000.0,3750.0
Tamil Nadu,Thiruchirappalli,Thiruverumbur(Uzhavar Sandhai ),Garlic,Garlic,Local,2026-09-20,20000.0,28000.0,24000.0
Tamil Nadu,Thiruchirappalli,Thiruverumbur(Uzhavar Sandhai ),Bitter gourd,Other,Local,2026-09-20,5600.0,6000.0,5800.0
Tamil Nadu,Thiruchirappalli,Thiruverumbur(Uzhavar Sandhai ),Pumpkin,Pumpkin,Local,2026-09-20,2000.0,2000.0,2000.0
Tamil Nadu,Thiruchirappalli,Thiruverumbur(Uzhavar Sandhai ),Coconut,Coconut,Local,2026-09-20,7000.0,7000.0,7000.0
Tamil Nadu,Thiruchirappalli,Thiruverumbur(Uzhavar Sandhai ),Carrot,Pusakesar,Local,2026-09-20,5400.0,5400.0,5400.0
Tamil Nadu,Thiruchirappalli,Thiruverumbur(Uzhavar Sandhai ),Snakeguard,Snakeguard,Local,2026-09-20,3600.0,3600.0,3600.0
Tamil Nadu,Thiruchirappalli,Thiruverumbur(Uzhavar Sandhai ),Capsicum,Capsicum,Local,2026-09-20,5400.0,5400.0,5400.0
Tamil Nadu,Thiruchirappalli,Thiruverumbur(Uzhavar Sandhai ),Onion Green,Onion Green,Local,2026-09-20,10000.0,11000.0,10500.0
Tamil Nadu,Virudhunagar,Rajapalayam(Uzhavar Sandhai ),Chikoos(Sapota),Sapota,Local,2026-09-20,3000.0,3500.0,3250.0
Tamil Nadu,Virudhunagar,Rajapalayam(Uzhavar Sandhai ),Green Avare(W),Green Avare (W),Local,2026-09-20,8000.0,9000.0,8500.0
Tamil Nadu,Virudhunagar,Rajapalayam(Uzhavar Sandhai ),Chow Chow,Chow Chow,Local,2026-09-20,3000.0,3500.0,3250.0
Tamil Nadu,Virudhunagar,Rajapalayam(Uzhavar Sandhai ),Knool Khol,Knool Khol,Local,2026-09-20,5000.0,6000.0,5500.0
Tamil Nadu,Virudhunagar,Rajapalayam(Uzhavar Sandhai ),Guava,Guava Allahabad,Local,2026-09-20,3500.0,4000.0,3750.0
Tamil Nadu,Virudhunagar,Rajapalayam(Uzhavar Sandhai ),Mint(Pudina),Mint(Pudina),Local,2026-09-20,6000.0,7000.0,6500.0
Tamil Nadu,Virudhunagar,Sathur(Uzhavar Sandhai ),Chikoos(Sapota),Sapota,Local,2026-09-20,2500.0,3000.0,2750.0
Tamil Nadu,Virudhunagar,Sathur(Uzhavar Sandhai ),Papaya,Papaya,Local,2026-09-20,2500.0,3000.0,2750.0
Tamil Nadu,Virudhunagar,Sathur(Uzhavar Sandhai ),Cluster beans,Cluster Beans,Local,2026-09-20,3500.0,4000.0,3750.0
Tamil Nadu,Virudhunagar,Sathur(Uzhavar Sandhai ),Bhindi(Ladies Finger),Bhindi,Local,2026-09-20,3500.0,4000.0,3750.0
Tamil Nadu,Virudhunagar,Sathur(Uzhavar Sandhai ),Beans,Beans (Whole),Local,2026-09-20,8000.0,9000.0,8500.0
Tamil Nadu,Virudhunagar,Sathur(Uzhavar Sandhai ),Green Avare(W),Green Avare (W),Local,2026-09-20,8000.0,9000.0,8500.0
Tamil Nadu,Virudhunagar,Sathur(Uzhavar Sandhai ),Guava,Guava Allahabad,Local,2026-09-20,4500.0,5000.0,4750.0
Tamil Nadu,Virudhunagar,Sathur(Uzhavar Sandhai ),Mint(Pudina),Mint(Pudina),Local,2026-09-20,3500.0,4000.0,3750.0
Tamil Nadu,Virudhunagar,Thalavaipuram(Uzhavar Sandhai ),Brinjal,Round,Local,2026-09-20,2500.0,3000.0,2750.0
Tamil Nadu,Virudhunagar,Thalavaipuram(Uzhavar Sandhai ),Pumpkin,Pumpkin,Local,2026-09-20,1600.0,2000.0,1800.0
Tamil Nadu,Virudhunagar,Thalavaipuram(Uzhavar Sandhai ),Bhindi(Ladies Finger),Bhindi,Local,2026-09-20,3600.0,4500.0,4050.0
Tamil Nadu,Virudhunagar,Thalavaipuram(Uzhavar Sandhai ),Ginger(Green),Green Ginger,Local,2026-09-20,8000.0,10000.0,9000.0
Tamil Nadu,Virudhunagar,Thalavaipuram(Uzhavar Sandhai ),Coconut,Coconut,Local,2026-09-20,5000.0,6000.0,5500.0
Tamil Nadu,Virudhunagar,Thalavaipuram(Uzhavar Sandhai ),Raddish,Raddish,Local,2026-09-20,2800.0,3500.0,3150.0
Tamil Nadu,Virudhunagar,Thalavaipuram(Uzhavar Sandhai ),Lime,Lime,Local,2026-09-20,16000.0,20000.0,18000.0
Tamil Nadu,Virudhunagar,Virudhunagar(Uzhavar Sandhai ),Onion,Bellary,Local,2026-09-20,6300.0,6400.0,6350.0
Tamil Nadu,Virudhunagar,Virudhunagar(Uzhavar Sandhai ),Bitter gourd,Bitter Gourd,Local,2026-09-20,5600.0,5700.0,5650.0
Tamil Nadu,Virudhunagar,Virudhunagar(Uzhavar Sandhai ),Ashgourd,Gouard,Local,2026-09-20,2200.0,2300.0,2250.0
Tamil Nadu,Chengalpattu,Medavakkam(Uzhavar Sandhai ),Banana - Green,Banana - Green,Local,2026-09-20,3500.0,3500.0,3500.0
Tamil Nadu,Chengalpattu,Medavakkam(Uzhavar Sandhai ),Guava,Guava Allahabad,Local,2026-09-20,5000.0,5000.0,5000.0
Tamil Nadu,Chengalpattu,Pallavaram(Uzhavar Sandhai ),Garlic,Garlic,Local,2026-09-20,25000.0,28000.0,26500.0
Tamil Nadu,Chengalpattu,Pallavaram(Uzhavar Sandhai ),Cauliflower,Ranchi,Local,2026-09-20,2500.0,3000.0,2750.0
Tamil Nadu,Chengalpattu,Pallavaram(Uzhavar Sandhai ),Brinjal,Round,Local,2026-09-20,4000.0,5000.0,4500.0
Tamil Nadu,Chengalpattu,Pallavaram(Uzhavar Sandhai ),Cluster beans,Cluster Beans,Local,2026-09-20,5000.0,6000.0,5500.0
Tamil Nadu,Chengalpattu,Pallavaram(Uzhavar Sandhai ),Pumpkin,Pumpkin,Local,2026-09-20,2500.0,3000.0,2750.0
Tamil Nadu,Chengalpattu,Pallavaram(Uzhavar Sandhai ),Green Chilli,Green Chilly,Local,2026-09-20,4000.0,5000.0,4500.0
Tamil Nadu,Chengalpattu,Pallavaram(Uzhavar Sandhai ),Ginger(Green),Green Ginger,Local,2026-09-20,15000.0,17000.0,16000.0
Tamil Nadu,Chengalpattu,Pallavaram(Uzhavar Sandhai ),Snakeguard,Snakeguard,Local,2026-09-20,4000.0,5000.0,4500.0
Tamil Nadu,Chengalpattu,Pallavaram(Uzhavar Sandhai ),Capsicum,Capsicum,Local,2026-09-20,6000.0,7000.0,6500.0
Tamil Nadu,Chengalpattu,Pallavaram(Uzhavar Sandhai ),Mango(Raw-Ripe),Mango - Raw-Ripe,Local,2026-09-20,7000.0,8000.0,7500.0
Tamil Nadu,Chengalpattu,Pallavaram(Uzhavar Sandhai ),Mint(Pudina),Mint(Pudina),Local,2026-09-20,3500.0,4000.0,3750.0
Tamil Nadu,Nagercoil (Kannyiakumari),Myladi(Uzhavar Sandhai ),Banana,Besrai,Local,2026-09-20,6500.0,7000.0,6750.0
Tamil Nadu,Nagercoil (Kannyiakumari),Myladi(Uzhavar Sandhai ),Potato,Red Nanital,Local,2026-09-20,3000.0,3500.0,3250.0
Tamil Nadu,Nagercoil (Kannyiakumari),Myladi(Uzhavar Sandhai ),Garlic,Garlic,Local,2026-09-20,14000.0,15000.0,14500.0
Tamil Nadu,Nagercoil (Kannyiakumari),Myladi(Uzhavar Sandhai ),Cauliflower,Ranchi,Local,2026-09-20,5500.0,6000.0,5750.0
Tamil Nadu,Nagercoil (Kannyiakumari),Myladi(Uzhavar Sandhai ),Bottle gourd,Bottle Gourd,Local,2026-09-20,2200.0,2500.0,2350.0
Tamil Nadu,Nagercoil (Kannyiakumari),Myladi(Uzhavar Sandhai ),Tapioca,Tapioca,Local,2026-09-20,3500.0,4000.0,3750.0
Tamil Nadu,Nagercoil (Kannyiakumari),Myladi(Uzhavar Sandhai ),Coconut,Coconut,Local,2026-09-20,5800.0,6000.0,5900.0
Tamil Nadu,Nagercoil (Kannyiakumari),Myladi(Uzhavar Sandhai ),Cabbage,Cabbage,Local,2026-09-20,3500.0,4000.0,3750.0
Tamil Nadu,Nagercoil (Kannyiakumari),Myladi(Uzhavar Sandhai ),Tamarind Fruit,Tamarind Fruit,Local,2026-09-20,14500.0,15000.0,14750.0
Tamil Nadu,Chengalpattu,Jameenrayapettai(Uzhavar Sandhai ),Mousambi(Sweet Lime),Mousambi,Local,2026-09-20,6000.0,7000.0,6500.0
Tamil Nadu,Chengalpattu,Jameenrayapettai(Uzhavar Sandhai ),Ashgourd,Gouard,Local,2026-09-20,2200.0,2500.0,2350.0
Tamil Nadu,Chengalpattu,Jameenrayapettai(Uzhavar Sandhai ),Beans,Beans (Whole),Local,2026-09-20,9000.0,10000.0,9500.0
Tamil Nadu,Chengalpattu,Jameenrayapettai(Uzhavar Sandhai ),Sweet Potato,Hosur Red,Local,2026-09-20,6000.0,7000.0,6500.0
Tamil Nadu,Chengalpattu,Jameenrayapettai(Uzhavar Sandhai ),Snakeguard,Snakeguard,Local,2026-09-20,4000.0,5000.0,4500.0
Tamil Nadu,Chengalpattu,Jameenrayapettai(Uzhavar Sandhai ),Raddish,Raddish,Local,2026-09-20,3500.0,4000.0,3750.0
Tamil Nadu,Chengalpattu,Jameenrayapettai(Uzhavar Sandhai ),Elephant Yam(Suran)/Amorphophallus,Elephant Yam (Suran),Local,2026-09-20,4000.0,5000.0,4500.0
Tamil Nadu,Chengalpattu,Jameenrayapettai(Uzhavar Sandhai ),Lemon,Lemon,Local,2026-09-20,22000.0,24000.0,23000.0
Tamil Nadu,Chengalpattu,Jameenrayapettai(Uzhavar Sandhai ),Mint(Pudina),Mint(Pudina),Local,2026-09-20,3500.0,4000.0,3750.0
Maharashtra,Chattrapati Sambhajinagar,APMC Chattrapati Sambhajinagar,Lime,Other,Local,2026-09-20,11000.0,17000.0,14000.0
Maharashtra,Chattrapati Sambhajinagar,APMC Chattrapati Sambhajinagar,Orange,Other,Local,2026-09-20,3500.0,6000.0,4750.0
Maharashtra,Chattrapati Sambhajinagar,APMC Chattrapati Sambhajinagar,Bottle gourd,Other,Local,2026-09-20,1000.0,1500.0,1250.0
Maharashtra,Chattrapati Sambhajinagar,APMC Chattrapati Sambhajinagar,Guar,Other,Local,2026-09-20,1200.0,2500.0,1850.0
Maharashtra,Chattrapati Sambhajinagar,APMC Chattrapati Sambhajinagar,Brinjal,Other,Local,2026-09-20,700.0,1200.0,950.0
Maharashtra,Jalgaon,APMC Bhusaval,Lime,Other,Local,2026-09-20,5000.0,10000.0,6500.0
Maharashtra,Jalgaon,APMC Bhusaval,Beetroot,Other,Local,2026-09-20,1000.0,1500.0,1500.0
Maharashtra,Jalgaon,APMC Bhusaval,Methi(Leaves),Other,Local,2026-09-20,800.0,1200.0,1000.0
Maharashtra,Jalgaon,APMC Bhusaval,Tomato,Other,Local,2026-09-20,800.0,1200.0,1000.0
Maharashtra,Jalgaon,APMC Bhusaval,Brinjal,Other,Local,2026-09-20,2000.0,3000.0,2500.0
Tamil Nadu,Villupuram,Tindivanam APMC,Onion,Bellary,Local,2026-09-20,4800.0,4800.0,4800.0
Tamil Nadu,Villupuram,Tindivanam APMC,Ashgourd,Gouard,Local,2026-09-20,1500.0,1500.0,1500.0
Tamil Nadu,Villupuram,Tindivanam APMC,Tapioca,Tapioca,Local,2026-09-20,4500.0,4500.0,4500.0
Tamil Nadu,Villupuram,Tindivanam APMC,Coconut,Coconut,Local,2026-09-20,6000.0,6000.0,6000.0
Tamil Nadu,Villupuram,Tindivanam APMC,Snakeguard,Snakeguard,Local,2026-09-20,3000.0,3000.0,3000.0
Tamil Nadu,Villupuram,Tindivanam APMC,Raddish,Raddish,Local,2026-09-20,3800.0,3800.0,3800.0
Tamil Nadu,Villupuram,Tindivanam APMC,Sweet Corn,Sweet Corn,Local,2026-09-20,4000.0,4000.0,4000.0
Tamil Nadu,Villupuram,Ulundurpettai APMC,Brinjal,Round,Local,2026-09-20,5000.0,5000.0,5000.0
Tamil Nadu,Villupuram,Ulundurpettai APMC,Tomato,Deshi,Local,2026-09-20,2000.0,2000.0,2000.0
Tamil Nadu,Villupuram,Ulundurpettai APMC,Bitter gourd,Bitter Gourd,Local,2026-09-20,6000.0,6000.0,6000.0
Tamil Nadu,Villupuram,Ulundurpettai APMC,Coconut,Coconut,Local,2026-09-20,3000.0,3000.0,3000.0
Tamil Nadu,Villupuram,Ulundurpettai APMC,Ridgeguard(Tori),Ridgeguard(Tori),Local,2026-09-20,6000.0,6000.0,6000.0
Tamil Nadu,Villupuram,Ulundurpettai APMC,Guava,Guava Allahabad,Local,2026-09-20,5000.0,5000.0,5000.0
Tamil Nadu,Villupuram,Ulundurpettai APMC,Elephant Yam(Suran)/Amorphophallus,Elephant Yam (Suran),Local,2026-09-20,6000.0,6000.0,6000.0
Tamil Nadu,Villupuram,Ulundurpettai APMC,Yam(Ratalu),Yam (Ratalu),Local,2026-09-20,3000.0,3000.0,3000.0
Uttar Pradesh,Etah,Aliganj APMC,Tobacco,Other,FAQ,2026-09-20,1300.0,2000.0,1535.05
Uttar Pradesh,Fatehpur,Fatehpur APMC,Lemon,Other,FAQ,2026-09-20,4800.0,4800.0,4800.0
Uttar Pradesh,Fatehpur,Fatehpur APMC,Tomato,Other,FAQ,2026-09-20,2200.0,2200.0,2200.0
Uttar Pradesh,Aligarh,Aligarh APMC,Paddy(Common),Other,FAQ,2026-09-20,3400.0,3400.0,3400.0
Uttar Pradesh,Lakhimpur,Golagokarnath APMC,Gur(Jaggery),Other,FAQ,2026-09-20,4900.0,4900.0,4900.0
Maharashtra,Kolhapur,APMC Kolhapur,Methi(Leaves),Other,Local,2026-09-20,1500.0,3500.0,2500.0
Uttar Pradesh,Jhansi,Jhansi APMC,Barley(Jau),Other,FAQ,2026-09-20,1685.0,1694.0,1690.07
Uttar Pradesh,Kasganj,Kasganj APMC,Wheat,Medium,FAQ,2026-09-20,2560.0,2602.0,2580.5
Uttar Pradesh,Aligarh,Khair APMC,Wheat,Other,FAQ,2026-09-20,2580.0,2580.0,2580.0
Uttar Pradesh,Aligarh,Khair APMC,Paddy(Common),Basmati,FAQ,2026-09-20,3300.0,3600.0,3356.14
Madhya Pradesh,Narsinghpur,Kareli APMC,Lentil(Masur)(Whole),Masur Dal,FAQ,2026-09-20,6805.0,6805.0,6805.0
Gujarat,Amreli,Damnagar APMC,Cabbage,Cabbage,Local,2026-09-20,4000.0,4000.0,4000.0
Gujarat,Amreli,Damnagar APMC,Tomato,Local,Local,2026-09-20,3000.0,3000.0,3000.0
Gujarat,Rajkot,Gondal(Veg.market Gondal) APMC,Mousambi(Sweet Lime),Mousambi,Local,2026-09-20,1500.0,3000.0,2250.0
Gujarat,Rajkot,Gondal(Veg.market Gondal) APMC,Carrot,Carrot,Local,2026-09-20,1000.0,3500.0,2250.0
Gujarat,Rajkot,Gondal(Veg.market Gondal) APMC,Cabbage,Cabbage,Local,2026-09-20,200.0,1000.0,600.0
Gujarat,Rajkot,Gondal(Veg.market Gondal) APMC,Green Chilli,Green Chilly,Local,2026-09-20,500.0,4000.0,2250.0
Gujarat,Rajkot,Gondal(Veg.market Gondal) APMC,Tomato,Tomato,Local,2026-09-20,900.0,2500.0,1700.0
Gujarat,Rajkot,Gondal(Veg.market Gondal) APMC,Bitter gourd,Bitter Gourd,Local,2026-09-20,400.0,2000.0,1200.0
Gujarat,Rajkot,Gondal(Veg.market Gondal) APMC,Cauliflower,Cauliflower,Local,2026-09-20,250.0,2500.0,1375.0
Tamil Nadu,Madurai,Chokkikulam(Uzhavar Sandhai ),Orange,Darjeeling,Local,2026-09-20,14000.0,16000.0,15000.0
Tamil Nadu,Madurai,Chokkikulam(Uzhavar Sandhai ),Papaya,Papaya,Local,2026-09-20,4500.0,5000.0,4750.0
Tamil Nadu,Madurai,Chokkikulam(Uzhavar Sandhai ),Green Chilli,Green Chilly,Local,2026-09-20,4000.0,5000.0,4500.0
Tamil Nadu,Madurai,Chokkikulam(Uzhavar Sandhai ),Betal Leaves,Mysore,Local,2026-09-20,24000.0,28000.0,26000.0
Tamil Nadu,Madurai,Chokkikulam(Uzhavar Sandhai ),Lime,Lime,Local,2026-09-20,3600.0,4000.0,3800.0
Tamil Nadu,Madurai,Chokkikulam(Uzhavar Sandhai ),Yam(Ratalu),Yam (Ratalu),Local,2026-09-20,6500.0,7000.0,6750.0
Uttar Pradesh,Sambhal,Sambhal APMC,Paddy(Common),Common,FAQ,2026-09-20,3200.0,3200.0,3200.0
Uttar Pradesh,Hardoi,Sandi APMC,Wheat,Dara,FAQ,2026-09-20,2580.0,2580.0,2580.0
Chattisgarh,Raipur,Neora APMC,Paddy(Common),Mahamaya,Non-FAQ,2026-09-20,1970.0,1970.0,1970.0
Uttar Pradesh,Saharanpur,Saharanpur APMC,Onion,Other,FAQ,2026-09-20,3500.0,4600.0,3658.24
Andhra Pradesh,Prakasam,Ongole APMC,Paddy(Common),B P T,Local,2026-09-20,2500.0,2500.0,2500.0
Uttar Pradesh,Etawah,Etawah APMC,Green Gram(Moong)(Whole),Other,FAQ,2026-09-20,8768.0,8768.0,8768.0
Uttar Pradesh,Etawah,Etawah APMC,Potato,Other,FAQ,2026-09-20,500.0,500.0,500.0
Uttar Pradesh,Shahjahanpur,Shahjahanpur APMC,Wood,Eucalyptus,FAQ,2026-09-20,700.0,700.0,700.0
Uttar Pradesh,Shahjahanpur,Shahjahanpur APMC,Paddy(Common),Other,FAQ,2026-09-20,1900.0,3000.0,1910.18
Uttar Pradesh,Sitapur,Sitapur APMC,Wood,Other,FAQ,2026-09-20,905.0,905.0,905.0
West Bengal,Bankura,Bankura Sadar APMC,Sweet Pumpkin,Sweet Pumpkin,FAQ,2026-09-20,1700.0,1950.0,1850.0
Uttarakhand,Haridwar,Roorkee APMC,Brinjal,Other,Local,2026-09-20,800.0,1000.0,900.0
Uttarakhand,Haridwar,Roorkee APMC,Onion,Other,Medium,2026-09-20,3000.0,4500.0,4000.0
Maharashtra,Pune,Pune(Moshi),Apple,Other,Local,2026-09-20,15000.0,15000.0,15000.0
Maharashtra,Pune,Pune(Moshi),Amla(Nelli Kai),Other,Local,2026-09-20,8000.0,8000.0,8000.0
Maharashtra,Pune,Pune(Moshi),Carrot,Other,Local,2026-09-20,2000.0,2500.0,2250.0
Maharashtra,Pune,Pune(Moshi),Guar,Other,Local,2026-09-20,3000.0,5000.0,4000.0
Maharashtra,Pune,Pune(Moshi),Onion,Local,Local,2026-09-20,2000.0,4500.0,3250.0
Maharashtra,Pune,Pune(Moshi),Peas Wet,Other,Local,2026-09-20,5000.0,7000.0,6000.0
Maharashtra,Pune,Pune(Moshi),Lime,Other,Local,2026-09-20,18000.0,20000.0,19000.0
Maharashtra,Pune,Pune(Moshi),Pear(Marasebu),Other,Local,2026-09-20,8000.0,8000.0,8000.0
Maharashtra,Nagpur,APMC Kalmeshwar,Cauliflower,Other,Local,2026-09-20,1050.0,1500.0,1325.0
Maharashtra,Nagpur,APMC Kalmeshwar,Brinjal,Other,Local,2026-09-20,840.0,1200.0,1050.0
Tamil Nadu,Erode,Thalavadi(Uzhavar Sandhai ),Cauliflower,Ranchi,Local,2026-09-20,3000.0,3500.0,3250.0
Tamil Nadu,Erode,Thalavadi(Uzhavar Sandhai ),Amaranthus,Amaranthus,Local,2026-09-20,3500.0,4000.0,3750.0
Tamil Nadu,Cuddalore,Viruthachalam(Uzhavar Sandhai ),Bottle gourd,Bottle Gourd,Local,2026-09-20,3000.0,3000.0,3000.0
Tamil Nadu,Cuddalore,Viruthachalam(Uzhavar Sandhai ),Ginger(Green),Green Ginger,Local,2026-09-20,7000.0,18000.0,12500.0
Tamil Nadu,Cuddalore,Viruthachalam(Uzhavar Sandhai ),Green Avare(W),Green Avare (W),Local,2026-09-20,7000.0,14000.0,10500.0
Tamil Nadu,Cuddalore,Viruthachalam(Uzhavar Sandhai ),Drumstick,Drumstick,Local,2026-09-20,2000.0,2000.0,2000.0
Tamil Nadu,Cuddalore,Viruthachalam(Uzhavar Sandhai ),Mango(Raw-Ripe),Mango - Raw-Ripe,Local,2026-09-20,12000.0,18000.0,15000.0
Tamil Nadu,Cuddalore,Viruthachalam(Uzhavar Sandhai ),Onion Green,Onion Green,Local,2026-09-20,9000.0,9000.0,9000.0
Maharashtra,Satara,APMC Satara,Potato,Other,Local,2026-09-20,1000.0,1400.0,1200.0
Maharashtra,Satara,APMC Satara,Cabbage,Other,Local,2026-09-20,800.0,1000.0,900.0
Maharashtra,Satara,APMC Satara,Tomato,Other,Local,2026-09-20,1000.0,1500.0,1250.0
Maharashtra,Satara,APMC Satara,Green Chilli,Other,Local,2026-09-20,2000.0,3000.0,2500.0
Tamil Nadu,Krishnagiri,Krishnagiri(Uzhavar Sandhai ),Papaya,Papaya,Local,2026-09-20,3200.0,3600.0,3400.0
Tamil Nadu,Krishnagiri,Krishnagiri(Uzhavar Sandhai ),Pumpkin,Pumpkin,Local,2026-09-20,1500.0,2000.0,1750.0
Tamil Nadu,Krishnagiri,Krishnagiri(Uzhavar Sandhai ),Bhindi(Ladies Finger),Bhindi,Local,2026-09-20,2000.0,2400.0,2200.0
Tamil Nadu,Krishnagiri,Krishnagiri(Uzhavar Sandhai ),Cabbage,Cabbage,Local,2026-09-20,2500.0,3000.0,2750.0
Tamil Nadu,Krishnagiri,Krishnagiri(Uzhavar Sandhai ),Cucumbar(Kheera),Cucumbar,Local,2026-09-20,1600.0,2000.0,1800.0
Tamil Nadu,Krishnagiri,Krishnagiri(Uzhavar Sandhai ),Raddish,Raddish,Local,2026-09-20,1600.0,2000.0,1800.0
Tamil Nadu,Krishnagiri,Krishnagiri(Uzhavar Sandhai ),Thondekai,Thondekai,Local,2026-09-20,3500.0,4000.0,3750.0
Tamil Nadu,Krishnagiri,Krishnagiri(Uzhavar Sandhai ),Guava,Guava Allahabad,Local,2026-09-20,7000.0,8000.0,7500.0
Tamil Nadu,Krishnagiri,Krishnagiri(Uzhavar Sandhai ),Rose(Local),Rose (Local),Local,2026-09-20,14000.0,16000.0,15000.0
Tamil Nadu,Nagapattinam,Nagapattinam(Uzhavar Sandhai ),Groundnut,Big (With Shell),Local,2026-09-20,5000.0,6000.0,5500.0
Tamil Nadu,Nagapattinam,Nagapattinam(Uzhavar Sandhai ),Cluster beans,Cluster Beans,Local,2026-09-20,3900.0,3900.0,3900.0
Tamil Nadu,Nagapattinam,Nagapattinam(Uzhavar Sandhai ),Pumpkin,Pumpkin,Local,2026-09-20,3000.0,3000.0,3000.0
Tamil Nadu,Nagapattinam,Nagapattinam(Uzhavar Sandhai ),Ginger(Green),Green Ginger,Local,2026-09-20,17000.0,18000.0,17500.0
Tamil Nadu,Nagapattinam,Nagapattinam(Uzhavar Sandhai ),Cabbage,Cabbage,Local,2026-09-20,3500.0,4000.0,3750.0
Tamil Nadu,Nagapattinam,Nagapattinam(Uzhavar Sandhai ),Raddish,Raddish,Local,2026-09-20,3400.0,3400.0,3400.0
Tamil Nadu,Nagapattinam,Nagapattinam(Uzhavar Sandhai ),Lime,Lime,Local,2026-09-20,3200.0,3200.0,3200.0
Tamil Nadu,Nagapattinam,Nagapattinam(Uzhavar Sandhai ),Tamarind Fruit,Tamarind Fruit,Local,2026-09-20,14600.0,16000.0,15300.0
Andhra Pradesh,Annamayya,Guramkonda Sub-yard of AMC Valmikipuram,Tomato,Hybrid,FAQ,2026-09-20,1400.0,1920.0,1600.0
Uttar Pradesh,Sitapur,Sidhauli APMC,Gur(Jaggery),Other,FAQ,2026-09-20,4000.0,4000.0,4000.0
Tamil Nadu,Tenkasi,Sankarankoil(Uzhavar Sandhai ),Pumpkin,Pumpkin,Local,2026-09-20,1500.0,1500.0,1500.0
Tamil Nadu,Tenkasi,Sankarankoil(Uzhavar Sandhai ),Amaranthus,Amaranthus,Local,2026-09-20,2000.0,2000.0,2000.0
Tamil Nadu,Tenkasi,Sankarankoil(Uzhavar Sandhai ),Green Chilli,Green Chilly,Local,2026-09-20,6000.0,7000.0,6500.0
Tamil Nadu,Tenkasi,Sankarankoil(Uzhavar Sandhai ),Cowpea(Veg),Cowpea (Veg),Local,2026-09-20,3500.0,3500.0,3500.0
Tamil Nadu,Tenkasi,Sankarankoil(Uzhavar Sandhai ),Banana - Green,Banana - Green,Local,2026-09-20,3500.0,4000.0,3750.0
Tamil Nadu,Tenkasi,Sankarankoil(Uzhavar Sandhai ),Lime,Lime,Local,2026-09-20,5000.0,5000.0,5000.0
Tamil Nadu,Tenkasi,Sankarankoil(Uzhavar Sandhai ),Tender Coconut,Tender Coconut,Local,2026-09-20,2500.0,3000.0,2750.0
Tamil Nadu,Tenkasi,Tenkasi(Uzhavar Sandhai ),Papaya,Papaya,Local,2026-09-20,3000.0,3000.0,3000.0
Tamil Nadu,Tenkasi,Tenkasi(Uzhavar Sandhai ),Green Chilli,Green Chilly,Local,2026-09-20,4000.0,5000.0,4500.0
Tamil Nadu,Tenkasi,Tenkasi(Uzhavar Sandhai ),Cowpea(Veg),Cowpea (Veg),Local,2026-09-20,4000.0,4000.0,4000.0
Tamil Nadu,Tenkasi,Tenkasi(Uzhavar Sandhai ),Tapioca,Tapioca,Local,2026-09-20,4000.0,4000.0,4000.0
Tamil Nadu,Tenkasi,Tenkasi(Uzhavar Sandhai ),Ginger(Green),Green Ginger,Local,2026-09-20,16000.0,16000.0,16000.0
Tamil Nadu,Tenkasi,Tenkasi(Uzhavar Sandhai ),Drumstick,Drumstick,Local,2026-09-20,4000.0,4000.0,4000.0
Tamil Nadu,Tenkasi,Tenkasi(Uzhavar Sandhai ),Tender Coconut,Tender Coconut,Local,2026-09-20,4000.0,4000.0,4000.0
Tamil Nadu,Tenkasi,Tenkasi(Uzhavar Sandhai ),Elephant Yam(Suran)/Amorphophallus,Elephant Yam (Suran),Local,2026-09-20,4000.0,4000.0,4000.0
Tamil Nadu,Pudukkottai,Pudukottai(Uzhavar Sandhai ),Potato,Other,Local,2026-09-20,5000.0,6000.0,5500.0
Tamil Nadu,Pudukkottai,Pudukottai(Uzhavar Sandhai ),Papaya,Papaya,Local,2026-09-20,4000.0,5000.0,4500.0
Tamil Nadu,Pudukkottai,Pudukottai(Uzhavar Sandhai ),Cluster beans,Cluster Beans,Local,2026-09-20,4000.0,5000.0,4500.0
Tamil Nadu,Pudukkottai,Pudukottai(Uzhavar Sandhai ),Amaranthus,Amaranthus,Local,2026-09-20,1500.0,2000.0,1750.0
Tamil Nadu,Pudukkottai,Pudukottai(Uzhavar Sandhai ),Banana - Green,Banana - Green,Local,2026-09-20,2500.0,3000.0,2750.0
Tamil Nadu,Pudukkottai,Pudukottai(Uzhavar Sandhai ),Beetroot,Beetroot,Local,2026-09-20,5000.0,5500.0,5250.0
Tamil Nadu,Pudukkottai,Pudukottai(Uzhavar Sandhai ),Capsicum,Capsicum,Local,2026-09-20,5000.0,6000.0,5500.0
Tamil Nadu,Pudukkottai,Pudukottai(Uzhavar Sandhai ),Mango(Raw-Ripe),Mango - Raw-Ripe,Local,2026-09-20,9000.0,10000.0,9500.0
Tamil Nadu,Pudukkottai,Pudukottai(Uzhavar Sandhai ),Lime,Lime,Local,2026-09-20,1500.0,2000.0,1750.0
Tamil Nadu,Pudukkottai,Pudukottai(Uzhavar Sandhai ),Tamarind Fruit,Tamarind Fruit,Local,2026-09-20,6000.0,7000.0,6500.0
Tamil Nadu,Pudukkottai,Pudukottai(Uzhavar Sandhai ),Onion Green,Onion Green,Local,2026-09-20,10000.0,11000.0,10500.0
Tamil Nadu,Thanjavur,Kumbakonam (Uzhavar Sandhai ),Brinjal,Round,Local,2026-09-20,4800.0,6000.0,5400.0
Tamil Nadu,Thanjavur,Kumbakonam (Uzhavar Sandhai ),Papaya,Papaya,Local,2026-09-20,4000.0,4000.0,4000.0
Tamil Nadu,Thanjavur,Kumbakonam (Uzhavar Sandhai ),Tomato,Deshi,Local,2026-09-20,2800.0,3200.0,3000.0
Tamil Nadu,Thanjavur,Kumbakonam (Uzhavar Sandhai ),Bhindi(Ladies Finger),Bhindi,Local,2026-09-20,4800.0,4800.0,4800.0
Tamil Nadu,Thanjavur,Kumbakonam (Uzhavar Sandhai ),Carrot,Pusakesar,Local,2026-09-20,4800.0,7200.0,6000.0
Tamil Nadu,Thanjavur,Kumbakonam (Uzhavar Sandhai ),Ridgeguard(Tori),Ridgeguard(Tori),Local,2026-09-20,6000.0,6000.0,6000.0
Tamil Nadu,Thanjavur,Kumbakonam (Uzhavar Sandhai ),Capsicum,Capsicum,Local,2026-09-20,7200.0,7200.0,7200.0
Tamil Nadu,Thanjavur,Kumbakonam (Uzhavar Sandhai ),Chow Chow,Chow Chow,Local,2026-09-20,4800.0,4800.0,4800.0
Tamil Nadu,Thanjavur,Kumbakonam (Uzhavar Sandhai ),Lime,Lime,Local,2026-09-20,4000.0,4000.0,4000.0
Tamil Nadu,Thanjavur,Kumbakonam (Uzhavar Sandhai ),Lemon,Lemon,Local,2026-09-20,18000.0,18000.0,18000.0
Tamil Nadu,Thanjavur,Kumbakonam (Uzhavar Sandhai ),Onion Green,Onion Green,Local,2026-09-20,10800.0,12000.0,11400.0
Tamil Nadu,The Nilgiris,Udhagamandalam(Uzhavar Sandhai ),Garlic,Garlic,Local,2026-09-20,20000.0,21000.0,20500.0
Tamil Nadu,The Nilgiris,Udhagamandalam(Uzhavar Sandhai ),Papaya,Papaya,Local,2026-09-20,4000.0,4500.0,4250.0
Tamil Nadu,The Nilgiris,Udhagamandalam(Uzhavar Sandhai ),Ashgourd,Gouard,Local,2026-09-20,1500.0,2000.0,1750.0
Tamil Nadu,The Nilgiris,Udhagamandalam(Uzhavar Sandhai ),Green Chilli,Green Chilly,Local,2026-09-20,5000.0,5500.0,5250.0
Tamil Nadu,The Nilgiris,Udhagamandalam(Uzhavar Sandhai ),Coconut,Coconut,Local,2026-09-20,6000.0,6500.0,6250.0
Tamil Nadu,The Nilgiris,Udhagamandalam(Uzhavar Sandhai ),Beetroot,Beetroot,Local,2026-09-20,4000.0,4500.0,4250.0
Tamil Nadu,The Nilgiris,Udhagamandalam(Uzhavar Sandhai ),Capsicum,Capsicum,Local,2026-09-20,5000.0,6000.0,5500.0
Tamil Nadu,The Nilgiris,Udhagamandalam(Uzhavar Sandhai ),Drumstick,Drumstick,Local,2026-09-20,3000.0,3400.0,3200.0
Tamil Nadu,The Nilgiris,Udhagamandalam(Uzhavar Sandhai ),Knool Khol,Knool Khol,Local,2026-09-20,4000.0,4500.0,4250.0
Tamil Nadu,Theni,Andipatti(Uzhavar Sandhai ),Soyabean,Local,Local,2026-09-20,8500.0,9000.0,8750.0
Tamil Nadu,Theni,Andipatti(Uzhavar Sandhai ),Banana,Karpura,Local,2026-09-20,5500.0,6000.0,5750.0
Tamil Nadu,Theni,Andipatti(Uzhavar Sandhai ),Brinjal,Other,Local,2026-09-20,3400.0,3600.0,3500.0
Tamil Nadu,Theni,Andipatti(Uzhavar Sandhai ),Tomato,Other,Local,2026-09-20,2300.0,2500.0,2400.0
Tamil Nadu,Theni,Andipatti(Uzhavar Sandhai ),Bottle gourd,Bottle Gourd,Local,2026-09-20,1200.0,1400.0,1300.0
Tamil Nadu,Theni,Andipatti(Uzhavar Sandhai ),Bhindi(Ladies Finger),Bhindi,Local,2026-09-20,3600.0,3800.0,3700.0
Tamil Nadu,Theni,Andipatti(Uzhavar Sandhai ),Amaranthus,Amaranthus,Local,2026-09-20,2000.0,2500.0,2250.0
Tamil Nadu,Theni,Bodinayakanur(Uzhavar Sandhai ),Onion,Bellary,Local,2026-09-20,6500.0,6500.0,6500.0
Tamil Nadu,Theni,Bodinayakanur(Uzhavar Sandhai ),Cauliflower,Ranchi,Local,2026-09-20,3500.0,3500.0,3500.0
Tamil Nadu,Theni,Bodinayakanur(Uzhavar Sandhai ),Papaya,Papaya,Local,2026-09-20,3000.0,3000.0,3000.0
Tamil Nadu,Theni,Bodinayakanur(Uzhavar Sandhai ),Cluster beans,Cluster Beans,Local,2026-09-20,3000.0,3000.0,3000.0
Tamil Nadu,Theni,Bodinayakanur(Uzhavar Sandhai ),Drumstick,Drumstick,Local,2026-09-20,4000.0,4000.0,4000.0
Tamil Nadu,Theni,Bodinayakanur(Uzhavar Sandhai ),Lemon,Lemon,Local,2026-09-20,22000.0,22000.0,22000.0
Tamil Nadu,Theni,Bodinayakanur(Uzhavar Sandhai ),Onion Green,Onion Green,Local,2026-09-20,8000.0,8000.0,8000.0
West Bengal,Bankura,Bishnupur(Bankura) APMC,Onion,Nasik,FAQ,2026-09-20,4700.0,5300.0,5000.0
West Bengal,Bankura,Bishnupur(Bankura) APMC,Rice,Fine,FAQ,2026-09-20,4600.0,4800.0,4700.0
West Bengal,Bankura,Bishnupur(Bankura) APMC,Wheat,Sonalika,FAQ,2026-09-20,2600.0,2750.0,2700.0
Bihar,Bhagalpur,Bihpur APMC,Bitter gourd,Bitter Gourd,Local,2026-09-20,2500.0,2500.0,2500.0
Tamil Nadu,Thiruvarur,Needamangalam(Uzhavar Sandhai ),Brinjal,Round,Local,2026-09-20,3600.0,3600.0,3600.0
Tamil Nadu,Thiruvarur,Needamangalam(Uzhavar Sandhai ),Bottle gourd,Bottle Gourd,Local,2026-09-20,3000.0,3000.0,3000.0
Tamil Nadu,Thiruvarur,Needamangalam(Uzhavar Sandhai ),Coconut,Coconut,Local,2026-09-20,4000.0,4000.0,4000.0
Tamil Nadu,Thiruvarur,Needamangalam(Uzhavar Sandhai ),Snakeguard,Snakeguard,Local,2026-09-20,3000.0,3000.0,3000.0
Tamil Nadu,Thiruvarur,Needamangalam(Uzhavar Sandhai ),Raddish,Raddish,Local,2026-09-20,3200.0,3200.0,3200.0
Tamil Nadu,Thiruvarur,Needamangalam(Uzhavar Sandhai ),Green Avare(W),Green Avare (W),Local,2026-09-20,6800.0,6800.0,6800.0
Tamil Nadu,Thiruvarur,Needamangalam(Uzhavar Sandhai ),Drumstick,Drumstick,Local,2026-09-20,4200.0,4200.0,4200.0
Tamil Nadu,Thiruvarur,Tiruvarur(Uzhavar Sandhai ),Brinjal,Round,Local,2026-09-20,4000.0,4000.0,4000.0
Tamil Nadu,Thiruvarur,Tiruvarur(Uzhavar Sandhai ),Cluster beans,Cluster Beans,Local,2026-09-20,4000.0,4000.0,4000.0
Tamil Nadu,Thiruvarur,Tiruvarur(Uzhavar Sandhai ),Bitter gourd,Bitter Gourd,Local,2026-09-20,6000.0,6000.0,6000.0
Tamil Nadu,Thiruvarur,Tiruvarur(Uzhavar Sandhai ),Bhindi(Ladies Finger),Bhindi,Local,2026-09-20,3800.0,3800.0,3800.0
Tamil Nadu,Thiruvarur,Tiruvarur(Uzhavar Sandhai ),Green Chilli,Green Chilly,Local,2026-09-20,5000.0,5000.0,5000.0
Tamil Nadu,Thiruvarur,Tiruvarur(Uzhavar Sandhai ),Banana - Green,Banana - Green,Local,2026-09-20,4000.0,4000.0,4000.0
Tamil Nadu,Thiruvarur,Tiruvarur(Uzhavar Sandhai ),Lime,Lime,Local,2026-09-20,4000.0,4000.0,4000.0
Tamil Nadu,Thiruvarur,Tiruvarur(Uzhavar Sandhai ),Lemon,Lemon,Local,2026-09-20,22000.0,22000.0,22000.0
Tamil Nadu,Thiruvarur,Tiruvarur(Uzhavar Sandhai ),Mint(Pudina),Mint(Pudina),Local,2026-09-20,6000.0,6000.0,6000.0
Bihar,Sheikhpura,Barbigha APMC,Wheat,147 Average,FAQ,2026-09-20,2585.0,2720.0,2640.0
NCT of Delhi,Delhi,"Fish,Poultry & Egg Market, Gazipur APMC",Fish,Katla (Small),Local,2026-09-20,6000.0,12000.0,9000.0
NCT of Delhi,Delhi,"Fish,Poultry & Egg Market, Gazipur APMC",Fish,Singhra(Small),Local,2026-09-20,15000.0,25000.0,20000.0
NCT of Delhi,Delhi,"Fish,Poultry & Egg Market, Gazipur APMC",Fish,Hilsa,Local,2026-09-20,55000.0,65000.0,60000.0
NCT of Delhi,Delhi,"Fish,Poultry & Egg Market, Gazipur APMC",Fish,Zinga(Zambo-B),Local,2026-09-20,20000.0,30000.0,25000.0
NCT of Delhi,Delhi,"Fish,Poultry & Egg Market, Gazipur APMC",Fish,Surmai(Big),Local,2026-09-20,50000.0,60000.0,55000.0
Tamil Nadu,Virudhunagar,Aruppukottai(Uzhavar Sandhai ),Banana,Besrai,Local,2026-09-20,3500.0,4000.0,3750.0
Tamil Nadu,Virudhunagar,Aruppukottai(Uzhavar Sandhai ),Banana - Green,Banana - Green,Local,2026-09-20,3000.0,3500.0,3250.0
Tamil Nadu,Virudhunagar,Aruppukottai(Uzhavar Sandhai ),Coconut,Coconut,Local,2026-09-20,5500.0,6000.0,5750.0
Tamil Nadu,Virudhunagar,Aruppukottai(Uzhavar Sandhai ),Beetroot,Beetroot,Local,2026-09-20,4500.0,5000.0,4750.0
Tamil Nadu,Virudhunagar,Aruppukottai(Uzhavar Sandhai ),Drumstick,Drumstick,Local,2026-09-20,4500.0,5000.0,4750.0
Tamil Nadu,Virudhunagar,Aruppukottai(Uzhavar Sandhai ),Pomegranate,Pomogranate,Local,2026-09-20,14000.0,15000.0,14500.0
Tamil Nadu,Virudhunagar,Aruppukottai(Uzhavar Sandhai ),Yam(Ratalu),Yam (Ratalu),Local,2026-09-20,6500.0,7000.0,6750.0
Tamil Nadu,Virudhunagar,Aruppukottai(Uzhavar Sandhai ),Onion Green,Onion Green,Local,2026-09-20,8500.0,9000.0,8750.0
Tamil Nadu,Villupuram,Gingee(Uzhavar Sandhai ),Potato,Red Nanital,Local,2026-09-20,4000.0,4000.0,4000.0
Tamil Nadu,Villupuram,Gingee(Uzhavar Sandhai ),Papaya,Papaya,Local,2026-09-20,5000.0,5000.0,5000.0
Tamil Nadu,Villupuram,Gingee(Uzhavar Sandhai ),Bitter gourd,Bitter Gourd,Local,2026-09-20,5000.0,6000.0,5500.0
Tamil Nadu,Villupuram,Gingee(Uzhavar Sandhai ),Beans,Beans (Whole),Local,2026-09-20,10000.0,10000.0,10000.0
Tamil Nadu,Villupuram,Gingee(Uzhavar Sandhai ),Carrot,Pusakesar,Local,2026-09-20,6000.0,6000.0,6000.0
Tamil Nadu,Villupuram,Gingee(Uzhavar Sandhai ),Mango(Raw-Ripe),Mango - Raw-Ripe,Local,2026-09-20,9000.0,9000.0,9000.0
Tamil Nadu,Villupuram,Gingee(Uzhavar Sandhai ),Amla(Nelli Kai),Amla,Local,2026-09-20,9000.0,10000.0,9500.0
Uttar Pradesh,Bareilly,Bareilly APMC,Capsicum,Other,FAQ,2026-09-20,2000.0,2000.0,2000.0
Uttar Pradesh,Unnao,Bangarmau APMC,Potato,Other,FAQ,2026-09-20,700.0,700.0,700.0
Uttar Pradesh,Unnao,Bangarmau APMC,Wood,Other,FAQ,2026-09-20,975.0,975.0,975.0
Tamil Nadu,Thiruvarur,Valangaiman APMC,Green Chilli,Green Chilly,Local,2026-09-20,6000.0,6000.0,6000.0
Tamil Nadu,Virudhunagar,Kariyapatti(Uzhavar Sandhai ),Chikoos(Sapota),Sapota,Local,2026-09-20,3500.0,4000.0,3750.0
Tamil Nadu,Virudhunagar,Kariyapatti(Uzhavar Sandhai ),Papaya,Papaya,Local,2026-09-20,3000.0,3500.0,3250.0
Tamil Nadu,Virudhunagar,Kariyapatti(Uzhavar Sandhai ),Cluster beans,Cluster Beans,Local,2026-09-20,3000.0,3500.0,3250.0
Tamil Nadu,Virudhunagar,Kariyapatti(Uzhavar Sandhai ),Drumstick,Drumstick,Local,2026-09-20,3500.0,4000.0,3750.0
Uttar Pradesh,Bulandshahar,Buland Shahr APMC,Tomato,Other,FAQ,2026-09-20,2000.0,2000.0,2000.0
Uttar Pradesh,Bulandshahar,Buland Shahr APMC,Paddy(Common),Basmati,FAQ,2026-09-20,3501.0,3601.0,3533.51
Uttar Pradesh,Kannuj,Chhibramau APMC,Potato,Other,FAQ,2026-09-20,500.0,500.0,500.0
Uttar Pradesh,Bulandshahar,Divai APMC,Paddy(Common),Other,FAQ,2026-09-20,3200.0,3200.0,3200.0
Tamil Nadu,Thiruvellore,Tiruvallur(Uzhavar Sandhai ),Cluster beans,Cluster Beans,Local,2026-09-20,4000.0,4000.0,4000.0
Tamil Nadu,Thiruvellore,Tiruvallur(Uzhavar Sandhai ),Coconut,Coconut,Local,2026-09-20,6000.0,6000.0,6000.0
Tamil Nadu,Thiruvellore,Tiruvallur(Uzhavar Sandhai ),Thondekai,Thondekai,Local,2026-09-20,5000.0,5000.0,5000.0
Madhya Pradesh,Dhar,Manawar(F&V) APMC,Cabbage,Cabbage,Grade B,2026-09-20,1000.0,1200.0,1100.0
Madhya Pradesh,Dhar,Manawar(F&V) APMC,Sponge gourd,Sponge gourd,Grade B,2026-09-20,2400.0,2800.0,2500.0
Madhya Pradesh,Dhar,Manawar(F&V) APMC,Pumpkin,Pumpkin,Grade B,2026-09-20,900.0,1200.0,1000.0
Madhya Pradesh,Dhar,Manawar(F&V) APMC,Coriander(Leaves),Coriander,Grade B,2026-09-20,900.0,1200.0,1000.0
Tamil Nadu,Vellore,Katpadi (Uzhavar Sandhai ),Brinjal,Round,Local,2026-09-20,5000.0,6000.0,5500.0
Tamil Nadu,Vellore,Katpadi (Uzhavar Sandhai ),Coriander(Leaves),I Sort,Local,2026-09-20,4000.0,4000.0,4000.0
Tamil Nadu,Vellore,Katpadi (Uzhavar Sandhai ),Bottle gourd,Bottle Gourd,Local,2026-09-20,2000.0,2500.0,2250.0
Tamil Nadu,Vellore,Katpadi (Uzhavar Sandhai ),Bhindi(Ladies Finger),Bhindi,Local,2026-09-20,4000.0,4000.0,4000.0
Tamil Nadu,Vellore,Katpadi (Uzhavar Sandhai ),Green Chilli,Green Chilly,Local,2026-09-20,5000.0,5000.0,5000.0
Tamil Nadu,Vellore,Katpadi (Uzhavar Sandhai ),Ginger(Green),Green Ginger,Local,2026-09-20,18000.0,18000.0,18000.0
Tamil Nadu,Vellore,Katpadi (Uzhavar Sandhai ),Coconut,Coconut,Local,2026-09-20,3000.0,3500.0,3250.0
Tamil Nadu,Vellore,Katpadi (Uzhavar Sandhai ),Cabbage,Cabbage,Local,2026-09-20,2500.0,2500.0,2500.0
Tamil Nadu,Vellore,Katpadi (Uzhavar Sandhai ),Snakeguard,Snakeguard,Local,2026-09-20,3000.0,3000.0,3000.0
Tamil Nadu,Madurai,Thirumangalam(Uzhavar Sandhai ),Bitter gourd,Bitter Gourd,Local,2026-09-20,5000.0,5500.0,5250.0
Tamil Nadu,Madurai,Thirumangalam(Uzhavar Sandhai ),Bottle gourd,Bottle Gourd,Local,2026-09-20,1500.0,2000.0,1750.0
Tamil Nadu,Madurai,Thirumangalam(Uzhavar Sandhai ),Ashgourd,Gouard,Local,2026-09-20,1500.0,1800.0,1650.0
Tamil Nadu,Madurai,Thirumangalam(Uzhavar Sandhai ),Bhindi(Ladies Finger),Bhindi,Local,2026-09-20,3000.0,3200.0,3100.0
Tamil Nadu,Madurai,Thirumangalam(Uzhavar Sandhai ),Green Chilli,Green Chilly,Local,2026-09-20,4000.0,5000.0,4500.0
Tamil Nadu,Madurai,Thirumangalam(Uzhavar Sandhai ),Coconut,Coconut,Local,2026-09-20,6000.0,7000.0,6500.0
Tamil Nadu,Madurai,Thirumangalam(Uzhavar Sandhai ),Elephant Yam(Suran)/Amorphophallus,Elephant Yam (Suran),Local,2026-09-20,4000.0,4500.0,4250.0
Tamil Nadu,Madurai,Thirumangalam(Uzhavar Sandhai ),Yam(Ratalu),Yam (Ratalu),Local,2026-09-20,6000.0,7000.0,6500.0
Tamil Nadu,Madurai,Thirumangalam(Uzhavar Sandhai ),Lemon,Lemon,Local,2026-09-20,26000.0,28000.0,27000.0
Tamil Nadu,Madurai,Melur(Uzhavar Sandhai ),Cluster beans,Cluster Beans,Local,2026-09-20,3600.0,4000.0,3800.0
Tamil Nadu,Madurai,Melur(Uzhavar Sandhai ),Sweet Potato,Hosur Red,Local,2026-09-20,5500.0,6000.0,5750.0
Tamil Nadu,Madurai,Melur(Uzhavar Sandhai ),Thondekai,Thondekai,Local,2026-09-20,3600.0,4000.0,3800.0
Tamil Nadu,Madurai,Melur(Uzhavar Sandhai ),Drumstick,Drumstick,Local,2026-09-20,5000.0,6000.0,5500.0
Tamil Nadu,Madurai,Melur(Uzhavar Sandhai ),Mango(Raw-Ripe),Mango - Raw-Ripe,Local,2026-09-20,12000.0,13000.0,12500.0
Tamil Nadu,Madurai,Melur(Uzhavar Sandhai ),Lime,Lime,Local,2026-09-20,3600.0,4000.0,3800.0
Tamil Nadu,Madurai,Melur(Uzhavar Sandhai ),Amla(Nelli Kai),Amla,Local,2026-09-20,8000.0,9000.0,8500.0
Tamil Nadu,Karur,Gandhigramam(Uzhavar Sandhai),Onion,Bellary,Local,2026-09-20,6000.0,6500.0,6250.0
Tamil Nadu,Karur,Gandhigramam(Uzhavar Sandhai),Cauliflower,Ranchi,Local,2026-09-20,4000.0,4500.0,4250.0
Tamil Nadu,Karur,Gandhigramam(Uzhavar Sandhai),Bitter gourd,Other,Local,2026-09-20,5000.0,5500.0,5250.0
Tamil Nadu,Karur,Gandhigramam(Uzhavar Sandhai),Ashgourd,Gouard,Local,2026-09-20,2200.0,2500.0,2350.0
Tamil Nadu,Karur,Gandhigramam(Uzhavar Sandhai),Tapioca,Tapioca,Local,2026-09-20,3000.0,3500.0,3250.0
Tamil Nadu,Karur,Gandhigramam(Uzhavar Sandhai),Raddish,Raddish,Local,2026-09-20,2500.0,3000.0,2750.0
Tamil Nadu,Karur,Gandhigramam(Uzhavar Sandhai),Capsicum,Capsicum,Local,2026-09-20,6500.0,7000.0,6750.0
Tamil Nadu,Karur,Gandhigramam(Uzhavar Sandhai),Elephant Yam(Suran)/Amorphophallus,Elephant Yam (Suran),Local,2026-09-20,4000.0,5000.0,4500.0
Karnataka,Bengaluru South,Ramanagara APMC,Cauliflower,Cauliflower,Local,2026-09-20,2000.0,2800.0,2500.0
Karnataka,Bengaluru South,Ramanagara APMC,Brinjal,Brinjal,Local,2026-09-20,1200.0,2400.0,2000.0
Karnataka,Bengaluru South,Ramanagara APMC,Knool Khol,Knool Khol,Local,2026-09-20,2400.0,3500.0,3000.0
Karnataka,Bengaluru South,Ramanagara APMC,Drumstick,Drumstick,Local,2026-09-20,4000.0,6000.0,5000.0
Tamil Nadu,Salem,Vazhapadi(Uzhavar Sandhai),Banana,Red Banana,Local,2026-09-20,8000.0,8000.0,8000.0
Tamil Nadu,Salem,Vazhapadi(Uzhavar Sandhai),Tomato,Deshi,Local,2026-09-20,2500.0,3000.0,2750.0
Tamil Nadu,Salem,Vazhapadi(Uzhavar Sandhai),Bitter gourd,Bitter Gourd,Local,2026-09-20,5500.0,6000.0,5750.0
Tamil Nadu,Salem,Vazhapadi(Uzhavar Sandhai),Bottle gourd,Bottle Gourd,Local,2026-09-20,2500.0,3000.0,2750.0
Tamil Nadu,Salem,Vazhapadi(Uzhavar Sandhai),Ashgourd,Gouard,Local,2026-09-20,3000.0,3000.0,3000.0
Tamil Nadu,Salem,Vazhapadi(Uzhavar Sandhai),Amaranthus,Amaranthus,Local,2026-09-20,2000.0,2000.0,2000.0
Tamil Nadu,Salem,Vazhapadi(Uzhavar Sandhai),Green Chilli,Green Chilly,Local,2026-09-20,4500.0,5000.0,4750.0
Tamil Nadu,Salem,Vazhapadi(Uzhavar Sandhai),Beans,Beans (Whole),Local,2026-09-20,8000.0,9000.0,8500.0
Tamil Nadu,Salem,Vazhapadi(Uzhavar Sandhai),Snakeguard,Snakeguard,Local,2026-09-20,2500.0,3400.0,2950.0
Tamil Nadu,Salem,Vazhapadi(Uzhavar Sandhai),Beetroot,Beetroot,Local,2026-09-20,5000.0,5000.0,5000.0
Tamil Nadu,Salem,Vazhapadi(Uzhavar Sandhai),Chow Chow,Chow Chow,Local,2026-09-20,4000.0,4000.0,4000.0
Tamil Nadu,Salem,Vazhapadi(Uzhavar Sandhai),Kakada,Kakada,Local,2026-09-20,25000.0,25000.0,25000.0
Tamil Nadu,Salem,Vazhapadi(Uzhavar Sandhai),Lemon,Lemon,Local,2026-09-20,10000.0,10000.0,10000.0
Tamil Nadu,Pudukkottai,Aranthangi(Uzhavar Sandhai ),Ridgeguard(Tori),Ridgeguard(Tori),Local,2026-09-20,5000.0,6000.0,5500.0
Tamil Nadu,Nagapattinam,Vedaranyam(Uzhavar Sandhai),Onion,Bellary,Local,2026-09-20,4200.0,4500.0,4350.0
Tamil Nadu,Nagapattinam,Vedaranyam(Uzhavar Sandhai),Potato,Red Nanital,Local,2026-09-20,3200.0,3400.0,3300.0
Tamil Nadu,Nagapattinam,Vedaranyam(Uzhavar Sandhai),Brinjal,Round,Local,2026-09-20,4800.0,5000.0,4900.0
Tamil Nadu,Nagapattinam,Vedaranyam(Uzhavar Sandhai),Tomato,Deshi,Local,2026-09-20,3500.0,3600.0,3550.0
Tamil Nadu,Nagapattinam,Vedaranyam(Uzhavar Sandhai),Green Avare(W),Green Avare (W),Local,2026-09-20,5500.0,6000.0,5750.0
Tamil Nadu,Nagapattinam,Vedaranyam(Uzhavar Sandhai),Chow Chow,Chow Chow,Local,2026-09-20,2800.0,3000.0,2900.0
Tamil Nadu,Nagapattinam,Vedaranyam(Uzhavar Sandhai),Lime,Lime,Local,2026-09-20,3000.0,3500.0,3250.0
Tamil Nadu,Nagapattinam,Vedaranyam(Uzhavar Sandhai),Lemon,Lemon,Local,2026-09-20,8500.0,9000.0,8750.0
Tamil Nadu,Nagapattinam,Vedaranyam(Uzhavar Sandhai),Onion Green,Onion Green,Local,2026-09-20,8500.0,9000.0,8750.0
Tamil Nadu,Vellore,Perampet(Uzhavar Sandhai),Potato,Red Nanital,Local,2026-09-20,3000.0,3000.0,3000.0
Tamil Nadu,Vellore,Perampet(Uzhavar Sandhai),Bitter gourd,Bitter Gourd,Local,2026-09-20,4000.0,4500.0,4250.0
Tamil Nadu,Vellore,Perampet(Uzhavar Sandhai),Amaranthus,Amaranthus,Local,2026-09-20,4000.0,4000.0,4000.0
Tamil Nadu,Vellore,Perampet(Uzhavar Sandhai),Banana - Green,Banana - Green,Local,2026-09-20,4000.0,4000.0,4000.0
Tamil Nadu,Vellore,Perampet(Uzhavar Sandhai),Cabbage,Cabbage,Local,2026-09-20,3000.0,3000.0,3000.0
Tamil Nadu,Vellore,Perampet(Uzhavar Sandhai),Cucumbar(Kheera),Cucumbar,Local,2026-09-20,3500.0,4000.0,3750.0
Tamil Nadu,Vellore,Perampet(Uzhavar Sandhai),Tender Coconut,Tender Coconut,Local,2026-09-20,2500.0,2500.0,2500.0
Tamil Nadu,Vellore,Perampet(Uzhavar Sandhai),Colacasia,Colacasia,Local,2026-09-20,5000.0,5600.0,5300.0
Madhya Pradesh,Badwani,Sendhwa(F&V) APMC,Cucumbar(Kheera),Cucumbar,Medium,2026-09-20,500.0,900.0,600.0
Maharashtra,Pune,Pune(Pimpri),Spinach,Other,Local,2026-09-20,6.0,8.0,7.0
Tamil Nadu,Karur,Kulithalai(Uzhavar Sandhai ),Onion,Bellary,Local,2026-09-20,6000.0,7000.0,6500.0
Tamil Nadu,Karur,Kulithalai(Uzhavar Sandhai ),Brinjal,Other,Local,2026-09-20,2400.0,3200.0,2800.0
Tamil Nadu,Karur,Kulithalai(Uzhavar Sandhai ),Bottle gourd,Bottle Gourd,Local,2026-09-20,1500.0,2000.0,1750.0
Tamil Nadu,Karur,Kulithalai(Uzhavar Sandhai ),Amaranthus,Amaranthus,Local,2026-09-20,2000.0,3000.0,2500.0
Tamil Nadu,Karur,Kulithalai(Uzhavar Sandhai ),Beans,Beans (Whole),Local,2026-09-20,7000.0,7600.0,7300.0
Tamil Nadu,Karur,Kulithalai(Uzhavar Sandhai ),Coconut,Coconut,Local,2026-09-20,6000.0,6500.0,6250.0
Tamil Nadu,Karur,Kulithalai(Uzhavar Sandhai ),Carrot,Pusakesar,Local,2026-09-20,5000.0,5600.0,5300.0
Tamil Nadu,Karur,Kulithalai(Uzhavar Sandhai ),Cucumbar(Kheera),Cucumbar,Local,2026-09-20,6000.0,6500.0,6250.0
Tamil Nadu,Karur,Kulithalai(Uzhavar Sandhai ),Yam(Ratalu),Yam (Ratalu),Local,2026-09-20,7000.0,8000.0,7500.0
Tamil Nadu,Karur,Kulithalai(Uzhavar Sandhai ),Colacasia,Colacasia,Local,2026-09-20,5500.0,6000.0,5750.0
Tamil Nadu,Karur,Kulithalai(Uzhavar Sandhai ),Mint(Pudina),Mint(Pudina),Local,2026-09-20,4500.0,5000.0,4750.0
Tamil Nadu,Chengalpattu,Guduvancheri(Uzhavar Sandhai ),Onion,Bellary,Local,2026-09-20,6000.0,7000.0,6500.0
Tamil Nadu,Chengalpattu,Guduvancheri(Uzhavar Sandhai ),Tomato,Other,Local,2026-09-20,2500.0,3000.0,2750.0
Tamil Nadu,Chengalpattu,Guduvancheri(Uzhavar Sandhai ),Pumpkin,Pumpkin,Local,2026-09-20,2500.0,3000.0,2750.0
Tamil Nadu,Chengalpattu,Guduvancheri(Uzhavar Sandhai ),Green Chilli,Green Chilly,Local,2026-09-20,4000.0,5000.0,4500.0
Tamil Nadu,Chengalpattu,Guduvancheri(Uzhavar Sandhai ),Coconut,Coconut,Local,2026-09-20,5000.0,6000.0,5500.0
Tamil Nadu,Chengalpattu,Guduvancheri(Uzhavar Sandhai ),Snakeguard,Snakeguard,Local,2026-09-20,4000.0,5000.0,4500.0
Tamil Nadu,Chengalpattu,Guduvancheri(Uzhavar Sandhai ),Rose(Local),Rose (Local),Local,2026-09-20,10000.0,11000.0,10500.0
Tamil Nadu,Thirupur,Dharapuram(Uzhavar Sandhai ),Banana,Besrai,Local,2026-09-20,4500.0,5000.0,4750.0
Tamil Nadu,Thirupur,Dharapuram(Uzhavar Sandhai ),Ashgourd,Gouard,Local,2026-09-20,2000.0,2500.0,2250.0
Tamil Nadu,Thirupur,Dharapuram(Uzhavar Sandhai ),Carrot,Pusakesar,Local,2026-09-20,5000.0,5500.0,5250.0
Tamil Nadu,Thirupur,Dharapuram(Uzhavar Sandhai ),Ridgeguard(Tori),Ridgeguard(Tori),Local,2026-09-20,5500.0,6000.0,5750.0
Tamil Nadu,Thirupur,Palladam(Uzhavar Sandhai ),Banana,Karpura,Local,2026-09-20,4000.0,5000.0,4500.0
Tamil Nadu,Thirupur,Palladam(Uzhavar Sandhai ),Coriander(Leaves),I Sort,Local,2026-09-20,5000.0,6000.0,5500.0
Tamil Nadu,Thirupur,Palladam(Uzhavar Sandhai ),Bitter gourd,Other,Local,2026-09-20,5000.0,6000.0,5500.0
Tamil Nadu,Thirupur,Palladam(Uzhavar Sandhai ),Bottle gourd,Bottle Gourd,Local,2026-09-20,1500.0,2000.0,1750.0
Tamil Nadu,Thirupur,Palladam(Uzhavar Sandhai ),Cowpea(Veg),Cowpea (Veg),Local,2026-09-20,3500.0,4000.0,3750.0
Tamil Nadu,Thirupur,Palladam(Uzhavar Sandhai ),Beans,Beans (Whole),Local,2026-09-20,7500.0,8000.0,7750.0
Tamil Nadu,Thirupur,Palladam(Uzhavar Sandhai ),Carrot,Pusakesar,Local,2026-09-20,4500.0,5000.0,4750.0
Tamil Nadu,Thirupur,Palladam(Uzhavar Sandhai ),Cabbage,Cabbage,Local,2026-09-20,2500.0,3000.0,2750.0
Tamil Nadu,Thirupur,Palladam(Uzhavar Sandhai ),Drumstick,Drumstick,Local,2026-09-20,2500.0,3000.0,2750.0
Tamil Nadu,Thirupur,Palladam(Uzhavar Sandhai ),Guava,Guava Allahabad,Local,2026-09-20,4000.0,5000.0,4500.0
Uttar Pradesh,Jhansi,Gurusarai APMC,Firewood,Firewood,FAQ,2026-09-20,600.0,600.0,600.0
Uttar Pradesh,Raebarelli,Jayas APMC,Rice,Common,FAQ,2026-09-20,2600.0,2600.0,2600.0
Uttar Pradesh,Jalaun (Orai),Jalaun APMC,Wheat,Mill Quality,FAQ,2026-09-20,2540.0,2540.0,2540.0
Uttar Pradesh,Ghazipur,Jangipura APMC,Green Chilli,Other,FAQ,2026-09-20,1500.0,1500.0,1500.0
Tamil Nadu,Kallakuruchi,Kallakurichi(Uzhavar Sandhai ),Brinjal,Other,Local,2026-09-20,6000.0,6000.0,6000.0
Tamil Nadu,Kallakuruchi,Kallakurichi(Uzhavar Sandhai ),Cluster beans,Cluster Beans,Local,2026-09-20,5000.0,5000.0,5000.0
Tamil Nadu,Kallakuruchi,Kallakurichi(Uzhavar Sandhai ),Ashgourd,Gouard,Local,2026-09-20,1500.0,1500.0,1500.0
Tamil Nadu,Kallakuruchi,Kallakurichi(Uzhavar Sandhai ),Carrot,Pusakesar,Local,2026-09-20,8000.0,8000.0,8000.0
Tamil Nadu,Kallakuruchi,Kallakurichi(Uzhavar Sandhai ),Capsicum,Capsicum,Local,2026-09-20,9000.0,9000.0,9000.0
Tamil Nadu,Kallakuruchi,Kallakurichi(Uzhavar Sandhai ),Chow Chow,Chow Chow,Local,2026-09-20,5000.0,5000.0,5000.0
Tamil Nadu,Kallakuruchi,Kallakurichi(Uzhavar Sandhai ),Guava,Guava Allahabad,Local,2026-09-20,6000.0,6000.0,6000.0
Uttar Pradesh,Hardoi,Madhoganj APMC,Wheat,Dara,FAQ,2026-09-20,2600.0,2600.0,2600.0
Uttar Pradesh,Mathura,Mathura APMC,Paddy(Common),Common,FAQ,2026-09-20,3401.0,3601.0,3506.77
Uttar Pradesh,Mathura,Mathura APMC,Potato,Other,FAQ,2026-09-20,600.0,600.0,600.0
Tamil Nadu,Thirupathur,Natrampalli(Uzhavar Sandhai ),Bottle gourd,Bottle Gourd,Local,2026-09-20,1500.0,2000.0,1750.0
Tamil Nadu,Thirupathur,Natrampalli(Uzhavar Sandhai ),Green Chilli,Green Chilly,Local,2026-09-20,5000.0,6000.0,5500.0
Tamil Nadu,Thirupathur,Natrampalli(Uzhavar Sandhai ),Snakeguard,Snakeguard,Local,2026-09-20,3000.0,4000.0,3500.0
Tamil Nadu,Thirupathur,Natrampalli(Uzhavar Sandhai ),Raddish,Raddish,Local,2026-09-20,2000.0,3000.0,2500.0
Tamil Nadu,Thirupathur,Natrampalli(Uzhavar Sandhai ),Lemon,Lemon,Local,2026-09-20,5000.0,6000.0,5500.0
Uttar Pradesh,Jaunpur,Mugrabaadshahpur APMC,Paddy(Common),Common,FAQ,2026-09-20,2700.0,2700.0,2700.0
Uttar Pradesh,Gonda,Nawabganj APMC,Rice,Common,FAQ,2026-09-20,2700.0,2700.0,2700.0
Uttar Pradesh,Gonda,Nawabganj APMC,Paddy(Common),Common,FAQ,2026-09-20,2500.0,2500.0,2500.0
Andhra Pradesh,NTR,Tiruvuru APMC,Maize,Hybrid,Local,2026-09-20,2400.0,2400.0,2400.0
Andhra Pradesh,NTR,Tiruvuru APMC,Paddy(Common),Sona,Local,2026-09-20,2900.0,2900.0,2900.0
Andhra Pradesh,NTR,Tiruvuru APMC,Rice,Sona,Local,2026-09-20,4900.0,4900.0,4900.0
Tripura,South Tripura,Kalsi APMC,Tomato,Other,FAQ,2026-09-20,3800.0,3950.0,3880.0
Tamil Nadu,Salem,Athur(Uzhavar Sandhai ),Papaya,Papaya,Local,2026-09-20,3500.0,4000.0,3750.0
Tamil Nadu,Salem,Athur(Uzhavar Sandhai ),Mousambi(Sweet Lime),Mousambi,Local,2026-09-20,6000.0,7000.0,6500.0
Tamil Nadu,Salem,Athur(Uzhavar Sandhai ),Tomato,Local,Local,2026-09-20,2000.0,2600.0,2300.0
Tamil Nadu,Salem,Athur(Uzhavar Sandhai ),Pumpkin,Pumpkin,Local,2026-09-20,2000.0,2400.0,2200.0
Tamil Nadu,Salem,Athur(Uzhavar Sandhai ),Beans,Beans (Whole),Local,2026-09-20,8000.0,9000.0,8500.0
Tamil Nadu,Salem,Athur(Uzhavar Sandhai ),Ridgeguard(Tori),Ridgeguard(Tori),Local,2026-09-20,4000.0,5000.0,4500.0
Tamil Nadu,Salem,Athur(Uzhavar Sandhai ),Thondekai,Thondekai,Local,2026-09-20,4500.0,5000.0,4750.0
Tamil Nadu,Salem,Athur(Uzhavar Sandhai ),Capsicum,Capsicum,Local,2026-09-20,6500.0,7000.0,6750.0
Tamil Nadu,Salem,Athur(Uzhavar Sandhai ),Tender Coconut,Tender Coconut,Local,2026-09-20,3000.0,3500.0,3250.0
Tamil Nadu,Salem,Athur(Uzhavar Sandhai ),Amla(Nelli Kai),Amla,Local,2026-09-20,7000.0,8000.0,7500.0
Tamil Nadu,Theni,Periyakulam(Uzhavar Sandhai ),Cluster beans,Cluster Beans,Local,2026-09-20,2800.0,3000.0,2900.0
Tamil Nadu,Theni,Periyakulam(Uzhavar Sandhai ),Amaranthus,Amaranthus,Local,2026-09-20,2000.0,2500.0,2250.0
Tamil Nadu,Theni,Periyakulam(Uzhavar Sandhai ),Carrot,Pusakesar,Local,2026-09-20,3200.0,3400.0,3300.0
Tamil Nadu,Theni,Periyakulam(Uzhavar Sandhai ),Beetroot,Beetroot,Local,2026-09-20,3300.0,3600.0,3450.0
Tamil Nadu,Theni,Periyakulam(Uzhavar Sandhai ),Raddish,Raddish,Local,2026-09-20,2200.0,2400.0,2300.0
Tamil Nadu,Theni,Periyakulam(Uzhavar Sandhai ),Indian Beans(Seam),Indian Beans (Seam),Local,2026-09-20,5000.0,5400.0,5200.0
Tamil Nadu,Virudhunagar,Srivilliputhur(Uzhavar Sandhai ),Onion,Bellary,Local,2026-09-20,6000.0,7000.0,6500.0
Tamil Nadu,Virudhunagar,Srivilliputhur(Uzhavar Sandhai ),Cluster beans,Cluster Beans,Local,2026-09-20,3500.0,4000.0,3750.0
Tamil Nadu,Virudhunagar,Srivilliputhur(Uzhavar Sandhai ),Ginger(Green),Green Ginger,Local,2026-09-20,17000.0,18000.0,17500.0
Tamil Nadu,Virudhunagar,Srivilliputhur(Uzhavar Sandhai ),Carrot,Pusakesar,Local,2026-09-20,3500.0,4000.0,3750.0
Tamil Nadu,Virudhunagar,Srivilliputhur(Uzhavar Sandhai ),Green Avare(W),Green Avare (W),Local,2026-09-20,9000.0,10000.0,9500.0
Tamil Nadu,Virudhunagar,Srivilliputhur(Uzhavar Sandhai ),Guava,Guava Allahabad,Local,2026-09-20,4500.0,5000.0,4750.0
Uttar Pradesh,Raebarelli,Raibareilly APMC,Wood,Eucalyptus,FAQ,2026-09-20,550.0,550.0,550.0
Uttar Pradesh,Raebarelli,Raibareilly APMC,Wheat,Dara,FAQ,2026-09-20,2500.0,2500.0,2500.0
Uttar Pradesh,Badaun,Shahaswan APMC,Wood,Other,FAQ,2026-09-20,1200.0,1200.0,1200.0
Uttar Pradesh,Sonbhadra,Robertsganj APMC,Tomato,Other,FAQ,2026-09-20,1600.0,1600.0,1600.0
Uttar Pradesh,Ayodhya,Rudauli APMC,Wheat,Dara,FAQ,2026-09-20,2475.0,2475.0,2475.0
Uttar Pradesh,Hathras,Shadabad APMC,Pumpkin,Pumpkin,Small,2026-09-20,600.0,700.0,650.0
Uttar Pradesh,Siddharth Nagar,Sahiyapur APMC,Wheat,Dara,FAQ,2026-09-20,2430.0,2430.0,2430.0
Uttar Pradesh,Amethi,Sultanpur APMC,Wood,Other,FAQ,2026-09-20,530.0,530.0,530.0
Uttar Pradesh,Khiri (Lakhimpur),Tikonia APMC,Wheat,Dara,FAQ,2026-09-20,2400.0,2500.0,2459.83
Uttar Pradesh,Ambedkarnagar,Tanda Akbarpur APMC,Mentha Oil,Other,FAQ,2026-09-20,130000.0,130000.0,130000.0
Uttar Pradesh,Ghazipur,Yusufpur APMC,Rice,Common,FAQ,2026-09-20,2500.0,2500.0,2500.0
Odisha,Kalahandi,Mukhiguda APMC,Bhindi(Ladies Finger),Bhindi,Grade B,2026-09-20,2500.0,3300.0,2900.0
Odisha,Kalahandi,Mukhiguda APMC,Tomato,Tomato,Grade B,2026-09-20,2400.0,3400.0,2900.0
Odisha,Kalahandi,Mukhiguda APMC,Ridgeguard(Tori),Other,Grade B,2026-09-20,3000.0,3300.0,3150.0
West Bengal,North 24 Parganas,Habra APMC,Tomato,Other,FAQ,2026-09-20,2800.0,2800.0,2800.0
West Bengal,Bankura,Khatra APMC,Tomato,Tomato,FAQ,2026-09-20,3000.0,3600.0,3500.0
Tamil Nadu,Coimbatore,Vadavalli(Uzhavar Sandhai ),Banana,Red Banana,Local,2026-09-20,8000.0,8600.0,8300.0
Tamil Nadu,Coimbatore,Vadavalli(Uzhavar Sandhai ),Banana - Green,Banana - Green,Local,2026-09-20,3800.0,4400.0,4100.0
Tamil Nadu,Coimbatore,Vadavalli(Uzhavar Sandhai ),Sweet Potato,Hosur Red,Local,2026-09-20,5400.0,5800.0,5600.0
Tamil Nadu,Coimbatore,Vadavalli(Uzhavar Sandhai ),Cucumbar(Kheera),Cucumbar,Local,2026-09-20,4000.0,4400.0,4200.0
Tamil Nadu,Coimbatore,Vadavalli(Uzhavar Sandhai ),Elephant Yam(Suran)/Amorphophallus,Elephant Yam (Suran),Local,2026-09-20,3200.0,3600.0,3400.0
Tamil Nadu,Coimbatore,Vadavalli(Uzhavar Sandhai ),Lemon,Lemon,Local,2026-09-20,21000.0,25000.0,23000.0
Tamil Nadu,Coimbatore,Vadavalli(Uzhavar Sandhai ),Baby Corn,Baby Corn,Grade A,2026-09-20,2200.0,2600.0,2400.0
Tamil Nadu,Dindigul,Vedasanthur(Uzhavar Sandhai ),Tomato,Deshi,Local,2026-09-20,1500.0,2000.0,1750.0
Haryana,Yamuna Nagar,Sadhaura APMC,Ridgeguard(Tori),Other,Local,2026-09-20,1300.0,1500.0,1400.0
Uttar Pradesh,Bulandshahar,Gulavati APMC,Colacasia,Other,FAQ,2026-09-20,4100.0,4300.0,4200.0
Uttar Pradesh,Bulandshahar,Gulavati APMC,Bhindi(Ladies Finger),Bhindi,FAQ,2026-09-20,3100.0,3300.0,3200.0
Uttar Pradesh,Bulandshahar,Gulavati APMC,Lemon,Other,FAQ,2026-09-20,9100.0,9300.0,9200.0
Uttar Pradesh,Bulandshahar,Gulavati APMC,Cauliflower,Cauliflower,FAQ,2026-09-20,2100.0,2300.0,2200.0
Tamil Nadu,Coimbatore,Udumalpet APMC,Banana - Green,Banana - Green,Local,2026-09-20,2500.0,3000.0,2750.0
Tamil Nadu,Coimbatore,Udumalpet APMC,Beetroot,Beetroot,Local,2026-09-20,4000.0,7500.0,5750.0
Tamil Nadu,Coimbatore,Udumalpet APMC,Cucumbar(Kheera),Cucumbar,Local,2026-09-20,4000.0,4500.0,4250.0
Tamil Nadu,Coimbatore,Udumalpet APMC,Green Avare(W),Other,Local,2026-09-20,7000.0,8000.0,7500.0
Punjab,Patiala,Patiala(New Anaj Mandi) APMC,Paddy(Basmati),Basmati 1509,Grade Range-2,2026-09-20,3800.0,4000.0,3900.0
Madhya Pradesh,Dhar,Manawar APMC,Cotton,H4,FAQ,2026-09-20,8000.0,8000.0,8000.0
Madhya Pradesh,Khargone,Kasrawad APMC,Maize,Local,FAQ,2026-09-20,1500.0,1500.0,1500.0
Tamil Nadu,Erode,Gobichettipalayam(Uzhavar Sandhai ),Onion,Bellary,Local,2026-09-20,6500.0,7000.0,6750.0
Tamil Nadu,Erode,Gobichettipalayam(Uzhavar Sandhai ),Bottle gourd,Bottle Gourd,Local,2026-09-20,1800.0,2000.0,1900.0
Tamil Nadu,Erode,Gobichettipalayam(Uzhavar Sandhai ),Pumpkin,Pumpkin,Local,2026-09-20,3000.0,3500.0,3250.0
Tamil Nadu,Erode,Gobichettipalayam(Uzhavar Sandhai ),Sweet Potato,Hosur Red,Local,2026-09-20,4500.0,5000.0,4750.0
Tamil Nadu,Erode,Gobichettipalayam(Uzhavar Sandhai ),Sweet Corn,Sweet Corn,Local,2026-09-20,4500.0,5000.0,4750.0
Uttar Pradesh,Gorakhpur,Gorakhpur APMC,Fish,Other,FAQ,2026-09-20,5000.0,6000.0,5115.38
West Bengal,Puruliya,Balarampur APMC,Potato,Other,FAQ,2026-09-20,650.0,800.0,700.0
West Bengal,Puruliya,Balarampur APMC,Brinjal,Other,Local,2026-09-20,3200.0,4000.0,3500.0
Punjab,Tarntaran,Bhikhiwind APMC,Brinjal,Brinjal,Local,2026-09-20,900.0,900.0,900.0
Tamil Nadu,Erode,Sampath Nagar(Uzhavar Sandhai ),Papaya,Papaya,Local,2026-09-20,3000.0,3400.0,3200.0
Tamil Nadu,Erode,Sampath Nagar(Uzhavar Sandhai ),Water Melon,Water Melon,Local,2026-09-20,1000.0,1500.0,1250.0
Tamil Nadu,Erode,Sampath Nagar(Uzhavar Sandhai ),Tomato,Other,Local,2026-09-20,2500.0,2800.0,2650.0
Tamil Nadu,Erode,Sampath Nagar(Uzhavar Sandhai ),Cluster beans,Cluster Beans,Local,2026-09-20,2800.0,3000.0,2900.0
Tamil Nadu,Erode,Sampath Nagar(Uzhavar Sandhai ),Pumpkin,Pumpkin,Local,2026-09-20,1800.0,2000.0,1900.0
Tamil Nadu,Erode,Sampath Nagar(Uzhavar Sandhai ),Tapioca,Tapioca,Local,2026-09-20,2000.0,2500.0,2250.0
Tamil Nadu,Erode,Sampath Nagar(Uzhavar Sandhai ),Capsicum,Capsicum,Local,2026-09-20,4200.0,4600.0,4400.0
Tamil Nadu,Erode,Sampath Nagar(Uzhavar Sandhai ),Tender Coconut,Tender Coconut,Local,2026-09-20,3000.0,4500.0,3750.0
Tamil Nadu,Erode,Sampath Nagar(Uzhavar Sandhai ),Lemon,Lemon,Local,2026-09-20,25000.0,26000.0,25500.0
Tripura,Khowai,Kalyanpur APMC,Cucumbar(Kheera),Cucumbar,FAQ,2026-09-20,4800.0,5000.0,4900.0
Tripura,Khowai,Kalyanpur APMC,Goat,Goat,FAQ,2026-09-20,3500.0,4000.0,3800.0
Madhya Pradesh,Seoni,Seoni APMC,Maize,Local,Non-FAQ,2026-09-20,1841.0,1851.0,1851.0
Tamil Nadu,Vellore,Pallikonda(Uzhavar Sandhai),Bitter gourd,Bitter Gourd,Local,2026-09-20,4500.0,4500.0,4500.0
Tamil Nadu,Vellore,Pallikonda(Uzhavar Sandhai),Bottle gourd,Bottle Gourd,Local,2026-09-20,2000.0,2000.0,2000.0
Tamil Nadu,Vellore,Pallikonda(Uzhavar Sandhai),Beetroot,Beetroot,Local,2026-09-20,4000.0,4000.0,4000.0
Tamil Nadu,Vellore,Pallikonda(Uzhavar Sandhai),Cucumbar(Kheera),Cucumbar,Local,2026-09-20,4000.0,4000.0,4000.0
Tamil Nadu,Vellore,Pallikonda(Uzhavar Sandhai),Raddish,Raddish,Local,2026-09-20,3000.0,3000.0,3000.0
Tamil Nadu,Vellore,Pallikonda(Uzhavar Sandhai),Thondekai,Thondekai,Local,2026-09-20,3500.0,3500.0,3500.0
Tamil Nadu,Vellore,Pallikonda(Uzhavar Sandhai),Green Avare(W),Green Avare (W),Local,2026-09-20,5000.0,5500.0,5250.0
Tamil Nadu,Vellore,Pallikonda(Uzhavar Sandhai),Knool Khol,Knool Khol,Local,2026-09-20,3000.0,3000.0,3000.0
Tamil Nadu,Vellore,Pallikonda(Uzhavar Sandhai),Guava,Guava Allahabad,Local,2026-09-20,4500.0,5000.0,4750.0
Tamil Nadu,Vellore,Pallikonda(Uzhavar Sandhai),Tender Coconut,Tender Coconut,Local,2026-09-20,3500.0,4000.0,3750.0
Tamil Nadu,Vellore,Pallikonda(Uzhavar Sandhai),Onion Green,Onion Green,Local,2026-09-20,8000.0,8000.0,8000.0
Tamil Nadu,Pudukkottai,Ponnamaravathi(Uzhavar Sandhai),Banana - Green,Banana - Green,Local,2026-09-20,2000.0,3000.0,2500.0
Tamil Nadu,Pudukkottai,Ponnamaravathi(Uzhavar Sandhai),Lime,Lime,Local,2026-09-20,1000.0,2000.0,1500.0
Odisha,Kalahandi,Bhawanipatna APMC,Bhindi(Ladies Finger),Bhindi,Local,2026-09-20,3300.0,3300.0,3300.0
Tamil Nadu,Nagapattinam,Mayiladuthurai(Uzhavar Sandhai ),Bhindi(Ladies Finger),Bhindi,Local,2026-09-20,4500.0,5000.0,4750.0
Tamil Nadu,Nagapattinam,Mayiladuthurai(Uzhavar Sandhai ),Amaranthus,Amaranthus,Local,2026-09-20,1500.0,2000.0,1750.0
Tamil Nadu,Nagapattinam,Mayiladuthurai(Uzhavar Sandhai ),Coconut,Coconut,Local,2026-09-20,3000.0,4000.0,3500.0
Tamil Nadu,Nagapattinam,Mayiladuthurai(Uzhavar Sandhai ),Onion Green,Onion Green,Local,2026-09-20,8000.0,9000.0,8500.0
Tamil Nadu,Pudukkottai,Viralimalai(Uzhavar Sandhai ),Coriander(Leaves),I Sort,Local,2026-09-20,4500.0,5000.0,4750.0
Tamil Nadu,Pudukkottai,Viralimalai(Uzhavar Sandhai ),Bitter gourd,Bitter Gourd,Local,2026-09-20,6500.0,7000.0,6750.0
Tamil Nadu,Pudukkottai,Viralimalai(Uzhavar Sandhai ),Green Chilli,Green Chilly,Local,2026-09-20,5500.0,6000.0,5750.0
Tamil Nadu,Pudukkottai,Viralimalai(Uzhavar Sandhai ),Coconut,Coconut,Local,2026-09-20,3500.0,4000.0,3750.0
Tamil Nadu,Pudukkottai,Viralimalai(Uzhavar Sandhai ),Ridgeguard(Tori),Ridgeguard(Tori),Local,2026-09-20,4500.0,5000.0,4750.0
Tamil Nadu,Pudukkottai,Viralimalai(Uzhavar Sandhai ),Raddish,Raddish,Local,2026-09-20,2500.0,3000.0,2750.0
Tamil Nadu,Pudukkottai,Viralimalai(Uzhavar Sandhai ),Onion Green,Onion Green,Local,2026-09-20,8500.0,9000.0,8750.0
Tamil Nadu,Ramanathapuram,Kamuthi(Uzhavar Sandhai ),Tomato,Deshi,Local,2026-09-20,3000.0,3500.0,3250.0
Tamil Nadu,Ramanathapuram,Paramakudi(Uzhavar Sandhai ),Soyabean,Local,Local,2026-09-20,9000.0,10000.0,9500.0
Tamil Nadu,Ramanathapuram,Paramakudi(Uzhavar Sandhai ),Banana,Besrai,Local,2026-09-20,4500.0,5000.0,4750.0
Tamil Nadu,Ramanathapuram,Paramakudi(Uzhavar Sandhai ),Coriander(Leaves),I Sort,Local,2026-09-20,5500.0,6000.0,5750.0
Tamil Nadu,Ramanathapuram,Paramakudi(Uzhavar Sandhai ),Cabbage,Cabbage,Local,2026-09-20,4500.0,4800.0,4650.0
Tamil Nadu,Ramanathapuram,Paramakudi(Uzhavar Sandhai ),Knool Khol,Knool Khol,Local,2026-09-20,5000.0,5800.0,5400.0
Tamil Nadu,Ramanathapuram,Paramakudi(Uzhavar Sandhai ),Colacasia,Colacasia,Local,2026-09-20,6800.0,7000.0,6900.0
Tamil Nadu,Pudukkottai,Alangudi(Uzhavar Sandhai ),Onion,Bellary,Local,2026-09-20,6000.0,7000.0,6500.0
Tamil Nadu,Pudukkottai,Alangudi(Uzhavar Sandhai ),Bhindi(Ladies Finger),Bhindi,Local,2026-09-20,2500.0,3000.0,2750.0
Tamil Nadu,Pudukkottai,Alangudi(Uzhavar Sandhai ),Banana - Green,Banana - Green,Local,2026-09-20,2500.0,3000.0,2750.0
Tamil Nadu,Pudukkottai,Alangudi(Uzhavar Sandhai ),Drumstick,Drumstick,Local,2026-09-20,4500.0,5000.0,4750.0
Tamil Nadu,Thiruvannamalai,Arani(Uzhavar Sandhai ),Banana,Other,Local,2026-09-20,5000.0,6000.0,5500.0
Tamil Nadu,Thiruvannamalai,Arani(Uzhavar Sandhai ),Chow Chow,Chow Chow,Local,2026-09-20,2500.0,3000.0,2750.0
Tamil Nadu,Thiruvannamalai,Arani(Uzhavar Sandhai ),Colacasia,Colacasia,Local,2026-09-20,3500.0,4200.0,3850.0
Tamil Nadu,Thiruvannamalai,Arani(Uzhavar Sandhai ),Mint(Pudina),Mint(Pudina),Local,2026-09-20,4000.0,4500.0,4250.0
Tamil Nadu,Thiruvannamalai,Polur(Uzhavar Sandhai ),Papaya,Papaya,Local,2026-09-20,2500.0,3000.0,2750.0
Tamil Nadu,Thiruvannamalai,Polur(Uzhavar Sandhai ),Ashgourd,Gouard,Local,2026-09-20,1600.0,2000.0,1800.0
Tamil Nadu,Thiruvannamalai,Polur(Uzhavar Sandhai ),Amaranthus,Amaranthus,Local,2026-09-20,1600.0,2000.0,1800.0
Tamil Nadu,Thiruvannamalai,Polur(Uzhavar Sandhai ),Ginger(Green),Green Ginger,Local,2026-09-20,12000.0,15000.0,13500.0
Tamil Nadu,Thiruvannamalai,Polur(Uzhavar Sandhai ),Green Avare(W),Green Avare (W),Local,2026-09-20,5000.0,6000.0,5500.0
Tamil Nadu,Thiruvannamalai,Polur(Uzhavar Sandhai ),Knool Khol,Knool Khol,Local,2026-09-20,3300.0,4000.0,3650.0
Tamil Nadu,Thiruvannamalai,Polur(Uzhavar Sandhai ),Guava,Guava Allahabad,Local,2026-09-20,4200.0,5000.0,4600.0
Tamil Nadu,Thiruvannamalai,Polur(Uzhavar Sandhai ),Yam(Ratalu),Yam (Ratalu),Local,2026-09-20,5000.0,6000.0,5500.0
Tamil Nadu,Thiruvannamalai,Polur(Uzhavar Sandhai ),Colacasia,Colacasia,Local,2026-09-20,3300.0,4000.0,3650.0
Tamil Nadu,Thiruvannamalai,Polur(Uzhavar Sandhai ),Custard Apple(Sharifa),Custard Apple(Sharifa),Local,2026-09-20,3300.0,4000.0,3650.0
Tamil Nadu,Thiruvannamalai,Tiruvannamalai(Uzhavar Sandhai ),Apple,American,Local,2026-09-20,20000.0,22000.0,21000.0
Tamil Nadu,Thiruvannamalai,Tiruvannamalai(Uzhavar Sandhai ),Cauliflower,Ranchi,Local,2026-09-20,3600.0,4000.0,3800.0
Tamil Nadu,Thiruvannamalai,Tiruvannamalai(Uzhavar Sandhai ),Coriander(Leaves),I Sort,Local,2026-09-20,4000.0,5000.0,4500.0
Tamil Nadu,Thiruvannamalai,Tiruvannamalai(Uzhavar Sandhai ),Bhindi(Ladies Finger),Bhindi,Local,2026-09-20,2500.0,3000.0,2750.0
Tamil Nadu,Thiruvannamalai,Tiruvannamalai(Uzhavar Sandhai ),Banana - Green,Banana - Green,Local,2026-09-20,2500.0,3000.0,2750.0
Tamil Nadu,Thiruvannamalai,Tiruvannamalai(Uzhavar Sandhai ),Tapioca,Tapioca,Local,2026-09-20,3000.0,3500.0,3250.0
Tamil Nadu,Thiruvannamalai,Tiruvannamalai(Uzhavar Sandhai ),Sweet Potato,Hosur Red,Local,2026-09-20,4000.0,5000.0,4500.0
Tamil Nadu,Thiruvannamalai,Tiruvannamalai(Uzhavar Sandhai ),Beetroot,Beetroot,Local,2026-09-20,4000.0,4800.0,4400.0
Tamil Nadu,Thiruvannamalai,Tiruvannamalai(Uzhavar Sandhai ),Raddish,Raddish,Local,2026-09-20,2000.0,2500.0,2250.0
Tamil Nadu,Thiruvannamalai,Tiruvannamalai(Uzhavar Sandhai ),Thondekai,Thondekai,Local,2026-09-20,3000.0,3600.0,3300.0
Tamil Nadu,Thiruvannamalai,Tiruvannamalai(Uzhavar Sandhai ),Mashrooms,Mashrooms,Local,2026-09-20,22000.0,25000.0,23500.0
Tamil Nadu,Thiruvarur,Mannargudi I(Uzhavar Sandhai ),Grapes,Annabesahai,Local,2026-09-20,11000.0,11000.0,11000.0
Tamil Nadu,Thiruvarur,Mannargudi I(Uzhavar Sandhai ),Mousambi(Sweet Lime),Mousambi,Local,2026-09-20,5000.0,5000.0,5000.0
Tamil Nadu,Thiruvarur,Mannargudi I(Uzhavar Sandhai ),Bitter gourd,Other,Local,2026-09-20,5000.0,5000.0,5000.0
Tamil Nadu,Thiruvarur,Mannargudi I(Uzhavar Sandhai ),Bottle gourd,Bottle Gourd,Local,2026-09-20,3000.0,3000.0,3000.0
Tamil Nadu,Thiruvarur,Mannargudi I(Uzhavar Sandhai ),Bhindi(Ladies Finger),Bhindi,Local,2026-09-20,3600.0,3600.0,3600.0
Tamil Nadu,Thiruvarur,Mannargudi I(Uzhavar Sandhai ),Green Avare(W),Other,Local,2026-09-20,7000.0,7000.0,7000.0
Tamil Nadu,Thiruvarur,Mannargudi I(Uzhavar Sandhai ),Pomegranate,Pomogranate,Local,2026-09-20,15000.0,19000.0,17000.0
Tamil Nadu,Thiruvarur,Mannargudi II(Uzhavar Sandhai ),Banana,Other,Local,2026-09-20,6000.0,6000.0,6000.0
Tamil Nadu,Thiruvarur,Mannargudi II(Uzhavar Sandhai ),Onion,Bellary,Local,2026-09-20,7400.0,7400.0,7400.0
Tamil Nadu,Thiruvarur,Mannargudi II(Uzhavar Sandhai ),Garlic,Garlic,Local,2026-09-20,24000.0,24000.0,24000.0
Tamil Nadu,Thiruvarur,Mannargudi II(Uzhavar Sandhai ),Tomato,Deshi,Local,2026-09-20,3000.0,3000.0,3000.0
Tamil Nadu,Thiruvarur,Mannargudi II(Uzhavar Sandhai ),Pumpkin,Pumpkin,Local,2026-09-20,3000.0,3000.0,3000.0
Tamil Nadu,Thiruvarur,Mannargudi II(Uzhavar Sandhai ),Banana - Green,Banana - Green,Local,2026-09-20,4800.0,4800.0,4800.0
Tamil Nadu,Thiruvarur,Mannargudi II(Uzhavar Sandhai ),Beans,Beans (Whole),Local,2026-09-20,7000.0,7000.0,7000.0
Tamil Nadu,Thiruvarur,Mannargudi II(Uzhavar Sandhai ),Snakeguard,Snakeguard,Local,2026-09-20,3600.0,3600.0,3600.0
Tamil Nadu,Thiruvarur,Mannargudi II(Uzhavar Sandhai ),Green Avare(W),Green Avare (W),Local,2026-09-20,7000.0,7000.0,7000.0
Tamil Nadu,Thiruvarur,Mannargudi II(Uzhavar Sandhai ),Elephant Yam(Suran)/Amorphophallus,Elephant Yam (Suran),Local,2026-09-20,5600.0,5600.0,5600.0
Tamil Nadu,Thiruvarur,Tiruthuraipoondi(Uzhavar Sandhai ),Pineapple,Pine Apple,Local,2026-09-20,6000.0,6000.0,6000.0
Tamil Nadu,Thiruvarur,Tiruthuraipoondi(Uzhavar Sandhai ),Cluster beans,Cluster Beans,Local,2026-09-20,3600.0,3600.0,3600.0
Tamil Nadu,Thiruvarur,Tiruthuraipoondi(Uzhavar Sandhai ),Bitter gourd,Bitter Gourd,Local,2026-09-20,6000.0,6000.0,6000.0
Tamil Nadu,Thiruvarur,Tiruthuraipoondi(Uzhavar Sandhai ),Bhindi(Ladies Finger),Bhindi,Local,2026-09-20,4000.0,4000.0,4000.0
Tamil Nadu,Thiruvarur,Tiruthuraipoondi(Uzhavar Sandhai ),Sweet Potato,Hosur Red,Local,2026-09-20,6000.0,6000.0,6000.0
Tamil Nadu,Thiruvarur,Tiruthuraipoondi(Uzhavar Sandhai ),Ridgeguard(Tori),Ridgeguard(Tori),Local,2026-09-20,4800.0,4800.0,4800.0
Tamil Nadu,Thiruvarur,Tiruthuraipoondi(Uzhavar Sandhai ),Lime,Lime,Local,2026-09-20,3000.0,3000.0,3000.0
Tamil Nadu,Thiruvarur,Tiruthuraipoondi(Uzhavar Sandhai ),Lemon,Lemon,Local,2026-09-20,23000.0,23000.0,23000.0
Tamil Nadu,Thiruvarur,Tiruthuraipoondi(Uzhavar Sandhai ),Amla(Nelli Kai),Amla,Local,2026-09-20,8000.0,9000.0,8500.0
Tamil Nadu,Thiruvellore,Paruthipattu(Uzhavar Sandhai ),Brinjal,Round,Local,2026-09-20,5000.0,5000.0,5000.0
Tamil Nadu,Thiruvellore,Paruthipattu(Uzhavar Sandhai ),Bottle gourd,Bottle Gourd,Local,2026-09-20,3000.0,3000.0,3000.0
Tamil Nadu,Thiruvellore,Paruthipattu(Uzhavar Sandhai ),Carrot,Pusakesar,Local,2026-09-20,5000.0,5000.0,5000.0
Tamil Nadu,Thiruvellore,Perambakkam(Uzhavar Sandhai ),Jasmine,Jasmine,Local,2026-09-20,40000.0,40000.0,40000.0
Tamil Nadu,Tuticorin,Kovilpatti(Uzhavar Sandhai ),Onion,Bellary,Local,2026-09-20,7000.0,7500.0,7250.0
Tamil Nadu,Tuticorin,Kovilpatti(Uzhavar Sandhai ),Brinjal,Other,Local,2026-09-20,3000.0,3500.0,3250.0
Tamil Nadu,Tuticorin,Kovilpatti(Uzhavar Sandhai ),Chikoos(Sapota),Sapota,Local,2026-09-20,5000.0,5500.0,5250.0
Tamil Nadu,Tuticorin,Kovilpatti(Uzhavar Sandhai ),Tomato,Local,Local,2026-09-20,3000.0,3500.0,3250.0
Tamil Nadu,Tuticorin,Kovilpatti(Uzhavar Sandhai ),Beetroot,Beetroot,Local,2026-09-20,5500.0,6000.0,5750.0
Tamil Nadu,Tuticorin,Kovilpatti(Uzhavar Sandhai ),Thondekai,Thondekai,Local,2026-09-20,5000.0,5500.0,5250.0
Tamil Nadu,Tuticorin,Kovilpatti(Uzhavar Sandhai ),Elephant Yam(Suran)/Amorphophallus,Elephant Yam (Suran),Local,2026-09-20,4500.0,5000.0,4750.0
Tamil Nadu,Tuticorin,Kovilpatti(Uzhavar Sandhai ),Indian Beans(Seam),Indian Beans (Seam),Local,2026-09-20,7000.0,7500.0,7250.0
Tamil Nadu,Tuticorin,Kovilpatti(Uzhavar Sandhai ),Mint(Pudina),Mint(Pudina),Local,2026-09-20,7000.0,7500.0,7250.0
Tamil Nadu,Vellore,Gudiyatham(Uzhavar Sandhai ),Potato,Red Nanital,Local,2026-09-20,3000.0,3000.0,3000.0
Tamil Nadu,Vellore,Gudiyatham(Uzhavar Sandhai ),Coriander(Leaves),I Sort,Local,2026-09-20,5000.0,5000.0,5000.0
Tamil Nadu,Vellore,Gudiyatham(Uzhavar Sandhai ),Cluster beans,Cluster Beans,Local,2026-09-20,3000.0,3000.0,3000.0
Tamil Nadu,Vellore,Gudiyatham(Uzhavar Sandhai ),Bottle gourd,Bottle Gourd,Local,2026-09-20,1500.0,1500.0,1500.0
Tamil Nadu,Vellore,Gudiyatham(Uzhavar Sandhai ),Green Chilli,Green Chilly,Local,2026-09-20,6600.0,6600.0,6600.0
Tamil Nadu,Vellore,Gudiyatham(Uzhavar Sandhai ),Carrot,Pusakesar,Local,2026-09-20,5600.0,5600.0,5600.0
Tamil Nadu,Vellore,Gudiyatham(Uzhavar Sandhai ),Beetroot,Beetroot,Local,2026-09-20,4600.0,4600.0,4600.0
Tamil Nadu,Vellore,Gudiyatham(Uzhavar Sandhai ),Cucumbar(Kheera),Cucumbar,Local,2026-09-20,3600.0,3600.0,3600.0
Tamil Nadu,Vellore,Gudiyatham(Uzhavar Sandhai ),Ridgeguard(Tori),Ridgeguard(Tori),Local,2026-09-20,3600.0,3600.0,3600.0
Tamil Nadu,Vellore,Gudiyatham(Uzhavar Sandhai ),Mango(Raw-Ripe),Mango - Raw-Ripe,Local,2026-09-20,6600.0,6600.0,6600.0
Tamil Nadu,Vellore,Gudiyatham(Uzhavar Sandhai ),Lime,Lime,Local,2026-09-20,5000.0,5000.0,5000.0
Tamil Nadu,Vellore,Gudiyatham(Uzhavar Sandhai ),Tamarind Fruit,Tamarind Fruit,Local,2026-09-20,15000.0,15000.0,15000.0
Tamil Nadu,Vellore,Gudiyatham(Uzhavar Sandhai ),Sweet Corn,Sweet Corn,Local,2026-09-20,2500.0,2500.0,2500.0
Tamil Nadu,Vellore,Kahithapattarai(Uzhavar Sandhai ),Banana,Besrai,Local,2026-09-20,5000.0,6000.0,5500.0
Tamil Nadu,Vellore,Kahithapattarai(Uzhavar Sandhai ),Garlic,Garlic,Local,2026-09-20,22000.0,22000.0,22000.0
Tamil Nadu,Vellore,Kahithapattarai(Uzhavar Sandhai ),Brinjal,Other,Local,2026-09-20,4600.0,4600.0,4600.0
Tamil Nadu,Vellore,Kahithapattarai(Uzhavar Sandhai ),Green Peas,Green Peas,Local,2026-09-20,13000.0,13000.0,13000.0
Tamil Nadu,Vellore,Kahithapattarai(Uzhavar Sandhai ),Papaya,Papaya,Local,2026-09-20,4500.0,4500.0,4500.0
Tamil Nadu,Vellore,Kahithapattarai(Uzhavar Sandhai ),Bottle gourd,Bottle Gourd,Local,2026-09-20,2000.0,2000.0,2000.0
Tamil Nadu,Vellore,Kahithapattarai(Uzhavar Sandhai ),Bhindi(Ladies Finger),Bhindi,Local,2026-09-20,4000.0,4000.0,4000.0
Tamil Nadu,Vellore,Kahithapattarai(Uzhavar Sandhai ),Amaranthus,Amaranthus,Local,2026-09-20,3000.0,4000.0,3500.0
Tamil Nadu,Vellore,Kahithapattarai(Uzhavar Sandhai ),Cowpea(Veg),Cowpea (Veg),Local,2026-09-20,3000.0,3000.0,3000.0
Tamil Nadu,Vellore,Kahithapattarai(Uzhavar Sandhai ),Ginger(Green),Green Ginger,Local,2026-09-20,8000.0,8000.0,8000.0
Tamil Nadu,Vellore,Kahithapattarai(Uzhavar Sandhai ),Cabbage,Cabbage,Local,2026-09-20,2500.0,2500.0,2500.0
Tamil Nadu,Vellore,Kahithapattarai(Uzhavar Sandhai ),Beetroot,Beetroot,Local,2026-09-20,4500.0,4500.0,4500.0
Tamil Nadu,Vellore,Kahithapattarai(Uzhavar Sandhai ),Knool Khol,Knool Khol,Local,2026-09-20,3000.0,3000.0,3000.0
Tamil Nadu,Vellore,Kahithapattarai(Uzhavar Sandhai ),Pomegranate,Pomogranate,Local,2026-09-20,13000.0,16000.0,14500.0
Tamil Nadu,Vellore,Kahithapattarai(Uzhavar Sandhai ),Tamarind Fruit,Tamarind Fruit,Local,2026-09-20,14000.0,14000.0,14000.0
Tamil Nadu,Vellore,Kahithapattarai(Uzhavar Sandhai ),Lemon,Lemon,Local,2026-09-20,25000.0,25000.0,25000.0
Tamil Nadu,Vellore,Kahithapattarai(Uzhavar Sandhai ),Mint(Pudina),Mint(Pudina),Local,2026-09-20,4500.0,4500.0,4500.0
Haryana,Rewari,Rewari APMC,Potato,Other,Medium,2026-09-20,800.0,1600.0,1200.0
Odisha,Dhenkanal,Hindol APMC,Bhindi(Ladies Finger),Bhindi,Grade B,2026-09-20,4000.0,4500.0,4200.0
Odisha,Dhenkanal,Hindol APMC,Drumstick,Drumstick,Grade B,2026-09-20,6500.0,7000.0,6800.0
Odisha,Dhenkanal,Hindol APMC,Onion,Other,Grade B,2026-09-20,4500.0,5000.0,4800.0
Odisha,Dhenkanal,Hindol APMC,Banana - Green,Other,Grade B,2026-09-20,2500.0,3000.0,2800.0
Odisha,Dhenkanal,Hindol APMC,Brinjal,Brinjal,Grade B,2026-09-20,4500.0,5500.0,5000.0
Tamil Nadu,Thiruvannamalai,Cheyyar(Uzhavar Sandhai ),Potato,Other,Local,2026-09-20,3000.0,3600.0,3300.0
Tamil Nadu,Thiruvannamalai,Cheyyar(Uzhavar Sandhai ),Green Chilli,Green Chilly,Local,2026-09-20,4800.0,6000.0,5400.0
Tamil Nadu,Thiruvannamalai,Cheyyar(Uzhavar Sandhai ),Banana - Green,Banana - Green,Local,2026-09-20,1500.0,2000.0,1750.0
Tamil Nadu,Thiruvannamalai,Cheyyar(Uzhavar Sandhai ),Beans,Beans (Whole),Local,2026-09-20,4800.0,6000.0,5400.0
Tamil Nadu,Thiruvannamalai,Cheyyar(Uzhavar Sandhai ),Carrot,Pusakesar,Local,2026-09-20,4800.0,6000.0,5400.0
Tamil Nadu,Thiruvannamalai,Cheyyar(Uzhavar Sandhai ),Cabbage,Cabbage,Local,2026-09-20,2000.0,2500.0,2250.0
Tamil Nadu,Thiruvannamalai,Cheyyar(Uzhavar Sandhai ),Drumstick,Drumstick,Local,2026-09-20,3500.0,4200.0,3850.0
Tamil Nadu,Thiruvannamalai,Cheyyar(Uzhavar Sandhai ),Tender Coconut,Tender Coconut,Local,2026-09-20,2000.0,2500.0,2250.0
Tamil Nadu,Thiruvannamalai,Cheyyar(Uzhavar Sandhai ),Yam(Ratalu),Yam (Ratalu),Local,2026-09-20,5500.0,7000.0,6250.0
Andhra Pradesh,Kakinada,Kakinada (Urban) APMC,Paddy(Common),Paddy Medium,FAQ,2026-09-20,2369.0,2460.0,2441.0
Tamil Nadu,Ariyalur,Ariyalur(Uzhavar Sandhai),Brinjal,Round,Local,2026-09-20,4500.0,5000.0,4750.0
Tamil Nadu,Ariyalur,Ariyalur(Uzhavar Sandhai),Beans,Beans (Whole),Local,2026-09-20,8000.0,9000.0,8500.0
Tamil Nadu,Ariyalur,Ariyalur(Uzhavar Sandhai),Beetroot,Beetroot,Local,2026-09-20,4000.0,4500.0,4250.0
Tamil Nadu,Ariyalur,Ariyalur(Uzhavar Sandhai),Chow Chow,Chow Chow,Local,2026-09-20,4000.0,4500.0,4250.0
Madhya Pradesh,Ujjain,Ujjain(F&V) APMC,Bitter gourd,Bitter Gourd,Medium,2026-09-20,415.0,1875.0,963.0
Madhya Pradesh,Ujjain,Ujjain(F&V) APMC,Bhindi(Ladies Finger),Bhindi,Medium,2026-09-20,410.0,1800.0,982.0
Chattisgarh,Raipur,Kharora APMC,Paddy(Common),Mahamaya,Non-FAQ,2026-09-20,1815.0,1815.0,1815.0
Andhra Pradesh,Annamayya,Valmikipuram APMC,Tomato,Hybrid,FAQ,2026-09-20,1400.0,1920.0,1600.0
Haryana,Mahendragarh-Narnaul,Narnaul APMC,Pear(Marasebu),Pears,Medium,2026-09-20,8000.0,9000.0,9000.0
Uttar Pradesh,Amroha,Amroha APMC,Tomato,Other,FAQ,2026-09-20,1300.0,1500.0,1328.97
Uttar Pradesh,Raebarelli,Lalganj APMC,Wood,Other,FAQ,2026-09-20,450.0,450.0,450.0
Rajasthan,Bharatpur,Bayana APMC,Tomato,Other,Local,2026-09-20,2800.0,2800.0,2800.0
Punjab,Gurdaspur,Dhariwal APMC,Cauliflower,Cauliflower,Grade A,2026-09-20,3580.0,3580.0,3580.0
Punjab,Hoshiarpur,Dasuya APMC,Cauliflower,Cauliflower,FAQ,2026-09-20,5000.0,5000.0,5000.0
Punjab,Hoshiarpur,Dasuya APMC,Bhindi(Ladies Finger),Bhindi,FAQ,2026-09-20,3000.0,3000.0,3000.0
Punjab,Hoshiarpur,Dasuya APMC,Green Chilli,Other,FAQ,2026-09-20,2000.0,2000.0,2000.0
Keralam,Thiruvananthapuram,Pappanchani VFPCK Market,Amranthas Red,Chawli Lal,Grade A,2026-09-20,4000.0,4000.0,4000.0
Tamil Nadu,Coimbatore,Sundarapuram(Uzhavar Sandhai ),Sweet Corn,Sweet Corn,Local,2026-09-20,3500.0,4000.0,3750.0
Tamil Nadu,Coimbatore,Sundarapuram(Uzhavar Sandhai ),Banana,Red Banana,Local,2026-09-20,8000.0,8500.0,8250.0
Tamil Nadu,Coimbatore,Sundarapuram(Uzhavar Sandhai ),Potato,Other,Local,2026-09-20,6800.0,7200.0,7000.0
Tamil Nadu,Coimbatore,Sundarapuram(Uzhavar Sandhai ),Cauliflower,Ranchi,Local,2026-09-20,4500.0,5000.0,4750.0
Tamil Nadu,Coimbatore,Sundarapuram(Uzhavar Sandhai ),Coriander(Leaves),I Sort,Local,2026-09-20,4500.0,5000.0,4750.0
Tamil Nadu,Coimbatore,Sundarapuram(Uzhavar Sandhai ),Green Peas,Green Peas,Local,2026-09-20,21000.0,22000.0,21500.0
Tamil Nadu,Coimbatore,Sundarapuram(Uzhavar Sandhai ),Papaya,Papaya,Local,2026-09-20,5000.0,5500.0,5250.0
Tamil Nadu,Coimbatore,Sundarapuram(Uzhavar Sandhai ),Carrot,Pusakesar,Local,2026-09-20,4500.0,5000.0,4750.0
Tamil Nadu,Coimbatore,Sundarapuram(Uzhavar Sandhai ),Cabbage,Cabbage,Local,2026-09-20,2000.0,2500.0,2250.0
Tamil Nadu,Coimbatore,Sundarapuram(Uzhavar Sandhai ),Snakeguard,Snakeguard,Local,2026-09-20,3000.0,3500.0,3250.0
Tamil Nadu,Coimbatore,Sundarapuram(Uzhavar Sandhai ),Thondekai,Thondekai,Local,2026-09-20,3500.0,4000.0,3750.0
Tamil Nadu,Coimbatore,Sundarapuram(Uzhavar Sandhai ),Capsicum,Capsicum,Local,2026-09-20,6000.0,6500.0,6250.0
Tamil Nadu,Coimbatore,Sundarapuram(Uzhavar Sandhai ),Lemon,Lemon,Local,2026-09-20,25000.0,26000.0,25500.0
Haryana,Gurgaon,Gurgaon APMC,Bitter gourd,Other,Grade A,2026-09-20,1000.0,2000.0,1500.0
Haryana,Gurgaon,Gurgaon APMC,Tomato,Other,Grade A,2026-09-20,1000.0,2000.0,1500.0
Andhra Pradesh,Kakinada,Prattipadu APMC,Paddy(Common),1001,FAQ,2026-09-20,2369.0,2389.0,2379.0
Uttar Pradesh,Siddharth Nagar,Bansi APMC,Onion,Other,FAQ,2026-09-20,1800.0,1800.0,1800.0
Punjab,Gurdaspur,Kalanaur APMC,Bottle gourd,Bottle Gourd,Grade A,2026-09-20,1200.0,1200.0,1200.0
Punjab,Tarntaran,Khadur Sahib(Fetehabad) APMC,Bhindi(Ladies Finger),Other,Grade B,2026-09-20,1800.0,1800.0,1800.0
Tamil Nadu,Erode,Sathiyamagalam(Uzhavar Sandhai ),Onion,Bellary,Local,2026-09-20,5500.0,6000.0,5750.0
Tamil Nadu,Erode,Sathiyamagalam(Uzhavar Sandhai ),Cowpea(Veg),Cowpea (Veg),Local,2026-09-20,2000.0,2400.0,2200.0
Tamil Nadu,Erode,Sathiyamagalam(Uzhavar Sandhai ),Ginger(Green),Green Ginger,Local,2026-09-20,15000.0,16000.0,15500.0
Tamil Nadu,Erode,Sathiyamagalam(Uzhavar Sandhai ),Coconut,Coconut,Local,2026-09-20,4500.0,5000.0,4750.0
Tamil Nadu,Erode,Sathiyamagalam(Uzhavar Sandhai ),Cabbage,Cabbage,Local,2026-09-20,2500.0,3000.0,2750.0
Tamil Nadu,Erode,Sathiyamagalam(Uzhavar Sandhai ),Ridgeguard(Tori),Ridgeguard(Tori),Local,2026-09-20,4000.0,4500.0,4250.0
Tamil Nadu,Erode,Sathiyamagalam(Uzhavar Sandhai ),Guava,Guava Allahabad,Local,2026-09-20,5500.0,6000.0,5750.0
Tamil Nadu,Coimbatore,Mettupalayam(Uzhavar Sandhai ),Tomato,Deshi,Local,2026-09-20,2500.0,3000.0,2750.0
Tamil Nadu,Coimbatore,Mettupalayam(Uzhavar Sandhai ),Cluster beans,Cluster Beans,Local,2026-09-20,3500.0,3800.0,3650.0
Tamil Nadu,Coimbatore,Mettupalayam(Uzhavar Sandhai ),Beans,Beans (Whole),Local,2026-09-20,6000.0,7000.0,6500.0
Tamil Nadu,Coimbatore,Mettupalayam(Uzhavar Sandhai ),Mango(Raw-Ripe),Mango - Raw-Ripe,Local,2026-09-20,10000.0,11000.0,10500.0
Tamil Nadu,Coimbatore,Mettupalayam(Uzhavar Sandhai ),Knool Khol,Knool Khol,Local,2026-09-20,4500.0,5000.0,4750.0
Tamil Nadu,Coimbatore,Mettupalayam(Uzhavar Sandhai ),Mint(Pudina),Mint(Pudina),Local,2026-09-20,6000.0,6500.0,6250.0
Tamil Nadu,Coimbatore,Mettupalayam(Uzhavar Sandhai ),Baby Corn,Baby Corn,Grade A,2026-09-20,2500.0,3000.0,2750.0
Tamil Nadu,Coimbatore,Mettupalayam(Uzhavar Sandhai ),Sweet Corn,Sweet Corn,Local,2026-09-20,3500.0,4000.0,3750.0
Uttar Pradesh,Unnao,Purwa APMC,Wheat,Other,FAQ,2026-09-20,2560.0,2560.0,2560.0
Telangana,Hyderabad,RYTHU BAZAR MEHDIPATNAM,Beetroot,Beetroot,Grade A,2026-09-20,2800.0,2800.0,2800.0
Telangana,Hyderabad,RYTHU BAZAR MEHDIPATNAM,Bhindi(Ladies Finger),Bhindi,Grade A,2026-09-20,4000.0,4000.0,4000.0
Telangana,Hyderabad,RYTHU BAZAR MEHDIPATNAM,Carrot,Carrot,Grade A,2026-09-20,5000.0,5000.0,5000.0
Telangana,Hyderabad,RYTHU BAZAR MEHDIPATNAM,Cauliflower,Cauliflower,Grade A,2026-09-20,2100.0,2100.0,2100.0
Uttar Pradesh,Sant Kabir Nagar,Khalilabad APMC,Wheat,Dara,FAQ,2026-09-20,2530.0,2720.0,2599.07
Uttar Pradesh,Bijnor,Najibabad APMC,Wood,Eucalyptus,FAQ,2026-09-20,520.0,520.0,520.0
Tamil Nadu,Namakkal,Tiruchengode APMC,Onion,Bellary,Local,2026-09-20,5800.0,6500.0,6150.0
Tamil Nadu,Namakkal,Tiruchengode APMC,Cauliflower,Ranchi,Local,2026-09-20,3500.0,4000.0,3750.0
Tamil Nadu,Namakkal,Tiruchengode APMC,Mousambi(Sweet Lime),Mousambi,Local,2026-09-20,3500.0,4000.0,3750.0
Tamil Nadu,Namakkal,Tiruchengode APMC,Bitter gourd,Other,Local,2026-09-20,5400.0,6000.0,5700.0
Tamil Nadu,Namakkal,Tiruchengode APMC,Bhindi(Ladies Finger),Bhindi,Local,2026-09-20,3000.0,3500.0,3250.0
Tamil Nadu,Namakkal,Tiruchengode APMC,Tapioca,Tapioca,Local,2026-09-20,3000.0,3500.0,3250.0
Tamil Nadu,Namakkal,Tiruchengode APMC,Coconut,Coconut,Local,2026-09-20,5400.0,6000.0,5700.0
Tamil Nadu,Namakkal,Tiruchengode APMC,Sweet Potato,Hosur Red,Local,2026-09-20,5400.0,6000.0,5700.0
Tamil Nadu,Namakkal,Tiruchengode APMC,Carrot,Pusakesar,Local,2026-09-20,5400.0,6000.0,5700.0
Tamil Nadu,Namakkal,Tiruchengode APMC,Ridgeguard(Tori),Ridgeguard(Tori),Local,2026-09-20,5400.0,6000.0,5700.0
Tamil Nadu,Namakkal,Tiruchengode APMC,Green Avare(W),Other,Local,2026-09-20,6200.0,7000.0,6600.0
Tamil Nadu,Namakkal,Tiruchengode APMC,Chow Chow,Chow Chow,Local,2026-09-20,2600.0,3000.0,2800.0
Telangana,Siddipet,Vantamamidi APMC,Bhindi(Ladies Finger),Bhindi,Local,2026-09-20,1000.0,1500.0,1250.0
Telangana,Siddipet,Vantamamidi APMC,Cucumbar(Kheera),Cucumbar,Local,2026-09-20,1200.0,1600.0,1400.0
Andhra Pradesh,Visakhapatnam,Bhimunipatnam APMC,Ragi(Finger Millet),Local,Local,2026-09-20,5000.0,5000.0,5000.0
Uttar Pradesh,Siddharth Nagar,Naugarh APMC,Wheat,Dara,FAQ,2026-09-20,2500.0,2500.0,2500.0
Telangana,Hyderabad,RYTHU BAZAR ERRAGADDA,Tomato,Deshi,Grade A,2026-09-20,2300.0,2300.0,2300.0
Telangana,Hyderabad,RYTHU BAZAR ERRAGADDA,Brinjal,Brinjal,Grade A,2026-09-20,3500.0,3500.0,3500.0
Telangana,Hyderabad,RYTHU BAZAR ERRAGADDA,Elephant Yam(Suran)/Amorphophallus,Elephant Yam (Suran),Grade A,2026-09-20,3500.0,3500.0,3500.0
Telangana,Hyderabad,RYTHU BAZAR ERRAGADDA,Beetroot,Beetroot,Grade A,2026-09-20,2800.0,2800.0,2800.0
Tamil Nadu,Coimbatore,RSPuram(Uzhavar Sandhai ),Grapes,Annabesahai,Local,2026-09-20,10000.0,11000.0,10500.0
Tamil Nadu,Coimbatore,RSPuram(Uzhavar Sandhai ),Garlic,Garlic,Local,2026-09-20,22000.0,23600.0,22800.0
Tamil Nadu,Coimbatore,RSPuram(Uzhavar Sandhai ),Water Melon,Water Melon,Local,2026-09-20,1500.0,2000.0,1750.0
Tamil Nadu,Coimbatore,RSPuram(Uzhavar Sandhai ),Beans,Beans (Whole),Local,2026-09-20,6500.0,7000.0,6750.0
Tamil Nadu,Coimbatore,RSPuram(Uzhavar Sandhai ),Sweet Potato,Hosur Red,Local,2026-09-20,5500.0,6000.0,5750.0
Tamil Nadu,Coimbatore,RSPuram(Uzhavar Sandhai ),Carrot,Pusakesar,Local,2026-09-20,4000.0,4700.0,4350.0
Tamil Nadu,Coimbatore,RSPuram(Uzhavar Sandhai ),Snakeguard,Snakeguard,Local,2026-09-20,2600.0,3000.0,2800.0
Tamil Nadu,Coimbatore,RSPuram(Uzhavar Sandhai ),Cucumbar(Kheera),Cucumbar,Local,2026-09-20,4200.0,4600.0,4400.0
Tamil Nadu,Coimbatore,RSPuram(Uzhavar Sandhai ),Knool Khol,Knool Khol,Local,2026-09-20,3200.0,3800.0,3500.0
Tamil Nadu,Coimbatore,RSPuram(Uzhavar Sandhai ),Pomegranate,Pomogranate,Local,2026-09-20,15000.0,17000.0,16000.0
Tamil Nadu,Coimbatore,RSPuram(Uzhavar Sandhai ),Mashrooms,Mashrooms,Local,2026-09-20,20000.0,25000.0,22500.0
Tamil Nadu,Coimbatore,RSPuram(Uzhavar Sandhai ),Custard Apple(Sharifa),Custard Apple(Sharifa),Local,2026-09-20,5000.0,6000.0,5500.0
Tamil Nadu,Coimbatore,RSPuram(Uzhavar Sandhai ),Mint(Pudina),Mint(Pudina),Local,2026-09-20,5500.0,6000.0,5750.0
Tamil Nadu,Coimbatore,Singanallur(Uzhavar Sandhai ),Orange,Darjeeling,Local,2026-09-20,14000.0,17000.0,15500.0
Tamil Nadu,Coimbatore,Singanallur(Uzhavar Sandhai ),Brinjal,Round,Local,2026-09-20,3600.0,5000.0,4300.0
Tamil Nadu,Coimbatore,Singanallur(Uzhavar Sandhai ),Cluster beans,Cluster Beans,Local,2026-09-20,3400.0,3800.0,3600.0
Tamil Nadu,Coimbatore,Singanallur(Uzhavar Sandhai ),Amaranthus,Amaranthus,Local,2026-09-20,5000.0,6000.0,5500.0
Tamil Nadu,Coimbatore,Singanallur(Uzhavar Sandhai ),Banana - Green,Banana - Green,Local,2026-09-20,4000.0,4500.0,4250.0
Tamil Nadu,Coimbatore,Singanallur(Uzhavar Sandhai ),Coconut,Coconut,Local,2026-09-20,5600.0,6000.0,5800.0
Tamil Nadu,Coimbatore,Singanallur(Uzhavar Sandhai ),Cucumbar(Kheera),Cucumbar,Local,2026-09-20,4000.0,4500.0,4250.0
Tamil Nadu,Coimbatore,Singanallur(Uzhavar Sandhai ),Chow Chow,Chow Chow,Local,2026-09-20,3200.0,3500.0,3350.0
Tamil Nadu,Coimbatore,Singanallur(Uzhavar Sandhai ),Yam(Ratalu),Yam (Ratalu),Local,2026-09-20,7400.0,8000.0,7700.0
Tamil Nadu,Coimbatore,Singanallur(Uzhavar Sandhai ),Colacasia,Colacasia,Local,2026-09-20,4600.0,5000.0,4800.0
Odisha,Mayurbhanja,Narasinghpur APMC,Bitter gourd,Bitter Gourd,Local,2026-09-20,3000.0,6000.0,4000.0
Tamil Nadu,Coimbatore,Pollachi(Uzhavar Sandhai ),Cauliflower,Ranchi,Local,2026-09-20,4500.0,5000.0,4750.0
Tamil Nadu,Coimbatore,Pollachi(Uzhavar Sandhai ),Coriander(Leaves),I Sort,Local,2026-09-20,5000.0,6000.0,5500.0
Tamil Nadu,Coimbatore,Pollachi(Uzhavar Sandhai ),Papaya,Papaya,Local,2026-09-20,4000.0,4500.0,4250.0
Tamil Nadu,Coimbatore,Pollachi(Uzhavar Sandhai ),Pumpkin,Pumpkin,Local,2026-09-20,2000.0,2500.0,2250.0
Tamil Nadu,Coimbatore,Pollachi(Uzhavar Sandhai ),Cowpea(Veg),Cowpea (Veg),Local,2026-09-20,4000.0,4500.0,4250.0
Tamil Nadu,Coimbatore,Pollachi(Uzhavar Sandhai ),Banana - Green,Banana - Green,Local,2026-09-20,4000.0,4500.0,4250.0
Tamil Nadu,Coimbatore,Pollachi(Uzhavar Sandhai ),Cabbage,Cabbage,Local,2026-09-20,3000.0,3500.0,3250.0
Tamil Nadu,Coimbatore,Pollachi(Uzhavar Sandhai ),Ridgeguard(Tori),Ridgeguard(Tori),Local,2026-09-20,4500.0,5000.0,4750.0
Tamil Nadu,Coimbatore,Pollachi(Uzhavar Sandhai ),Raddish,Raddish,Local,2026-09-20,3000.0,3500.0,3250.0
Tamil Nadu,Coimbatore,Pollachi(Uzhavar Sandhai ),Thondekai,Thondekai,Local,2026-09-20,4000.0,4500.0,4250.0
Tamil Nadu,Coimbatore,Pollachi(Uzhavar Sandhai ),Drumstick,Drumstick,Local,2026-09-20,3500.0,4000.0,3750.0
Odisha,Bargarh,Godbhaga APMC,Bhindi(Ladies Finger),Other,Local,2026-09-20,3400.0,3800.0,3600.0
Uttar Pradesh,Amroha,Dhanaura APMC,Tomato,Other,FAQ,2026-09-20,2300.0,2300.0,2300.0
Telangana,Ranga Reddy,"Vanasthalipuram,RBZ",Carrot,Carrot,Grade A,2026-09-20,5000.0,5000.0,5000.0
Telangana,Ranga Reddy,"Vanasthalipuram,RBZ",Bitter gourd,Bitter Gourd,Grade A,2026-09-20,3200.0,3200.0,3200.0
Telangana,Ranga Reddy,"Vanasthalipuram,RBZ",Colacasia,Colacasia,Grade A,2026-09-20,2800.0,2800.0,2800.0
Telangana,Ranga Reddy,"Vanasthalipuram,RBZ",Cluster beans,Cluster Beans,Grade A,2026-09-20,4000.0,4000.0,4000.0
Telangana,Ranga Reddy,"Vanasthalipuram,RBZ",Wild Cucumber,Wild Cucumber,Grade A,2026-09-20,2300.0,2300.0,2300.0
Telangana,Ranga Reddy,"Vanasthalipuram,RBZ",Banana - Green,Banana - Green,Grade A,2026-09-20,4000.0,4000.0,4000.0
Telangana,Ranga Reddy,"Vanasthalipuram,RBZ",Drumstick,Drumstick,Grade A,2026-09-20,4500.0,4500.0,4500.0
Telangana,Ranga Reddy,"Vanasthalipuram,RBZ",Other green and fresh vegetables,Other,Grade A,2026-09-20,2000.0,2000.0,2000.0
Telangana,Ranga Reddy,"Vanasthalipuram,RBZ",French Beans(Frasbean),Other,Grade A,2026-09-20,5500.0,5500.0,5500.0
Tamil Nadu,Karur,Karur(Uzhavar Sandhai ),Potato,Other,Local,2026-09-20,5500.0,6000.0,5750.0
Tamil Nadu,Karur,Karur(Uzhavar Sandhai ),Amaranthus,Amaranthus,Local,2026-09-20,2000.0,2500.0,2250.0
Tamil Nadu,Karur,Karur(Uzhavar Sandhai ),Beans,Beans (Whole),Local,2026-09-20,7500.0,8000.0,7750.0
Tamil Nadu,Karur,Karur(Uzhavar Sandhai ),Snakeguard,Snakeguard,Local,2026-09-20,3000.0,3500.0,3250.0
Tamil Nadu,Karur,Karur(Uzhavar Sandhai ),Onion Green,Onion Green,Local,2026-09-20,9000.0,9500.0,9250.0
Tripura,South Tripura,Biokhora,Carrot,Carrot,FAQ,2026-09-20,7850.0,8000.0,7900.0
Tamil Nadu,Coimbatore,Kurichi(Uzhavar Sandhai ),Tomato,Local,Local,2026-09-20,2800.0,3200.0,3000.0
Tamil Nadu,Coimbatore,Kurichi(Uzhavar Sandhai ),Bitter gourd,Other,Local,2026-09-20,4500.0,5200.0,4850.0
Tamil Nadu,Coimbatore,Kurichi(Uzhavar Sandhai ),Banana - Green,Banana - Green,Local,2026-09-20,4000.0,4500.0,4250.0
Tamil Nadu,Coimbatore,Kurichi(Uzhavar Sandhai ),Snakeguard,Snakeguard,Local,2026-09-20,3000.0,3500.0,3250.0
Tamil Nadu,Coimbatore,Kurichi(Uzhavar Sandhai ),Drumstick,Drumstick,Local,2026-09-20,3500.0,4000.0,3750.0
Tamil Nadu,Coimbatore,Kurichi(Uzhavar Sandhai ),Guava,Guava Allahabad,Local,2026-09-20,5500.0,6000.0,5750.0
Tamil Nadu,Cuddalore,Chidambaram(Uzhavar Sandhai ),Onion,Bellary,Local,2026-09-20,5500.0,5500.0,5500.0
Tamil Nadu,Cuddalore,Chidambaram(Uzhavar Sandhai ),Banana - Green,Banana - Green,Local,2026-09-20,2500.0,3000.0,2750.0
Tamil Nadu,Cuddalore,Chidambaram(Uzhavar Sandhai ),Snakeguard,Snakeguard,Local,2026-09-20,3000.0,3000.0,3000.0
Tamil Nadu,Cuddalore,Cuddalore(Uzhavar Sandhai ),Tomato,Deshi,Local,2026-09-20,2800.0,3000.0,2900.0
Tamil Nadu,Cuddalore,Cuddalore(Uzhavar Sandhai ),Green Chilli,Green Chilly,Local,2026-09-20,5000.0,6000.0,5500.0
Tamil Nadu,Cuddalore,Cuddalore(Uzhavar Sandhai ),Ginger(Green),Green Ginger,Local,2026-09-20,18000.0,18000.0,18000.0
Tamil Nadu,Cuddalore,Cuddalore(Uzhavar Sandhai ),Coconut,Coconut,Local,2026-09-20,6000.0,7000.0,6500.0
Tamil Nadu,Cuddalore,Cuddalore(Uzhavar Sandhai ),Mint(Pudina),Mint(Pudina),Local,2026-09-20,4000.0,4000.0,4000.0
Tamil Nadu,Tuticorin,Tuticorin(Uzhavar Sandhai ),Apple,American,Local,2026-09-20,19000.0,20000.0,19500.0
Tamil Nadu,Tuticorin,Tuticorin(Uzhavar Sandhai ),Mango,Safeda,Local,2026-09-20,14000.0,15000.0,14500.0
Tamil Nadu,Tuticorin,Tuticorin(Uzhavar Sandhai ),Cauliflower,Ranchi,Local,2026-09-20,4500.0,5000.0,4750.0
Tamil Nadu,Tuticorin,Tuticorin(Uzhavar Sandhai ),Green Peas,Green Peas,Local,2026-09-20,15000.0,16000.0,15500.0
Tamil Nadu,Tuticorin,Tuticorin(Uzhavar Sandhai ),Chikoos(Sapota),Sapota,Local,2026-09-20,5000.0,6000.0,5500.0
Tamil Nadu,Tuticorin,Tuticorin(Uzhavar Sandhai ),Bitter gourd,Other,Local,2026-09-20,5000.0,6000.0,5500.0
Tamil Nadu,Tuticorin,Tuticorin(Uzhavar Sandhai ),Sweet Potato,Hosur Red,Local,2026-09-20,5000.0,6000.0,5500.0
Tamil Nadu,Tuticorin,Tuticorin(Uzhavar Sandhai ),Cabbage,Cabbage,Local,2026-09-20,3000.0,3500.0,3250.0
Tamil Nadu,Tuticorin,Tuticorin(Uzhavar Sandhai ),Cucumbar(Kheera),Cucumbar,Local,2026-09-20,5000.0,6000.0,5500.0
Tamil Nadu,Tuticorin,Tuticorin(Uzhavar Sandhai ),Ridgeguard(Tori),Ridgeguard(Tori),Local,2026-09-20,4500.0,5000.0,4750.0
Tamil Nadu,Tuticorin,Tuticorin(Uzhavar Sandhai ),Jack Fruit(Ripe),Jack Fruit,Local,2026-09-20,5000.0,6000.0,5500.0
Tamil Nadu,Tuticorin,Tuticorin(Uzhavar Sandhai ),Guava,Guava Allahabad,Local,2026-09-20,5000.0,6000.0,5500.0
Tamil Nadu,Tuticorin,Tuticorin(Uzhavar Sandhai ),Lemon,Lemon,Local,2026-09-20,27000.0,28000.0,27500.0
Tamil Nadu,Tuticorin,Tuticorin(Uzhavar Sandhai ),Mashrooms,Mashrooms,Local,2026-09-20,24000.0,25000.0,24500.0
Bihar,Madhubani,Madhubani APMC,Tomato,Tomato,FAQ,2026-09-20,3500.0,3700.0,3600.0
Bihar,Madhubani,Madhubani APMC,Cauliflower,Cauliflower,FAQ,2026-09-20,8000.0,8500.0,8200.0
Bihar,Madhubani,Madhubani APMC,Brinjal,Brinjal,FAQ,2026-09-20,3800.0,4000.0,3900.0
Madhya Pradesh,Katni,Katni APMC,Red gram/Arhar/Tur(whole),Arhar Dal(Tur),FAQ,2026-09-20,8882.57,8882.57,8882.57
Assam,Tinsukia,Tinsukia Market,Onion,Onion,FAQ,2026-09-20,4700.0,5300.0,5000.0
Madhya Pradesh,Khargone,Khargone APMC,Wheat,Wheat,Non-FAQ,2026-09-20,1650.0,1650.0,1650.0
Tamil Nadu,Nagercoil (Kannyiakumari),Vadaseri APMC,Onion,Bellary,Local,2026-09-20,7000.0,7500.0,7250.0
Tamil Nadu,Nagercoil (Kannyiakumari),Vadaseri APMC,Brinjal,Round,Local,2026-09-20,5500.0,6000.0,5750.0
Tamil Nadu,Nagercoil (Kannyiakumari),Vadaseri APMC,Ashgourd,Gouard,Local,2026-09-20,2200.0,2500.0,2350.0
Tamil Nadu,Nagercoil (Kannyiakumari),Vadaseri APMC,Beans,Beans (Whole),Local,2026-09-20,11000.0,12000.0,11500.0
Tamil Nadu,Nagercoil (Kannyiakumari),Vadaseri APMC,Coconut,Coconut,Local,2026-09-20,6100.0,6300.0,6200.0
Tamil Nadu,Nagercoil (Kannyiakumari),Vadaseri APMC,Sweet Potato,Hosur Red,Local,2026-09-20,3500.0,4000.0,3750.0
Tamil Nadu,Nagercoil (Kannyiakumari),Vadaseri APMC,Cabbage,Cabbage,Local,2026-09-20,5000.0,5500.0,5250.0
Tamil Nadu,Nagercoil (Kannyiakumari),Vadaseri APMC,Beetroot,Beetroot,Local,2026-09-20,5000.0,5500.0,5250.0
Tamil Nadu,Nagercoil (Kannyiakumari),Vadaseri APMC,Cucumbar(Kheera),Cucumbar,Local,2026-09-20,2200.0,2500.0,2350.0
Tamil Nadu,Nagercoil (Kannyiakumari),Vadaseri APMC,Green Avare(W),Green Avare (W),Local,2026-09-20,3500.0,4000.0,3750.0
Tamil Nadu,Nagercoil (Kannyiakumari),Vadaseri APMC,Chow Chow,Chow Chow,Local,2026-09-20,4300.0,4800.0,4550.0
Tamil Nadu,Nagercoil (Kannyiakumari),Vadaseri APMC,Jack Fruit(Ripe),Jack Fruit,Local,2026-09-20,3000.0,3500.0,3250.0
Tamil Nadu,Nagercoil (Kannyiakumari),Vadaseri APMC,Mint(Pudina),Mint(Pudina),Local,2026-09-20,7500.0,8000.0,7750.0
Maharashtra,Ahilyanagar,APMC Rahata,Green Peas,Other,Local,2026-09-20,6500.0,7000.0,6750.0
Maharashtra,Ahilyanagar,APMC Rahata,Lime,Other,Local,2026-09-20,7000.0,10000.0,8500.0
Maharashtra,Ahilyanagar,APMC Rahata,Carrot,Other,Local,2026-09-20,1500.0,2000.0,1750.0
Maharashtra,Ahilyanagar,APMC Rahata,Cucumbar(Kheera),Other,Local,2026-09-20,500.0,1500.0,1000.0
Maharashtra,Ahilyanagar,APMC Rahata,Garlic,Other,Local,2026-09-20,8000.0,12000.0,10000.0
Maharashtra,Ahilyanagar,APMC Rahata,Little gourd(Kundru),Other,Local,2026-09-20,2000.0,2000.0,2000.0
Madhya Pradesh,Morena,Kailaras APMC,Other green and fresh vegetables,Other green and fresh vegetables,FAQ,2026-09-20,2500.0,5500.0,5500.0
Madhya Pradesh,Morena,Kailaras APMC,Lemon,Lemon,Medium,2026-09-20,6000.0,6000.0,6000.0
Madhya Pradesh,Morena,Kailaras APMC,Onion,Other,FAQ,2026-09-20,3200.0,3200.0,3200.0
Madhya Pradesh,Morena,Kailaras APMC,Bottle gourd,Other,FAQ,2026-09-20,400.0,1000.0,1000.0
Madhya Pradesh,Mandla,Mandla APMC,Wheat,Mill Quality,Non-FAQ,2026-09-20,2420.0,2450.0,2450.0
Madhya Pradesh,Mandla,Mandla APMC,Paddy(Common),Common,Non-FAQ,2026-09-20,1950.0,2200.0,2015.0
Madhya Pradesh,Chhindwara,Chaurai APMC,Maize,Yellow,FAQ,2026-09-20,2635.0,2635.0,2635.0
Tamil Nadu,Vellore,Thirupathur APMC,Sweet Corn,Sweet Corn,Local,2026-09-20,3000.0,3000.0,3000.0
Tamil Nadu,Vellore,Thirupathur APMC,Groundnut,Big (With Shell),Local,2026-09-20,6000.0,6000.0,6000.0
Tamil Nadu,Vellore,Thirupathur APMC,Banana,Besrai,Local,2026-09-20,4000.0,4000.0,4000.0
Tamil Nadu,Vellore,Thirupathur APMC,Cluster beans,Cluster Beans,Local,2026-09-20,4000.0,4000.0,4000.0
Tamil Nadu,Vellore,Thirupathur APMC,Banana - Green,Banana - Green,Local,2026-09-20,2500.0,2500.0,2500.0
Tamil Nadu,Vellore,Thirupathur APMC,Carrot,Pusakesar,Local,2026-09-20,6400.0,6400.0,6400.0
Tamil Nadu,Vellore,Thirupathur APMC,Cabbage,Cabbage,Local,2026-09-20,3400.0,3400.0,3400.0
Tamil Nadu,Vellore,Thirupathur APMC,Cucumbar(Kheera),Cucumbar,Local,2026-09-20,4000.0,4000.0,4000.0
Tamil Nadu,Vellore,Thirupathur APMC,Thondekai,Thondekai,Local,2026-09-20,4000.0,4000.0,4000.0
Tamil Nadu,Vellore,Thirupathur APMC,Capsicum,Capsicum,Local,2026-09-20,5000.0,5000.0,5000.0
Tamil Nadu,Vellore,Thirupathur APMC,Green Avare(W),Green Avare (W),Local,2026-09-20,7000.0,7000.0,7000.0
Tamil Nadu,Vellore,Thirupathur APMC,Chow Chow,Chow Chow,Local,2026-09-20,3000.0,3000.0,3000.0
Tamil Nadu,Vellore,Thirupathur APMC,Mint(Pudina),Mint(Pudina),Local,2026-09-20,5000.0,5000.0,5000.0
Tamil Nadu,Vellore,Vellore APMC,Potato,Red Nanital,Local,2026-09-20,2200.0,2200.0,2200.0
Tamil Nadu,Vellore,Vellore APMC,Garlic,Garlic,Local,2026-09-20,22000.0,22000.0,22000.0
Tamil Nadu,Vellore,Vellore APMC,Brinjal,Other,Local,2026-09-20,5000.0,5000.0,5000.0
Tamil Nadu,Vellore,Vellore APMC,Papaya,Papaya,Local,2026-09-20,4500.0,4500.0,4500.0
Tamil Nadu,Vellore,Vellore APMC,Cluster beans,Cluster Beans,Local,2026-09-20,3500.0,3500.0,3500.0
Tamil Nadu,Vellore,Vellore APMC,Ridgeguard(Tori),Ridgeguard(Tori),Local,2026-09-20,3500.0,3500.0,3500.0
Tamil Nadu,Vellore,Vellore APMC,Raddish,Raddish,Local,2026-09-20,2000.0,2000.0,2000.0
Tamil Nadu,Vellore,Vellore APMC,Chow Chow,Chow Chow,Local,2026-09-20,3500.0,3500.0,3500.0
Tamil Nadu,Vellore,Vellore APMC,Marigold(Calcutta),Marigold(Calcutta),Local,2026-09-20,20000.0,20000.0,20000.0
Tamil Nadu,Vellore,Vellore APMC,Yam(Ratalu),Yam (Ratalu),Local,2026-09-20,5000.0,5000.0,5000.0
Tamil Nadu,Vellore,Vellore APMC,Indian Beans(Seam),Indian Beans (Seam),Local,2026-09-20,5000.0,5000.0,5000.0
Chattisgarh,Surajpur,Surajpur APMC,Paddy(Common),Mahamaya,Non-FAQ,2026-09-20,2390.0,2390.0,2390.0
Madhya Pradesh,Rajgarh,Biaora APMC,Soyabean,Soyabeen,FAQ,2026-09-20,2900.0,5395.0,5200.0
Madhya Pradesh,Rajgarh,Biaora APMC,Mustard,Mustard,FAQ,2026-09-20,6500.0,7000.0,6500.0
Madhya Pradesh,Rajgarh,Biaora APMC,Green Gram(Moong)(Whole),Green (Whole),FAQ,2026-09-20,6800.0,6800.0,6800.0
Tamil Nadu,Dharmapuri,Harur(Uzhavar Sandhai ),Onion,Bellary,Local,2026-09-20,6000.0,6500.0,6250.0
Tamil Nadu,Dharmapuri,Harur(Uzhavar Sandhai ),Cauliflower,Ranchi,Local,2026-09-20,3500.0,4000.0,3750.0
Tamil Nadu,Dharmapuri,Harur(Uzhavar Sandhai ),Bitter gourd,Bitter Gourd,Local,2026-09-20,5000.0,6000.0,5500.0
Tamil Nadu,Dharmapuri,Harur(Uzhavar Sandhai ),Bottle gourd,Bottle Gourd,Local,2026-09-20,2000.0,2500.0,2250.0
Tamil Nadu,Dharmapuri,Harur(Uzhavar Sandhai ),Pumpkin,Pumpkin,Local,2026-09-20,1500.0,2000.0,1750.0
Tamil Nadu,Dharmapuri,Harur(Uzhavar Sandhai ),Green Chilli,Green Chilly,Local,2026-09-20,4500.0,5000.0,4750.0
Tamil Nadu,Dharmapuri,Harur(Uzhavar Sandhai ),Cabbage,Cabbage,Local,2026-09-20,2500.0,3000.0,2750.0
Tamil Nadu,Dharmapuri,Harur(Uzhavar Sandhai ),Cucumbar(Kheera),Cucumbar,Local,2026-09-20,4500.0,5000.0,4750.0
Tamil Nadu,Dharmapuri,Harur(Uzhavar Sandhai ),Capsicum,Capsicum,Local,2026-09-20,6000.0,7000.0,6500.0
Tamil Nadu,Dharmapuri,Harur(Uzhavar Sandhai ),Amla(Nelli Kai),Amla,Local,2026-09-20,6000.0,7000.0,6500.0
Tamil Nadu,Dharmapuri,Harur(Uzhavar Sandhai ),Mint(Pudina),Mint(Pudina),Local,2026-09-20,3500.0,4000.0,3750.0
Tamil Nadu,Krishnagiri,Kaveripattinam(Uzhavar Sandhai ),Brinjal,Round,Local,2026-09-20,3000.0,4000.0,3500.0
Tamil Nadu,Krishnagiri,Kaveripattinam(Uzhavar Sandhai ),Bitter gourd,Bitter Gourd,Local,2026-09-20,5000.0,5000.0,5000.0
Tamil Nadu,Krishnagiri,Kaveripattinam(Uzhavar Sandhai ),Ashgourd,Gouard,Local,2026-09-20,2000.0,2000.0,2000.0
Tamil Nadu,Krishnagiri,Kaveripattinam(Uzhavar Sandhai ),Banana - Green,Banana - Green,Local,2026-09-20,2500.0,3000.0,2750.0
Tamil Nadu,Krishnagiri,Kaveripattinam(Uzhavar Sandhai ),Ginger(Green),Green Ginger,Local,2026-09-20,14000.0,14000.0,14000.0
Tamil Nadu,The Nilgiris,Coonoor(Uzhavar Sandhai ),Amaranthus,Amaranthus,Local,2026-09-20,4000.0,4500.0,4250.0
Tamil Nadu,The Nilgiris,Coonoor(Uzhavar Sandhai ),Ridgeguard(Tori),Ridgeguard(Tori),Local,2026-09-20,4500.0,4800.0,4650.0
Tamil Nadu,The Nilgiris,Coonoor(Uzhavar Sandhai ),Chow Chow,Chow Chow,Local,2026-09-20,2200.0,2500.0,2350.0
Tamil Nadu,The Nilgiris,Coonoor(Uzhavar Sandhai ),Elephant Yam(Suran)/Amorphophallus,Elephant Yam (Suran),Local,2026-09-20,4000.0,4400.0,4200.0
Tamil Nadu,The Nilgiris,Gudalur(Uzhavar Sandhai ),Garlic,Garlic,Local,2026-09-20,18000.0,20000.0,19000.0
Tamil Nadu,The Nilgiris,Gudalur(Uzhavar Sandhai ),Cauliflower,Ranchi,Local,2026-09-20,3500.0,4000.0,3750.0
Tamil Nadu,The Nilgiris,Gudalur(Uzhavar Sandhai ),Bottle gourd,Bottle Gourd,Local,2026-09-20,2500.0,3000.0,2750.0
Tamil Nadu,The Nilgiris,Gudalur(Uzhavar Sandhai ),Green Chilli,Green Chilly,Local,2026-09-20,4500.0,5000.0,4750.0
Tamil Nadu,The Nilgiris,Gudalur(Uzhavar Sandhai ),Cowpea(Veg),Cowpea (Veg),Local,2026-09-20,3000.0,3500.0,3250.0
Tamil Nadu,The Nilgiris,Gudalur(Uzhavar Sandhai ),Carrot,Pusakesar,Local,2026-09-20,3500.0,4500.0,4000.0
Tamil Nadu,The Nilgiris,Gudalur(Uzhavar Sandhai ),Snakeguard,Snakeguard,Local,2026-09-20,3500.0,4000.0,3750.0
Tamil Nadu,The Nilgiris,Gudalur(Uzhavar Sandhai ),Capsicum,Capsicum,Local,2026-09-20,5000.0,6000.0,5500.0
Tamil Nadu,The Nilgiris,Gudalur(Uzhavar Sandhai ),Drumstick,Drumstick,Local,2026-09-20,3500.0,4000.0,3750.0
Tamil Nadu,The Nilgiris,Gudalur(Uzhavar Sandhai ),Onion Green,Onion Green,Local,2026-09-20,8500.0,9000.0,8750.0
Odisha,Angul,Angul APMC,Bhindi(Ladies Finger),Other,Grade B,2026-09-20,3200.0,3200.0,3200.0
Odisha,Angul,Angul APMC,Pointed gourd(Parval),Other,Grade B,2026-09-20,4500.0,4500.0,4500.0
Himachal Pradesh,Kullu,SMY Bhuntar,Bottle gourd,Other,FAQ,2026-09-20,1000.0,1200.0,1100.0
Himachal Pradesh,Kullu,SMY Bhuntar,Spinach,Other,FAQ,2026-09-20,5000.0,5500.0,5200.0
Himachal Pradesh,Kullu,SMY Bhuntar,Green Chilli,Other,FAQ,2026-09-20,4500.0,5000.0,4800.0
Himachal Pradesh,Kullu,SMY Bhuntar,Banana,Other,Medium,2026-09-20,3600.0,3800.0,3700.0
Himachal Pradesh,Kullu,SMY Bhuntar,Pomegranate,Other,Medium,2026-09-20,4000.0,12000.0,8000.0
Punjab,Tarntaran,Patti APMC,Bhindi(Ladies Finger),Other,Local,2026-09-20,0.02,0.02,0.02
Punjab,Tarntaran,Patti APMC,Cauliflower,Other,Local,2026-09-20,250.0,250.0,250.0
Punjab,Tarntaran,Patti APMC,Raddish,Raddish,Local,2026-09-20,4.8,4.8,4.8
Uttarakhand,Dehradoon,Vikasnagar APMC,Guava,Other,Medium,2026-09-20,1600.0,2100.0,2100.0
Haryana,Faridabad,Ballabhgarh APMC,Bhindi(Ladies Finger),Other,FAQ,2026-09-20,1200.0,1800.0,1500.0
Haryana,Faridabad,Ballabhgarh APMC,Apple,Other,Grade A,2026-09-20,7000.0,8000.0,7500.0
Odisha,Jharsuguda,Jharsuguda APMC,Tomato,Other,Grade A,2026-09-20,3000.0,4000.0,3500.0
Haryana,Hissar,Hansi APMC,Guava,Other,Grade B,2026-09-20,4000.0,5000.0,4500.0
Haryana,Hissar,Hansi APMC,Brinjal,Other,FAQ,2026-09-20,800.0,1000.0,900.0
Haryana,Hissar,Hansi APMC,Cauliflower,Other,FAQ,2026-09-20,4000.0,5000.0,4500.0
Haryana,Hissar,Hansi APMC,Cucumbar(Kheera),Other,FAQ,2026-09-20,2000.0,3000.0,2500.0
Haryana,Hissar,Hansi APMC,Bhindi(Ladies Finger),Other,FAQ,2026-09-20,1800.0,2000.0,1900.0
Haryana,Hissar,Hansi APMC,Tomato,Other,FAQ,2026-09-20,2500.0,3000.0,2750.0
Telangana,Medchal Malkajgiri,"Kukatpally,RBZ",Tomato,Deshi,Local,2026-09-20,2300.0,2300.0,2300.0
Telangana,Medchal Malkajgiri,"Kukatpally,RBZ",Bhindi(Ladies Finger),Bhindi,Local,2026-09-20,4000.0,4000.0,4000.0
Telangana,Medchal Malkajgiri,"Kukatpally,RBZ",Cauliflower,African Sarson,Local,2026-09-20,2100.0,2100.0,2100.0
Telangana,Medchal Malkajgiri,"Kukatpally,RBZ",Wild Cucumber,Wild Cucumber,Grade A,2026-09-20,2300.0,2300.0,2300.0
Telangana,Medchal Malkajgiri,"Kukatpally,RBZ",Beetroot,Beetroot,Local,2026-09-20,2800.0,2800.0,2800.0
Telangana,Medchal Malkajgiri,"Kukatpally,RBZ",Colacasia,Colacasia,Local,2026-09-20,2800.0,2800.0,2800.0
Uttarakhand,Haridwar,Lakshar APMC,Wheat,Other,Local,2026-09-20,2585.0,2600.0,2600.0
Keralam,Kollam,Chathanoor Market,Brinjal,Other,FAQ,2026-09-20,4000.0,5000.0,4500.0
Keralam,Kollam,Chathanoor Market,Pumpkin,Other,FAQ,2026-09-20,2000.0,2700.0,2400.0
Keralam,Kollam,Chathanoor Market,Banana,Banana - Ripe,Medium,2026-09-20,6500.0,7500.0,7000.0
Keralam,Kollam,Chathanoor Market,Banana,Palayamthodan,Medium,2026-09-20,3000.0,4000.0,3500.0
Keralam,Kollam,Chathanoor Market,Tomato,Other,FAQ,2026-09-20,3500.0,4500.0,4000.0
Himachal Pradesh,Kullu,SMY Banjar,Apple,Other,Local,2026-09-20,1000.0,5000.0,2800.0
Tripura,Dhalai,Kulai APMC,Pointed gourd(Parval),Pointed gourd (Parval),Grade B,2026-09-20,5500.0,6000.0,5800.0
Tripura,Dhalai,Kulai APMC,Banana - Green,Banana - Green,Grade B,2026-09-20,2000.0,2500.0,2200.0
Tripura,Dhalai,Kulai APMC,Bitter gourd,Bitter Gourd,Grade B,2026-09-20,9500.0,10000.0,9800.0
Tripura,Dhalai,Kulai APMC,Ridgeguard(Tori),Ridgeguard(Tori),Grade B,2026-09-20,7500.0,8000.0,7700.0
Andhra Pradesh,Prakasam,Maddipadu APMC,Paddy(Common),B P T,FAQ,2026-09-20,2800.0,2800.0,2800.0
Keralam,Kozhikode(Calicut),Mukkom Market,Bitter gourd,Bitter Gourd,FAQ,2026-09-20,6400.0,6800.0,6600.0
Keralam,Kozhikode(Calicut),Mukkom Market,Bottle gourd,Bottle Gourd,FAQ,2026-09-20,3000.0,3300.0,3100.0
Keralam,Kozhikode(Calicut),Mukkom Market,Drumstick,Drumstick,FAQ,2026-09-20,4600.0,4900.0,4700.0
Keralam,Kozhikode(Calicut),Mukkom Market,Orange,Other,Large,2026-09-20,10000.0,11000.0,10500.0
Keralam,Kozhikode(Calicut),Mukkom Market,Coconut,Other,FAQ,2026-09-20,6000.0,6400.0,6200.0
Telangana,Ranga Reddy,"Saroornagar,RBZ",Cabbage,Other,Medium,2026-09-20,1300.0,1300.0,1300.0
Telangana,Ranga Reddy,"Saroornagar,RBZ",Snakeguard,Snakeguard,Medium,2026-09-20,1800.0,1800.0,1800.0
Telangana,Ranga Reddy,"Saroornagar,RBZ",Brinjal,Other,Medium,2026-09-20,3500.0,3500.0,3500.0
Telangana,Ranga Reddy,"Saroornagar,RBZ",French Beans(Frasbean),Other,Medium,2026-09-20,5500.0,5500.0,5500.0
Telangana,Hyderabad,RYTHU BAZAR FALAKNUMA,Brinjal,Brinjal,Grade A,2026-09-20,3500.0,3500.0,3500.0
Telangana,Hyderabad,RYTHU BAZAR FALAKNUMA,Cabbage,Cabbage,Grade A,2026-09-20,1300.0,1300.0,1300.0
Telangana,Hyderabad,RYTHU BAZAR FALAKNUMA,Potato,Potato,Grade A,2026-09-20,2000.0,2000.0,2000.0
Telangana,Hyderabad,RYTHU BAZAR FALAKNUMA,Colacasia,Colacasia,Grade A,2026-09-20,2800.0,2800.0,2800.0
Andhra Pradesh,Annamayya,Somala APMC,Tomato,Tomato,FAQ,2026-09-20,900.0,1300.0,1100.0
Keralam,Idukki,Kattappana Market,Banana - Green,Other,Medium,2026-09-20,6000.0,6800.0,6500.0
Keralam,Idukki,Kattappana Market,Drumstick,Other,Medium,2026-09-20,4500.0,5500.0,4800.0
Keralam,Idukki,Kattappana Market,Tomato,Other,Medium,2026-09-20,4500.0,5400.0,5000.0
Keralam,Idukki,Kattappana Market,Apple,Other,Grade A,2026-09-20,32000.0,33500.0,33000.0
Keralam,Idukki,Kattappana Market,Banana,Poovan,Medium,2026-09-20,4800.0,5800.0,5500.0
Keralam,Idukki,Kattappana Market,Pineapple,Other,Medium,2026-09-20,4800.0,6000.0,5500.0
Keralam,Idukki,Kattappana Market,Water Melon,Other,Medium,2026-09-20,1800.0,2100.0,2100.0
Haryana,Rewari,Kosli APMC,Bottle gourd,Bottle Gourd,FAQ,2026-09-20,1000.0,1000.0,1000.0
Haryana,Sonipat,Ganaur APMC,Capsicum,Capsicum,Medium,2026-09-20,5000.0,6000.0,5500.0
Haryana,Sonipat,Ganaur APMC,Banana,Banana - Ripe,Medium,2026-09-20,3000.0,4000.0,3500.0
Punjab,Gurdaspur,Quadian APMC,Apple,Other,Grade A,2026-09-20,3800.0,4000.0,3900.0
Punjab,Gurdaspur,Quadian APMC,Banana,Other,Grade A,2026-09-20,2300.0,2500.0,2400.0
Punjab,Gurdaspur,Quadian APMC,Capsicum,Other,Grade A,2026-09-20,3500.0,3700.0,3600.0
Punjab,Gurdaspur,Quadian APMC,Cabbage,Other,Grade A,2026-09-20,1000.0,1200.0,1100.0
Punjab,Gurdaspur,Quadian APMC,Potato,Other,Grade A,2026-09-20,400.0,600.0,500.0
Keralam,Kollam,Anchal Market,Bhindi(Ladies Finger),Bhindi,Local,2026-09-20,5400.0,5400.0,5400.0
Keralam,Kollam,Anchal Market,Brinjal,Brinjal,Local,2026-09-20,4600.0,4600.0,4600.0
Keralam,Kollam,Anchal Market,Cucumbar(Kheera),Cucumbar,Local,2026-09-20,3400.0,3400.0,3400.0
Keralam,Kollam,Anchal Market,Onion,Big,Local,2026-09-20,4200.0,4200.0,4200.0
Keralam,Kollam,Anchal Market,Tomato,Tomato,Local,2026-09-20,4600.0,4600.0,4600.0
Keralam,Kollam,Anchal Market,Pineapple,Other,Local,2026-09-20,7200.0,7200.0,7200.0
Rajasthan,Jhunjhunu,Surajgarh APMC,Bajra(Pearl Millet/Cumbu),Other,Local,2026-09-20,2350.0,2350.0,2350.0
Rajasthan,Jalore,Jalore APMC,Banana - Green,Other,Local,2026-09-20,3500.0,4000.0,3800.0
Rajasthan,Jalore,Jalore APMC,Ridgeguard(Tori),Other,Local,2026-09-20,1800.0,2000.0,1900.0
Rajasthan,Jalore,Jalore APMC,Tomato,Tomato,Local,2026-09-20,1500.0,2000.0,1800.0
Rajasthan,Jalore,Jalore APMC,Cluster beans,Other,Local,2026-09-20,3500.0,4000.0,3800.0
Madhya Pradesh,Dewas,Haatpipliya (F&V) APMC,Cauliflower,Cauliflower,Local,2026-09-20,1600.0,2000.0,1800.0
Madhya Pradesh,Dewas,Haatpipliya (F&V) APMC,Green Chilli,Green Chilly,Local,2026-09-20,2600.0,3400.0,2900.0
Keralam,Kollam,Sasthamkotta Market,Cowpea(Veg),Other,Local,2026-09-20,5000.0,5000.0,5000.0
Keralam,Kollam,Sasthamkotta Market,Pumpkin,Other,Local,2026-09-20,2200.0,2200.0,2200.0
Keralam,Kollam,Sasthamkotta Market,Tapioca,Other,Local,2026-09-20,5000.0,5000.0,5000.0
Keralam,Kollam,Sasthamkotta Market,Banana,Nendra Bale,Local,2026-09-20,8000.0,8000.0,8000.0
Keralam,Kollam,Sasthamkotta Market,Banana,Poovan,Local,2026-09-20,4000.0,4000.0,4000.0
Keralam,Alappuzha,Harippad Market,Ashgourd,Other,FAQ,2026-09-20,4000.0,4500.0,4000.0
Punjab,Patiala,Rajpura APMC,Bottle gourd,Other,Grade B,2026-09-20,1500.0,1800.0,1600.0
Punjab,Patiala,Rajpura APMC,Tomato,Local,Grade A,2026-09-20,2200.0,2350.0,2300.0
Punjab,Sangrur,Sangrur APMC,Bhindi(Ladies Finger),Bhindi,Grade B,2026-09-20,1800.0,2500.0,2000.0
Punjab,Sangrur,Sangrur APMC,Cabbage,Cabbage,Grade B,2026-09-20,1200.0,1800.0,1500.0
Punjab,Sangrur,Sangrur APMC,French Beans(Frasbean),Other,Grade B,2026-09-20,3000.0,4000.0,3500.0
Tamil Nadu,Thirupur,Tiruppur (South) (Uzhavar Sandhai ),Cauliflower,Ranchi,Local,2026-09-20,3000.0,4000.0,3500.0
Tamil Nadu,Thirupur,Tiruppur (South) (Uzhavar Sandhai ),Bitter gourd,Other,Local,2026-09-20,5000.0,6000.0,5500.0
Tamil Nadu,Thirupur,Tiruppur (South) (Uzhavar Sandhai ),Beans,Beans (Whole),Local,2026-09-20,5000.0,6000.0,5500.0
Tamil Nadu,Thirupur,Tiruppur (South) (Uzhavar Sandhai ),Snakeguard,Snakeguard,Local,2026-09-20,2500.0,3000.0,2750.0
Tamil Nadu,Erode,Perundurai(Uzhavar Sandhai ),Banana,Besrai,Local,2026-09-20,3000.0,3500.0,3250.0
Tamil Nadu,Erode,Perundurai(Uzhavar Sandhai ),Brinjal,Round,Local,2026-09-20,3500.0,4000.0,3750.0
Tamil Nadu,Erode,Perundurai(Uzhavar Sandhai ),Bitter gourd,Bitter Gourd,Local,2026-09-20,5000.0,5400.0,5200.0
Tamil Nadu,Erode,Perundurai(Uzhavar Sandhai ),Bottle gourd,Bottle Gourd,Local,2026-09-20,1500.0,1800.0,1650.0
Tamil Nadu,Erode,Perundurai(Uzhavar Sandhai ),Pumpkin,Pumpkin,Local,2026-09-20,2200.0,2500.0,2350.0
Tamil Nadu,Erode,Perundurai(Uzhavar Sandhai ),Ginger(Green),Green Ginger,Local,2026-09-20,11500.0,12500.0,12000.0
Tamil Nadu,Erode,Perundurai(Uzhavar Sandhai ),Carrot,Pusakesar,Local,2026-09-20,5500.0,5800.0,5650.0
Tamil Nadu,Erode,Perundurai(Uzhavar Sandhai ),Onion Green,Onion Green,Local,2026-09-20,7000.0,8000.0,7500.0
Tamil Nadu,Dharmapuri,Dharmapuri(Uzhavar Sandhai ),Garlic,Garlic,Local,2026-09-20,23000.0,24000.0,23500.0
Tamil Nadu,Dharmapuri,Dharmapuri(Uzhavar Sandhai ),Brinjal,Round,Local,2026-09-20,1800.0,2000.0,1900.0
Tamil Nadu,Dharmapuri,Dharmapuri(Uzhavar Sandhai ),Bitter gourd,Bitter Gourd,Local,2026-09-20,3700.0,4000.0,3850.0
Tamil Nadu,Dharmapuri,Dharmapuri(Uzhavar Sandhai ),Ashgourd,Gouard,Local,2026-09-20,1500.0,1600.0,1550.0
Tamil Nadu,Dharmapuri,Dharmapuri(Uzhavar Sandhai ),Beetroot,Beetroot,Local,2026-09-20,4800.0,5200.0,5000.0
Tamil Nadu,Dharmapuri,Dharmapuri(Uzhavar Sandhai ),Cucumbar(Kheera),Cucumbar,Local,2026-09-20,4200.0,4500.0,4350.0
Tamil Nadu,Dharmapuri,Dharmapuri(Uzhavar Sandhai ),Green Avare(W),Green Avare (W),Local,2026-09-20,4600.0,5000.0,4800.0
Tamil Nadu,Dharmapuri,Dharmapuri(Uzhavar Sandhai ),Drumstick,Drumstick,Local,2026-09-20,2600.0,3000.0,2800.0
Tamil Nadu,Dharmapuri,Palacode(Uzhavar Sandhai ),Onion,Bellary,Local,2026-09-20,6200.0,6400.0,6300.0
Tamil Nadu,Dharmapuri,Palacode(Uzhavar Sandhai ),Papaya,Papaya,Local,2026-09-20,3500.0,3800.0,3650.0
Tamil Nadu,Dharmapuri,Palacode(Uzhavar Sandhai ),Tomato,Local,Local,2026-09-20,2300.0,2500.0,2400.0
Tamil Nadu,Dharmapuri,Palacode(Uzhavar Sandhai ),Bitter gourd,Other,Local,2026-09-20,3800.0,4000.0,3900.0
Tamil Nadu,Dharmapuri,Palacode(Uzhavar Sandhai ),Ashgourd,Gouard,Local,2026-09-20,1200.0,1500.0,1350.0
Tamil Nadu,Dharmapuri,Palacode(Uzhavar Sandhai ),Bhindi(Ladies Finger),Bhindi,Local,2026-09-20,2000.0,2200.0,2100.0
Tamil Nadu,Dharmapuri,Palacode(Uzhavar Sandhai ),Amaranthus,Amaranthus,Local,2026-09-20,2000.0,2500.0,2250.0
Tamil Nadu,Dharmapuri,Palacode(Uzhavar Sandhai ),Coconut,Coconut,Local,2026-09-20,6000.0,6500.0,6250.0
Tamil Nadu,Dharmapuri,Palacode(Uzhavar Sandhai ),Cucumbar(Kheera),Cucumbar,Local,2026-09-20,3800.0,4000.0,3900.0
Tamil Nadu,Dharmapuri,Palacode(Uzhavar Sandhai ),Ridgeguard(Tori),Ridgeguard(Tori),Local,2026-09-20,3400.0,3600.0,3500.0
Tamil Nadu,Dharmapuri,Palacode(Uzhavar Sandhai ),Drumstick,Drumstick,Local,2026-09-20,2200.0,2500.0,2350.0
Tamil Nadu,Dharmapuri,Palacode(Uzhavar Sandhai ),Knool Khol,Knool Khol,Local,2026-09-20,4500.0,4800.0,4650.0
Tamil Nadu,Dharmapuri,Palacode(Uzhavar Sandhai ),Amla(Nelli Kai),Amla,Local,2026-09-20,8500.0,9000.0,8750.0
Tamil Nadu,Dharmapuri,Pennagaram(Uzhavar Sandhai ),Banana,Besrai,Local,2026-09-20,4500.0,5000.0,4750.0
Tamil Nadu,Dharmapuri,Pennagaram(Uzhavar Sandhai ),Brinjal,Round,Local,2026-09-20,2800.0,3000.0,2900.0
Tamil Nadu,Dharmapuri,Pennagaram(Uzhavar Sandhai ),Ginger(Green),Green Ginger,Local,2026-09-20,19000.0,20000.0,19500.0
Tamil Nadu,Dharmapuri,Pennagaram(Uzhavar Sandhai ),Cucumbar(Kheera),Cucumbar,Local,2026-09-20,4000.0,4500.0,4250.0
Tamil Nadu,Dindigul,Chinnalapatti(Uzhavar Sandhai ),Potato,Red Nanital,Local,2026-09-20,4000.0,5000.0,4500.0
Tamil Nadu,Dindigul,Chinnalapatti(Uzhavar Sandhai ),Cauliflower,Ranchi,Local,2026-09-20,4000.0,5000.0,4500.0
Tamil Nadu,Dindigul,Chinnalapatti(Uzhavar Sandhai ),Green Chilli,Green Chilly,Local,2026-09-20,5000.0,7000.0,6000.0
Tamil Nadu,Dindigul,Chinnalapatti(Uzhavar Sandhai ),Snakeguard,Snakeguard,Local,2026-09-20,4000.0,6000.0,5000.0
Tamil Nadu,Dindigul,Chinnalapatti(Uzhavar Sandhai ),Beetroot,Beetroot,Local,2026-09-20,3000.0,8000.0,5500.0
Tamil Nadu,Dindigul,Chinnalapatti(Uzhavar Sandhai ),Raddish,Raddish,Local,2026-09-20,3600.0,4000.0,3800.0
Tamil Nadu,Dindigul,Dindigul(Uzhavar Sandhai ),Banana,Red Banana,Local,2026-09-20,8000.0,9000.0,8500.0
Tamil Nadu,Dindigul,Dindigul(Uzhavar Sandhai ),Ashgourd,Gouard,Local,2026-09-20,2500.0,3000.0,2750.0
Tamil Nadu,Dindigul,Dindigul(Uzhavar Sandhai ),Amaranthus,Amaranthus,Local,2026-09-20,2500.0,3000.0,2750.0
Tamil Nadu,Dindigul,Dindigul(Uzhavar Sandhai ),Cowpea(Veg),Cowpea (Veg),Local,2026-09-20,3000.0,4000.0,3500.0
Tamil Nadu,Dindigul,Dindigul(Uzhavar Sandhai ),Ginger(Green),Green Ginger,Local,2026-09-20,18000.0,20000.0,19000.0
Tamil Nadu,Dindigul,Dindigul(Uzhavar Sandhai ),Ridgeguard(Tori),Ridgeguard(Tori),Local,2026-09-20,6000.0,7000.0,6500.0
Tamil Nadu,Dindigul,Dindigul(Uzhavar Sandhai ),Chow Chow,Chow Chow,Local,2026-09-20,3500.0,4000.0,3750.0
Tamil Nadu,Dindigul,Dindigul(Uzhavar Sandhai ),Elephant Yam(Suran)/Amorphophallus,Elephant Yam (Suran),Local,2026-09-20,5000.0,6000.0,5500.0
Tamil Nadu,Dindigul,Dindigul(Uzhavar Sandhai ),Yam(Ratalu),Yam (Ratalu),Local,2026-09-20,7000.0,8000.0,7500.0
Tamil Nadu,Dindigul,Dindigul(Uzhavar Sandhai ),Colacasia,Colacasia,Local,2026-09-20,5000.0,6000.0,5500.0
Tamil Nadu,Dindigul,Dindigul(Uzhavar Sandhai ),Mint(Pudina),Mint(Pudina),Local,2026-09-20,4000.0,4500.0,4250.0
Tamil Nadu,Dindigul,Palani(Uzhavar Sandhai ),Banana,Red Banana,Local,2026-09-20,9000.0,10000.0,9500.0
Tamil Nadu,Dindigul,Palani(Uzhavar Sandhai ),Brinjal,Other,Local,2026-09-20,4000.0,6000.0,5000.0
Tamil Nadu,Dindigul,Palani(Uzhavar Sandhai ),Cluster beans,Cluster Beans,Local,2026-09-20,2400.0,3000.0,2700.0
Tamil Nadu,Dindigul,Palani(Uzhavar Sandhai ),Amaranthus,Amaranthus,Local,2026-09-20,3000.0,4000.0,3500.0
Tamil Nadu,Dindigul,Palani(Uzhavar Sandhai ),Snakeguard,Snakeguard,Local,2026-09-20,1600.0,2400.0,2000.0
Tamil Nadu,Dindigul,Palani(Uzhavar Sandhai ),Chow Chow,Chow Chow,Local,2026-09-20,3000.0,3600.0,3300.0
Tamil Nadu,Dindigul,Palani(Uzhavar Sandhai ),Knool Khol,Knool Khol,Local,2026-09-20,3000.0,5000.0,4000.0
Tamil Nadu,Dindigul,Palani(Uzhavar Sandhai ),Lime,Lime,Local,2026-09-20,10000.0,13000.0,11500.0
Tamil Nadu,Dindigul,Palani(Uzhavar Sandhai ),Yam(Ratalu),Yam (Ratalu),Local,2026-09-20,6000.0,7500.0,6750.0
Tamil Nadu,Erode,Periyar Nagar(Uzhavar Sandhai ),Banana,Red Banana,Local,2026-09-20,6000.0,6400.0,6200.0
Tamil Nadu,Erode,Periyar Nagar(Uzhavar Sandhai ),Coriander(Leaves),I Sort,Local,2026-09-20,3500.0,4000.0,3750.0
Tamil Nadu,Erode,Periyar Nagar(Uzhavar Sandhai ),Bitter gourd,Bitter Gourd,Local,2026-09-20,4000.0,4400.0,4200.0
Tamil Nadu,Erode,Periyar Nagar(Uzhavar Sandhai ),Bhindi(Ladies Finger),Bhindi,Local,2026-09-20,2800.0,3200.0,3000.0
Tamil Nadu,Erode,Periyar Nagar(Uzhavar Sandhai ),Raddish,Raddish,Local,2026-09-20,2000.0,2500.0,2250.0
Tamil Nadu,Erode,Periyar Nagar(Uzhavar Sandhai ),Amla(Nelli Kai),Amla,Local,2026-09-20,10000.0,12000.0,11000.0
Tamil Nadu,Erode,Periyar Nagar(Uzhavar Sandhai ),Onion Green,Onion Green,Local,2026-09-20,6500.0,7500.0,7000.0
Tamil Nadu,Erode,Periyar Nagar(Uzhavar Sandhai ),Baby Corn,Baby Corn,Grade A,2026-09-20,1500.0,1700.0,1600.0
Tamil Nadu,Kallakuruchi,Sankarapuram(Uzhavar Sandhai ),Groundnut,Big (With Shell),Local,2026-09-20,6000.0,6000.0,6000.0
Tamil Nadu,Kallakuruchi,Sankarapuram(Uzhavar Sandhai ),Coriander(Leaves),I Sort,Local,2026-09-20,6000.0,6000.0,6000.0
Tamil Nadu,Kallakuruchi,Sankarapuram(Uzhavar Sandhai ),Chikoos(Sapota),Sapota,Local,2026-09-20,5000.0,5000.0,5000.0
Tamil Nadu,Kallakuruchi,Sankarapuram(Uzhavar Sandhai ),Ridgeguard(Tori),Ridgeguard(Tori),Local,2026-09-20,4000.0,4000.0,4000.0
Tamil Nadu,Kancheepuram,Kundrathur(Uzhavar Sandhai ),Banana - Green,Banana - Green,Local,2026-09-20,3000.0,3000.0,3000.0
Tamil Nadu,Kancheepuram,Kundrathur(Uzhavar Sandhai ),Snakeguard,Snakeguard,Local,2026-09-20,4000.0,4000.0,4000.0
Tamil Nadu,Kancheepuram,Kundrathur(Uzhavar Sandhai ),Colacasia,Colacasia,Local,2026-09-20,3000.0,3000.0,3000.0
Tamil Nadu,Kancheepuram,Kundrathur(Uzhavar Sandhai ),Onion Green,Onion Green,Local,2026-09-20,7000.0,8000.0,7500.0
Tamil Nadu,Kancheepuram,Sunguvarchatram(Uzhavar Sandhai ),Brinjal,Other,Local,2026-09-20,3500.0,4000.0,3750.0
Tamil Nadu,Kancheepuram,Sunguvarchatram(Uzhavar Sandhai ),Amaranthus,Amaranthus,Local,2026-09-20,3000.0,3000.0,3000.0
Tamil Nadu,Kancheepuram,Sunguvarchatram(Uzhavar Sandhai ),Carrot,Pusakesar,Local,2026-09-20,5000.0,5000.0,5000.0
Tamil Nadu,Kancheepuram,Sunguvarchatram(Uzhavar Sandhai ),Green Avare(W),Green Avare (W),Local,2026-09-20,4000.0,4000.0,4000.0
Tamil Nadu,Krishnagiri,Avallapalli(Uzhavar Sandhai ),Cluster beans,Cluster Beans,Local,2026-09-20,3500.0,4000.0,3750.0
Tamil Nadu,Krishnagiri,Avallapalli(Uzhavar Sandhai ),Amaranthus,Amaranthus,Local,2026-09-20,3500.0,4000.0,3750.0
Tamil Nadu,Krishnagiri,Avallapalli(Uzhavar Sandhai ),Tapioca,Tapioca,Local,2026-09-20,4500.0,5000.0,4750.0
Tamil Nadu,Krishnagiri,Avallapalli(Uzhavar Sandhai ),Cabbage,Cabbage,Local,2026-09-20,1000.0,1500.0,1250.0
Tamil Nadu,Krishnagiri,Avallapalli(Uzhavar Sandhai ),Green Avare(W),Green Avare (W),Local,2026-09-20,5500.0,6000.0,5750.0
Tamil Nadu,Krishnagiri,Avallapalli(Uzhavar Sandhai ),Colacasia,Colacasia,Local,2026-09-20,4500.0,5000.0,4750.0
Tamil Nadu,Dharmapuri,Karimangalam(Uzhavar Sandhai),Potato,Other,Local,2026-09-20,2600.0,2800.0,2700.0
Tamil Nadu,Dharmapuri,Karimangalam(Uzhavar Sandhai),Papaya,Papaya,Local,2026-09-20,3300.0,3500.0,3400.0
Tamil Nadu,Dharmapuri,Karimangalam(Uzhavar Sandhai),Bhindi(Ladies Finger),Bhindi,Local,2026-09-20,1800.0,2000.0,1900.0
Tamil Nadu,Dharmapuri,Karimangalam(Uzhavar Sandhai),Beans,Beans (Whole),Local,2026-09-20,8000.0,9000.0,8500.0
Tamil Nadu,Dharmapuri,Karimangalam(Uzhavar Sandhai),Coconut,Coconut,Local,2026-09-20,7000.0,7400.0,7200.0
Tamil Nadu,Dharmapuri,Karimangalam(Uzhavar Sandhai),Carrot,Pusakesar,Local,2026-09-20,6000.0,6500.0,6250.0
Tamil Nadu,Dharmapuri,Karimangalam(Uzhavar Sandhai),Beetroot,Beetroot,Local,2026-09-20,4800.0,5200.0,5000.0
Tamil Nadu,Dharmapuri,Karimangalam(Uzhavar Sandhai),Thondekai,Thondekai,Local,2026-09-20,4500.0,5000.0,4750.0
Tamil Nadu,Krishnagiri,Denkanikottai(Uzhavar Sandhai ),Banana,Besrai,Local,2026-09-20,5000.0,8000.0,6500.0
Tamil Nadu,Krishnagiri,Denkanikottai(Uzhavar Sandhai ),Onion,Bellary,Local,2026-09-20,6000.0,6500.0,6250.0
Tamil Nadu,Krishnagiri,Denkanikottai(Uzhavar Sandhai ),Bottle gourd,Bottle Gourd,Local,2026-09-20,2000.0,2500.0,2250.0
Tamil Nadu,Krishnagiri,Denkanikottai(Uzhavar Sandhai ),Ashgourd,Gouard,Local,2026-09-20,2500.0,3000.0,2750.0
Tamil Nadu,Krishnagiri,Denkanikottai(Uzhavar Sandhai ),Banana - Green,Banana - Green,Local,2026-09-20,3500.0,4000.0,3750.0
Tamil Nadu,Krishnagiri,Denkanikottai(Uzhavar Sandhai ),Coconut,Coconut,Local,2026-09-20,5000.0,5500.0,5250.0
Tamil Nadu,Krishnagiri,Denkanikottai(Uzhavar Sandhai ),Sweet Potato,Hosur Red,Local,2026-09-20,6000.0,6500.0,6250.0
Tamil Nadu,Krishnagiri,Denkanikottai(Uzhavar Sandhai ),Green Avare(W),Green Avare (W),Local,2026-09-20,5500.0,6000.0,5750.0
Tamil Nadu,Krishnagiri,Denkanikottai(Uzhavar Sandhai ),Elephant Yam(Suran)/Amorphophallus,Elephant Yam (Suran),Local,2026-09-20,3500.0,4000.0,3750.0
Tamil Nadu,Krishnagiri,Denkanikottai(Uzhavar Sandhai ),Onion Green,Onion Green,Local,2026-09-20,9000.0,9500.0,9250.0
Tamil Nadu,Krishnagiri,Denkanikottai(Uzhavar Sandhai ),Mint(Pudina),Mint(Pudina),Local,2026-09-20,3500.0,4000.0,3750.0
Tamil Nadu,Krishnagiri,Hosur(Uzhavar Sandhai ),Garlic,Garlic,Local,2026-09-20,22000.0,24000.0,23000.0
Tamil Nadu,Krishnagiri,Hosur(Uzhavar Sandhai ),Cauliflower,Ranchi,Local,2026-09-20,2500.0,3000.0,2750.0
Tamil Nadu,Krishnagiri,Hosur(Uzhavar Sandhai ),Water Melon,Water Melon,Local,2026-09-20,2000.0,2500.0,2250.0
Tamil Nadu,Krishnagiri,Hosur(Uzhavar Sandhai ),Bhindi(Ladies Finger),Bhindi,Local,2026-09-20,3000.0,3500.0,3250.0
Tamil Nadu,Krishnagiri,Hosur(Uzhavar Sandhai ),Snakeguard,Snakeguard,Local,2026-09-20,2500.0,3000.0,2750.0
Tamil Nadu,Krishnagiri,Hosur(Uzhavar Sandhai ),Guava,Guava Allahabad,Local,2026-09-20,8000.0,10000.0,9000.0
Tamil Nadu,Krishnagiri,Hosur(Uzhavar Sandhai ),Pomegranate,Pomogranate,Local,2026-09-20,18000.0,20000.0,19000.0
Tamil Nadu,Krishnagiri,Hosur(Uzhavar Sandhai ),Colacasia,Colacasia,Local,2026-09-20,4500.0,5000.0,4750.0
Tamil Nadu,Krishnagiri,Hosur(Uzhavar Sandhai ),Amla(Nelli Kai),Amla,Local,2026-09-20,12000.0,14000.0,13000.0
Tamil Nadu,Krishnagiri,Hosur(Uzhavar Sandhai ),Onion Green,Onion Green,Local,2026-09-20,10000.0,11000.0,10500.0
Tamil Nadu,Madurai,Anaiyur(Uzhavar Sandhai ),Apple,American,Local,2026-09-20,18000.0,27000.0,22500.0
Tamil Nadu,Madurai,Anaiyur(Uzhavar Sandhai ),Orange,Darjeeling,Local,2026-09-20,14000.0,16000.0,15000.0
Tamil Nadu,Madurai,Anaiyur(Uzhavar Sandhai ),Garlic,Garlic,Local,2026-09-20,14000.0,27000.0,20500.0
Tamil Nadu,Madurai,Anaiyur(Uzhavar Sandhai ),Brinjal,Round,Local,2026-09-20,3600.0,4500.0,4050.0
Tamil Nadu,Madurai,Anaiyur(Uzhavar Sandhai ),Coriander(Leaves),I Sort,Local,2026-09-20,4500.0,4800.0,4650.0
Tamil Nadu,Madurai,Anaiyur(Uzhavar Sandhai ),Chikoos(Sapota),Sapota,Local,2026-09-20,4000.0,6000.0,5000.0
Tamil Nadu,Madurai,Anaiyur(Uzhavar Sandhai ),Ginger(Green),Green Ginger,Local,2026-09-20,11000.0,20000.0,15500.0
Tamil Nadu,Madurai,Anaiyur(Uzhavar Sandhai ),Betal Leaves,Mysore,Local,2026-09-20,24000.0,28000.0,26000.0
Tamil Nadu,Madurai,Anaiyur(Uzhavar Sandhai ),Cabbage,Cabbage,Local,2026-09-20,2600.0,3000.0,2800.0
Tamil Nadu,Madurai,Anaiyur(Uzhavar Sandhai ),Snakeguard,Snakeguard,Local,2026-09-20,3600.0,4000.0,3800.0
Tamil Nadu,Madurai,Anaiyur(Uzhavar Sandhai ),Mango(Raw-Ripe),Mango - Raw-Ripe,Local,2026-09-20,12000.0,13000.0,12500.0
Tamil Nadu,Madurai,Anaiyur(Uzhavar Sandhai ),Yam(Ratalu),Yam (Ratalu),Local,2026-09-20,6500.0,7000.0,6750.0
Tamil Nadu,Madurai,Anaiyur(Uzhavar Sandhai ),Indian Beans(Seam),Indian Beans (Seam),Local,2026-09-20,5500.0,6000.0,5750.0
Tamil Nadu,Madurai,Usilampatti(Uzhavar Sandhai ),Green Chilli,Green Chilly,Local,2026-09-20,4500.0,5000.0,4750.0
Tamil Nadu,Madurai,Usilampatti(Uzhavar Sandhai ),Coconut,Coconut,Local,2026-09-20,6800.0,7000.0,6900.0
Tamil Nadu,Madurai,Usilampatti(Uzhavar Sandhai ),Ridgeguard(Tori),Ridgeguard(Tori),Local,2026-09-20,4000.0,4500.0,4250.0
Tamil Nadu,Nagapattinam,Sirkali(Uzhavar Sandhai ),Banana,Besrai,Local,2026-09-20,4000.0,5000.0,4500.0
Tamil Nadu,Nagapattinam,Sirkali(Uzhavar Sandhai ),Carrot,Pusakesar,Local,2026-09-20,8000.0,8000.0,8000.0
Tamil Nadu,Nagapattinam,Sirkali(Uzhavar Sandhai ),Cabbage,Cabbage,Local,2026-09-20,2500.0,3000.0,2750.0
Tamil Nadu,Nagapattinam,Sirkali(Uzhavar Sandhai ),Snakeguard,Snakeguard,Local,2026-09-20,4500.0,5000.0,4750.0
Tamil Nadu,Nagapattinam,Sirkali(Uzhavar Sandhai ),Ridgeguard(Tori),Ridgeguard(Tori),Local,2026-09-20,5500.0,6000.0,5750.0
Tamil Nadu,Nagapattinam,Sirkali(Uzhavar Sandhai ),Mint(Pudina),Mint(Pudina),Local,2026-09-20,4000.0,4500.0,4250.0
Tamil Nadu,Namakkal,Kumarapalayam(Uzhavar Sandhai ),Banana,Red Banana,Local,2026-09-20,5500.0,6000.0,5750.0
Tamil Nadu,Namakkal,Kumarapalayam(Uzhavar Sandhai ),Brinjal,Other,Local,2026-09-20,4700.0,5200.0,4950.0
Tamil Nadu,Namakkal,Kumarapalayam(Uzhavar Sandhai ),Tapioca,Tapioca,Local,2026-09-20,2900.0,3500.0,3200.0
Tamil Nadu,Namakkal,Kumarapalayam(Uzhavar Sandhai ),Carrot,Pusakesar,Local,2026-09-20,6500.0,7000.0,6750.0
Tamil Nadu,Namakkal,Kumarapalayam(Uzhavar Sandhai ),Ridgeguard(Tori),Ridgeguard(Tori),Local,2026-09-20,5000.0,5500.0,5250.0
Tamil Nadu,Namakkal,Kumarapalayam(Uzhavar Sandhai ),Drumstick,Drumstick,Local,2026-09-20,2700.0,3200.0,2950.0
Tamil Nadu,Namakkal,Mohanur(Uzhavar Sandhai ),Tomato,Deshi,Local,2026-09-20,3000.0,3400.0,3200.0
Tamil Nadu,Namakkal,Mohanur(Uzhavar Sandhai ),Pumpkin,Pumpkin,Local,2026-09-20,2500.0,2800.0,2650.0
Tamil Nadu,Namakkal,Mohanur(Uzhavar Sandhai ),Amaranthus,Amaranthus,Local,2026-09-20,4500.0,5000.0,4750.0
Tamil Nadu,Namakkal,Mohanur(Uzhavar Sandhai ),Coconut,Coconut,Local,2026-09-20,5800.0,6400.0,6100.0
Tamil Nadu,Namakkal,Mohanur(Uzhavar Sandhai ),Carrot,Pusakesar,Local,2026-09-20,6000.0,7000.0,6500.0
Tamil Nadu,Namakkal,Mohanur(Uzhavar Sandhai ),Onion Green,Onion Green,Local,2026-09-20,5000.0,8000.0,6500.0
Tamil Nadu,Namakkal,Namakkal(Uzhavar Sandhai ),Potato,Other,Local,2026-09-20,2500.0,3000.0,2750.0
Tamil Nadu,Namakkal,Namakkal(Uzhavar Sandhai ),Coriander(Leaves),I Sort,Local,2026-09-20,12000.0,13000.0,12500.0
Tamil Nadu,Namakkal,Namakkal(Uzhavar Sandhai ),Water Melon,Water Melon,Local,2026-09-20,1200.0,1600.0,1400.0
Tamil Nadu,Namakkal,Namakkal(Uzhavar Sandhai ),Bottle gourd,Bottle Gourd,Local,2026-09-20,1000.0,2000.0,1500.0
Tamil Nadu,Namakkal,Namakkal(Uzhavar Sandhai ),Coconut,Coconut,Local,2026-09-20,6000.0,6400.0,6200.0
Tamil Nadu,Namakkal,Namakkal(Uzhavar Sandhai ),Capsicum,Capsicum,Local,2026-09-20,4500.0,5000.0,4750.0
Tamil Nadu,Namakkal,Namakkal(Uzhavar Sandhai ),Drumstick,Drumstick,Local,2026-09-20,3000.0,3500.0,3250.0
Tamil Nadu,Namakkal,Namakkal(Uzhavar Sandhai ),Guava,Guava Allahabad,Local,2026-09-20,7000.0,8000.0,7500.0
Tamil Nadu,Namakkal,Namakkal(Uzhavar Sandhai ),Jasmine,Jasmine,Local,2026-09-20,45000.0,50000.0,47500.0
Tamil Nadu,Namakkal,Namakkal(Uzhavar Sandhai ),Onion Green,Onion Green,Local,2026-09-20,4000.0,8800.0,6400.0
Tamil Nadu,Namakkal,Namakkal(Uzhavar Sandhai ),Baby Corn,Baby Corn,Grade A,2026-09-20,2000.0,2600.0,2300.0
Tamil Nadu,Namakkal,Paramathivelur(Uzhavar Sandhai ),Papaya,Papaya,Local,2026-09-20,3000.0,3500.0,3250.0
Tamil Nadu,Namakkal,Paramathivelur(Uzhavar Sandhai ),Banana - Green,Banana - Green,Local,2026-09-20,3000.0,4000.0,3500.0
Tamil Nadu,Namakkal,Paramathivelur(Uzhavar Sandhai ),Guava,Guava Allahabad,Local,2026-09-20,5500.0,6000.0,5750.0
Tamil Nadu,Namakkal,Paramathivelur(Uzhavar Sandhai ),Onion Green,Onion Green,Local,2026-09-20,5000.0,9000.0,7000.0
Tamil Nadu,Namakkal,Rasipuram(Uzhavar Sandhai ),Pineapple,Pine Apple,Local,2026-09-20,4500.0,5500.0,5000.0
Tamil Nadu,Namakkal,Rasipuram(Uzhavar Sandhai ),Potato,Other,Local,2026-09-20,3000.0,3500.0,3250.0
Tamil Nadu,Namakkal,Rasipuram(Uzhavar Sandhai ),Chili Red,Bold,Local,2026-09-20,17000.0,18000.0,17500.0
Tamil Nadu,Namakkal,Rasipuram(Uzhavar Sandhai ),Papaya,Papaya,Local,2026-09-20,3000.0,3500.0,3250.0
Tamil Nadu,Namakkal,Rasipuram(Uzhavar Sandhai ),Cluster beans,Cluster Beans,Local,2026-09-20,2800.0,3200.0,3000.0
Tamil Nadu,Namakkal,Rasipuram(Uzhavar Sandhai ),Bitter gourd,Other,Local,2026-09-20,6000.0,6500.0,6250.0
Tamil Nadu,Namakkal,Rasipuram(Uzhavar Sandhai ),Pumpkin,Pumpkin,Local,2026-09-20,1800.0,2200.0,2000.0
Tamil Nadu,Namakkal,Rasipuram(Uzhavar Sandhai ),Amaranthus,Amaranthus,Local,2026-09-20,4500.0,5000.0,4750.0
Tamil Nadu,Namakkal,Rasipuram(Uzhavar Sandhai ),Banana - Green,Banana - Green,Local,2026-09-20,3500.0,4000.0,3750.0
Tamil Nadu,Namakkal,Rasipuram(Uzhavar Sandhai ),Coconut,Coconut,Local,2026-09-20,6000.0,6500.0,6250.0
Tamil Nadu,Namakkal,Rasipuram(Uzhavar Sandhai ),Beetroot,Beetroot,Local,2026-09-20,6000.0,7000.0,6500.0
Tamil Nadu,Namakkal,Rasipuram(Uzhavar Sandhai ),Drumstick,Drumstick,Local,2026-09-20,3000.0,3500.0,3250.0
Tamil Nadu,Namakkal,Rasipuram(Uzhavar Sandhai ),Mango(Raw-Ripe),Mango - Raw-Ripe,Local,2026-09-20,6000.0,7000.0,6500.0
Tamil Nadu,Namakkal,Rasipuram(Uzhavar Sandhai ),Guava,Guava Allahabad,Local,2026-09-20,6000.0,7000.0,6500.0
Tamil Nadu,Namakkal,Rasipuram(Uzhavar Sandhai ),Fig(Anjura/Anjeer),Anjura,Local,2026-09-20,13000.0,15000.0,14000.0
Tamil Nadu,Namakkal,Rasipuram(Uzhavar Sandhai ),Sweet Corn,Sweet Corn,Local,2026-09-20,2000.0,2500.0,2250.0
Tamil Nadu,Thanjavur,Tirukattupalli(Uzhavar Sandhai ),Brinjal,Round,Local,2026-09-20,4000.0,4400.0,4200.0
Tamil Nadu,Thanjavur,Tirukattupalli(Uzhavar Sandhai ),Bitter gourd,Bitter Gourd,Local,2026-09-20,3000.0,3000.0,3000.0
Tamil Nadu,Thanjavur,Tirukattupalli(Uzhavar Sandhai ),Pumpkin,Pumpkin,Local,2026-09-20,2000.0,2000.0,2000.0
Tamil Nadu,Thanjavur,Tirukattupalli(Uzhavar Sandhai ),Green Chilli,Green Chilly,Local,2026-09-20,5000.0,5000.0,5000.0
Tamil Nadu,Thanjavur,Tirukattupalli(Uzhavar Sandhai ),Beans,Beans (Whole),Local,2026-09-20,7600.0,7600.0,7600.0
Tamil Nadu,Thanjavur,Tirukattupalli(Uzhavar Sandhai ),Coconut,Coconut,Local,2026-09-20,6000.0,6000.0,6000.0
Tamil Nadu,Thanjavur,Tirukattupalli(Uzhavar Sandhai ),Snakeguard,Snakeguard,Local,2026-09-20,4000.0,5000.0,4500.0
Tamil Nadu,Madurai,Palanganatham(Uzhavar Sandhai ),Onion,Bellary,Local,2026-09-20,6000.0,7000.0,6500.0
Tamil Nadu,Madurai,Palanganatham(Uzhavar Sandhai ),Mousambi(Sweet Lime),Mousambi,Local,2026-09-20,6000.0,7000.0,6500.0
Tamil Nadu,Madurai,Palanganatham(Uzhavar Sandhai ),Ginger(Green),Green Ginger,Local,2026-09-20,12000.0,20000.0,16000.0
Tamil Nadu,Madurai,Palanganatham(Uzhavar Sandhai ),Capsicum,Capsicum,Local,2026-09-20,6000.0,7000.0,6500.0
Tamil Nadu,Madurai,Palanganatham(Uzhavar Sandhai ),Green Avare(W),Green Avare (W),Local,2026-09-20,9000.0,11000.0,10000.0
Tamil Nadu,Madurai,Palanganatham(Uzhavar Sandhai ),Chow Chow,Chow Chow,Local,2026-09-20,2500.0,3000.0,2750.0
Tamil Nadu,Madurai,Palanganatham(Uzhavar Sandhai ),Lemon,Lemon,Local,2026-09-20,26000.0,28000.0,27000.0
Tamil Nadu,Madurai,Palanganatham(Uzhavar Sandhai ),Colacasia,Colacasia,Local,2026-09-20,5000.0,6000.0,5500.0
Tamil Nadu,Madurai,Anna nagar(Uzhavar Sandhai ),Banana,Besrai,Local,2026-09-20,3500.0,4000.0,3750.0
Tamil Nadu,Madurai,Anna nagar(Uzhavar Sandhai ),Bitter gourd,Bitter Gourd,Local,2026-09-20,5500.0,6500.0,6000.0
Tamil Nadu,Madurai,Anna nagar(Uzhavar Sandhai ),Apple,American,Local,2026-09-20,14000.0,17500.0,15750.0
Tamil Nadu,Madurai,Anna nagar(Uzhavar Sandhai ),Orange,Darjeeling,Local,2026-09-20,14000.0,14000.0,14000.0
Tamil Nadu,Madurai,Anna nagar(Uzhavar Sandhai ),Pineapple,Pine Apple,Local,2026-09-20,7500.0,7500.0,7500.0
Tamil Nadu,Madurai,Anna nagar(Uzhavar Sandhai ),Potato,Other,Local,2026-09-20,6000.0,6400.0,6200.0
Tamil Nadu,Madurai,Anna nagar(Uzhavar Sandhai ),Papaya,Papaya,Local,2026-09-20,4500.0,4500.0,4500.0
Tamil Nadu,Madurai,Anna nagar(Uzhavar Sandhai ),Tomato,Other,Local,2026-09-20,3000.0,3000.0,3000.0
Tamil Nadu,Madurai,Anna nagar(Uzhavar Sandhai ),Cluster beans,Cluster Beans,Local,2026-09-20,3600.0,3600.0,3600.0
Tamil Nadu,Madurai,Anna nagar(Uzhavar Sandhai ),Pumpkin,Pumpkin,Local,2026-09-20,1600.0,1600.0,1600.0
Tamil Nadu,Madurai,Anna nagar(Uzhavar Sandhai ),Bhindi(Ladies Finger),Bhindi,Local,2026-09-20,3600.0,3600.0,3600.0
Tamil Nadu,Madurai,Anna nagar(Uzhavar Sandhai ),Green Chilli,Green Chilly,Local,2026-09-20,4200.0,4200.0,4200.0
Tamil Nadu,Madurai,Anna nagar(Uzhavar Sandhai ),Banana - Green,Banana - Green,Local,2026-09-20,2000.0,2500.0,2250.0
Tamil Nadu,Madurai,Anna nagar(Uzhavar Sandhai ),Beans,Beans (Whole),Local,2026-09-20,7400.0,7400.0,7400.0
Tamil Nadu,Madurai,Anna nagar(Uzhavar Sandhai ),Sweet Potato,Hosur Red,Local,2026-09-20,4600.0,5000.0,4800.0
Tamil Nadu,Madurai,Anna nagar(Uzhavar Sandhai ),Carrot,Pusakesar,Local,2026-09-20,5400.0,5400.0,5400.0
Tamil Nadu,Madurai,Anna nagar(Uzhavar Sandhai ),Cabbage,Cabbage,Local,2026-09-20,2800.0,2800.0,2800.0
Tamil Nadu,Madurai,Anna nagar(Uzhavar Sandhai ),Green Avare(W),Other,Local,2026-09-20,10600.0,10600.0,10600.0
Tamil Nadu,Madurai,Anna nagar(Uzhavar Sandhai ),Drumstick,Drumstick,Local,2026-09-20,4600.0,5000.0,4800.0
Tamil Nadu,Madurai,Anna nagar(Uzhavar Sandhai ),Knool Khol,Knool Khol,Local,2026-09-20,3600.0,3600.0,3600.0
Tamil Nadu,Madurai,Anna nagar(Uzhavar Sandhai ),Tender Coconut,Tender Coconut,Local,2026-09-20,4000.0,4500.0,4250.0
Tamil Nadu,Madurai,Anna nagar(Uzhavar Sandhai ),Yam(Ratalu),Yam (Ratalu),Local,2026-09-20,6400.0,6400.0,6400.0
Tamil Nadu,Perambalur,Perambalur(Uzhavar Sandhai ),Groundnut,Big (With Shell),Local,2026-09-20,8000.0,9000.0,8500.0
Tamil Nadu,Perambalur,Perambalur(Uzhavar Sandhai ),Grapes,Annabesahai,Local,2026-09-20,10000.0,12000.0,11000.0
Tamil Nadu,Perambalur,Perambalur(Uzhavar Sandhai ),Potato,Other,Local,2026-09-20,2800.0,3200.0,3000.0
Tamil Nadu,Perambalur,Perambalur(Uzhavar Sandhai ),Pumpkin,Pumpkin,Local,2026-09-20,1600.0,1600.0,1600.0
Tamil Nadu,Perambalur,Perambalur(Uzhavar Sandhai ),Amaranthus,Amaranthus,Local,2026-09-20,1500.0,2000.0,1750.0
Tamil Nadu,Perambalur,Perambalur(Uzhavar Sandhai ),Banana - Green,Banana - Green,Local,2026-09-20,3000.0,4000.0,3500.0
Tamil Nadu,Perambalur,Perambalur(Uzhavar Sandhai ),Ginger(Green),Green Ginger,Local,2026-09-20,12000.0,18000.0,15000.0
Tamil Nadu,Perambalur,Perambalur(Uzhavar Sandhai ),Raddish,Raddish,Local,2026-09-20,2400.0,2800.0,2600.0
Tamil Nadu,Perambalur,Perambalur(Uzhavar Sandhai ),Capsicum,Capsicum,Local,2026-09-20,5500.0,6000.0,5750.0
Tamil Nadu,Perambalur,Perambalur(Uzhavar Sandhai ),Mashrooms,Mashrooms,Local,2026-09-20,20000.0,20000.0,20000.0
Tamil Nadu,Perambalur,Perambalur(Uzhavar Sandhai ),Sweet Corn,Sweet Corn,Local,2026-09-20,4500.0,5000.0,4750.0
Tamil Nadu,Salem,Mecheri(Uzhavar Sandhai),Brinjal,Other,Local,2026-09-20,3000.0,3500.0,3250.0
Tamil Nadu,Salem,Mecheri(Uzhavar Sandhai),Cluster beans,Cluster Beans,Local,2026-09-20,3000.0,3500.0,3250.0
Tamil Nadu,Salem,Mecheri(Uzhavar Sandhai),Ridgeguard(Tori),Ridgeguard(Tori),Local,2026-09-20,3500.0,4000.0,3750.0
Tamil Nadu,Ranipet,Arcot(Uzhavar Sandhai ),Tomato,Deshi,Local,2026-09-20,2400.0,2400.0,2400.0
Tamil Nadu,Ranipet,Arcot(Uzhavar Sandhai ),Amaranthus,Amaranthus,Local,2026-09-20,2500.0,3000.0,2750.0
Tamil Nadu,Ranipet,Arcot(Uzhavar Sandhai ),Banana - Green,Banana - Green,Local,2026-09-20,4000.0,5000.0,4500.0
Tamil Nadu,Ranipet,Arcot(Uzhavar Sandhai ),Ginger(Green),Green Ginger,Local,2026-09-20,18000.0,18000.0,18000.0
Tamil Nadu,Ranipet,Arcot(Uzhavar Sandhai ),Raddish,Raddish,Local,2026-09-20,2500.0,2500.0,2500.0
Tamil Nadu,Ranipet,Arcot(Uzhavar Sandhai ),Capsicum,Capsicum,Local,2026-09-20,5000.0,5000.0,5000.0
Tamil Nadu,Ranipet,Arcot(Uzhavar Sandhai ),Green Avare(W),Green Avare (W),Local,2026-09-20,6000.0,6000.0,6000.0
Tamil Nadu,Ranipet,Ranipettai(Uzhavar Sandhai ),Amaranthus,Amaranthus,Local,2026-09-20,2500.0,3000.0,2750.0
Tamil Nadu,Ranipet,Ranipettai(Uzhavar Sandhai ),Ginger(Green),Green Ginger,Local,2026-09-20,8000.0,18000.0,13000.0
Tamil Nadu,Ranipet,Ranipettai(Uzhavar Sandhai ),Sweet Potato,Hosur Red,Local,2026-09-20,5600.0,5600.0,5600.0
Tamil Nadu,Ranipet,Ranipettai(Uzhavar Sandhai ),Cabbage,Cabbage,Local,2026-09-20,2500.0,2500.0,2500.0
Tamil Nadu,Ranipet,Ranipettai(Uzhavar Sandhai ),Thondekai,Thondekai,Local,2026-09-20,3000.0,3000.0,3000.0
Tamil Nadu,Ranipet,Ranipettai(Uzhavar Sandhai ),Drumstick,Drumstick,Local,2026-09-20,4000.0,5000.0,4500.0
Tamil Nadu,Ranipet,Ranipettai(Uzhavar Sandhai ),Jasmine,Jasmine,Local,2026-09-20,72000.0,72000.0,72000.0
Tamil Nadu,Ranipet,Ranipettai(Uzhavar Sandhai ),Mint(Pudina),Mint(Pudina),Local,2026-09-20,4000.0,4000.0,4000.0
Tamil Nadu,Salem,Ammapet(Uzhavar Sandhai ),Apple,American,Local,2026-09-20,17000.0,18000.0,17500.0
Tamil Nadu,Salem,Ammapet(Uzhavar Sandhai ),Banana,Red Banana,Local,2026-09-20,7400.0,8000.0,7700.0
Tamil Nadu,Salem,Ammapet(Uzhavar Sandhai ),Brinjal,Round,Local,2026-09-20,3000.0,3200.0,3100.0
Tamil Nadu,Salem,Ammapet(Uzhavar Sandhai ),Ashgourd,Gouard,Local,2026-09-20,2000.0,2200.0,2100.0
Tamil Nadu,Salem,Ammapet(Uzhavar Sandhai ),Pumpkin,Pumpkin,Local,2026-09-20,1800.0,2000.0,1900.0
Tamil Nadu,Salem,Ammapet(Uzhavar Sandhai ),Ginger(Green),Green Ginger,Local,2026-09-20,16600.0,17500.0,17050.0
Tamil Nadu,Salem,Ammapet(Uzhavar Sandhai ),Ridgeguard(Tori),Ridgeguard(Tori),Local,2026-09-20,4200.0,4500.0,4350.0
Tamil Nadu,Salem,Ammapet(Uzhavar Sandhai ),Thondekai,Thondekai,Local,2026-09-20,3800.0,4000.0,3900.0
Tamil Nadu,Salem,Ammapet(Uzhavar Sandhai ),Green Avare(W),Other,Local,2026-09-20,5600.0,6000.0,5800.0
Tamil Nadu,Salem,Ammapet(Uzhavar Sandhai ),Knool Khol,Knool Khol,Local,2026-09-20,4200.0,4500.0,4350.0
Tamil Nadu,Salem,Ammapet(Uzhavar Sandhai ),Pomegranate,Pomogranate,Local,2026-09-20,15000.0,16000.0,15500.0
Tamil Nadu,Salem,Ammapet(Uzhavar Sandhai ),Rose(Local),Rose (Local),Local,2026-09-20,8600.0,9000.0,8800.0
Tamil Nadu,Salem,Ammapet(Uzhavar Sandhai ),Baby Corn,Baby Corn,Grade A,2026-09-20,2800.0,3000.0,2900.0
Tamil Nadu,Salem,Mettur(Uzhavar Sandhai ),Potato,Other,Local,2026-09-20,4000.0,4500.0,4250.0
Tamil Nadu,Salem,Mettur(Uzhavar Sandhai ),Tomato,Local,Local,2026-09-20,2000.0,2800.0,2400.0
Tamil Nadu,Salem,Mettur(Uzhavar Sandhai ),Ashgourd,Gouard,Local,2026-09-20,1500.0,2000.0,1750.0
Tamil Nadu,Salem,Mettur(Uzhavar Sandhai ),Green Chilli,Green Chilly,Local,2026-09-20,4000.0,4500.0,4250.0
Tamil Nadu,Salem,Mettur(Uzhavar Sandhai ),Banana - Green,Banana - Green,Local,2026-09-20,2500.0,3000.0,2750.0
Tamil Nadu,Salem,Mettur(Uzhavar Sandhai ),Beans,Beans (Whole),Local,2026-09-20,7000.0,7500.0,7250.0
Tamil Nadu,Salem,Mettur(Uzhavar Sandhai ),Thondekai,Thondekai,Local,2026-09-20,4500.0,5000.0,4750.0
Tamil Nadu,Salem,Mettur(Uzhavar Sandhai ),Knool Khol,Knool Khol,Local,2026-09-20,4000.0,4500.0,4250.0
Tamil Nadu,Salem,Mettur(Uzhavar Sandhai ),Amla(Nelli Kai),Amla,Local,2026-09-20,7500.0,8000.0,7750.0
Tamil Nadu,Salem,Sooramangalam(Uzhavar Sandhai ),Coriander(Leaves),I Sort,Local,2026-09-20,3800.0,4000.0,3900.0
Tamil Nadu,Salem,Sooramangalam(Uzhavar Sandhai ),Tapioca,Tapioca,Local,2026-09-20,3000.0,3500.0,3250.0
Tamil Nadu,Salem,Sooramangalam(Uzhavar Sandhai ),Sweet Potato,Hosur Red,Local,2026-09-20,4000.0,5000.0,4500.0
Tamil Nadu,Salem,Sooramangalam(Uzhavar Sandhai ),Cabbage,Cabbage,Local,2026-09-20,2600.0,3000.0,2800.0
Tamil Nadu,Salem,Sooramangalam(Uzhavar Sandhai ),Cucumbar(Kheera),Cucumbar,Local,2026-09-20,3500.0,4000.0,3750.0
Tamil Nadu,Salem,Sooramangalam(Uzhavar Sandhai ),Ridgeguard(Tori),Ridgeguard(Tori),Local,2026-09-20,3000.0,3800.0,3400.0
Tamil Nadu,Salem,Sooramangalam(Uzhavar Sandhai ),Capsicum,Capsicum,Local,2026-09-20,5500.0,5800.0,5650.0
Tamil Nadu,Salem,Sooramangalam(Uzhavar Sandhai ),Green Avare(W),Other,Local,2026-09-20,5800.0,6000.0,5900.0
Tamil Nadu,Salem,Sooramangalam(Uzhavar Sandhai ),Chow Chow,Chow Chow,Local,2026-09-20,3400.0,3600.0,3500.0
Tamil Nadu,Salem,Sooramangalam(Uzhavar Sandhai ),Drumstick,Drumstick,Local,2026-09-20,3000.0,4000.0,3500.0
Tamil Nadu,Salem,Sooramangalam(Uzhavar Sandhai ),Knool Khol,Knool Khol,Local,2026-09-20,4500.0,4800.0,4650.0
Tamil Nadu,Salem,Sooramangalam(Uzhavar Sandhai ),Amla(Nelli Kai),Amla,Local,2026-09-20,8000.0,9000.0,8500.0
Tamil Nadu,Salem,Sooramangalam(Uzhavar Sandhai ),Onion Green,Onion Green,Local,2026-09-20,7000.0,8000.0,7500.0
Tamil Nadu,Thiruchirappalli,Thuraiyur APMC,Onion,Bellary,Local,2026-09-20,5000.0,6000.0,5500.0
Tamil Nadu,Thiruchirappalli,Thuraiyur APMC,Cauliflower,Ranchi,Local,2026-09-20,3000.0,4000.0,3500.0
Tamil Nadu,Thiruchirappalli,Thuraiyur APMC,Ashgourd,Gouard,Local,2026-09-20,1200.0,1800.0,1500.0
Tamil Nadu,Thiruchirappalli,Thuraiyur APMC,Pumpkin,Pumpkin,Local,2026-09-20,1200.0,1800.0,1500.0
Tamil Nadu,Thiruchirappalli,Thuraiyur APMC,Betal Leaves,Mysore,Local,2026-09-20,10000.0,12000.0,11000.0
Tamil Nadu,Thiruchirappalli,Thuraiyur APMC,Guava,Guava Allahabad,Local,2026-09-20,7000.0,8000.0,7500.0
Tamil Nadu,Salem,Thammampatti (Uzhavar Sandhai ),Potato,Other,Local,2026-09-20,2800.0,3000.0,2900.0
Tamil Nadu,Salem,Thammampatti (Uzhavar Sandhai ),Brinjal,Round,Local,2026-09-20,3000.0,4000.0,3500.0
Tamil Nadu,Salem,Thammampatti (Uzhavar Sandhai ),Coriander(Leaves),I Sort,Local,2026-09-20,3500.0,4000.0,3750.0
Tamil Nadu,Salem,Thammampatti (Uzhavar Sandhai ),Papaya,Papaya,Local,2026-09-20,2500.0,3000.0,2750.0
Tamil Nadu,Salem,Thammampatti (Uzhavar Sandhai ),Bottle gourd,Bottle Gourd,Local,2026-09-20,2000.0,2500.0,2250.0
Tamil Nadu,Salem,Thammampatti (Uzhavar Sandhai ),Tapioca,Tapioca,Local,2026-09-20,4000.0,4000.0,4000.0
Tamil Nadu,Salem,Thammampatti (Uzhavar Sandhai ),Carrot,Pusakesar,Local,2026-09-20,5500.0,5800.0,5650.0
Tamil Nadu,Salem,Thammampatti (Uzhavar Sandhai ),Chow Chow,Chow Chow,Local,2026-09-20,4000.0,4000.0,4000.0
Tamil Nadu,Salem,Thammampatti (Uzhavar Sandhai ),Lemon,Lemon,Local,2026-09-20,8000.0,9000.0,8500.0
Tamil Nadu,Salem,Thammampatti (Uzhavar Sandhai ),Mint(Pudina),Mint(Pudina),Local,2026-09-20,4000.0,4000.0,4000.0
Tamil Nadu,Salem,Thathakapatti(Uzhavar Sandhai ),Coriander(Leaves),I Sort,Local,2026-09-20,4500.0,5000.0,4750.0
Tamil Nadu,Salem,Thathakapatti(Uzhavar Sandhai ),Papaya,Papaya,Local,2026-09-20,3500.0,4000.0,3750.0
Tamil Nadu,Salem,Thathakapatti(Uzhavar Sandhai ),Ashgourd,Gouard,Local,2026-09-20,1500.0,2000.0,1750.0
Tamil Nadu,Salem,Thathakapatti(Uzhavar Sandhai ),Pumpkin,Pumpkin,Local,2026-09-20,1500.0,2000.0,1750.0
Tamil Nadu,Salem,Thathakapatti(Uzhavar Sandhai ),Sweet Potato,Hosur Red,Local,2026-09-20,4000.0,5000.0,4500.0
Tamil Nadu,Salem,Thathakapatti(Uzhavar Sandhai ),Snakeguard,Snakeguard,Local,2026-09-20,3400.0,3600.0,3500.0
Tamil Nadu,Salem,Thathakapatti(Uzhavar Sandhai ),Cucumbar(Kheera),Cucumbar,Local,2026-09-20,4000.0,5000.0,4500.0
Tamil Nadu,Salem,Thathakapatti(Uzhavar Sandhai ),Raddish,Raddish,Local,2026-09-20,2400.0,2600.0,2500.0
Tamil Nadu,Salem,Thathakapatti(Uzhavar Sandhai ),Knool Khol,Knool Khol,Local,2026-09-20,3500.0,4000.0,3750.0
Tamil Nadu,Salem,Thathakapatti(Uzhavar Sandhai ),Guava,Guava Allahabad,Local,2026-09-20,5000.0,7500.0,6250.0
Tamil Nadu,Salem,Thathakapatti(Uzhavar Sandhai ),Tamarind Fruit,Tamarind Fruit,Local,2026-09-20,14000.0,15000.0,14500.0
Tamil Nadu,Salem,Thathakapatti(Uzhavar Sandhai ),Yam(Ratalu),Yam (Ratalu),Local,2026-09-20,7000.0,8000.0,7500.0
Tamil Nadu,Salem,Thathakapatti(Uzhavar Sandhai ),Rose(Local),Rose (Local),Local,2026-09-20,10000.0,12000.0,11000.0
Tamil Nadu,Theni,Chinnamanur(Uzhavar Sandhai ),Potato,Other,Local,2026-09-20,3000.0,3000.0,3000.0
Tamil Nadu,Theni,Chinnamanur(Uzhavar Sandhai ),Cluster beans,Cluster Beans,Local,2026-09-20,3200.0,3200.0,3200.0
Tamil Nadu,Theni,Chinnamanur(Uzhavar Sandhai ),Bitter gourd,Other,Local,2026-09-20,3800.0,3800.0,3800.0
Tamil Nadu,Theni,Chinnamanur(Uzhavar Sandhai ),Beetroot,Beetroot,Local,2026-09-20,3600.0,3600.0,3600.0
Tamil Nadu,Theni,Chinnamanur(Uzhavar Sandhai ),Green Avare(W),Other,Local,2026-09-20,7600.0,7600.0,7600.0
Tamil Nadu,Theni,Chinnamanur(Uzhavar Sandhai ),Lime,Lime,Local,2026-09-20,9600.0,9600.0,9600.0
Tamil Nadu,Theni,Kambam(Uzhavar Sandhai ),Banana,Besrai,Local,2026-09-20,7000.0,7000.0,7000.0
Tamil Nadu,Theni,Kambam(Uzhavar Sandhai ),Onion,Bellary,Local,2026-09-20,6500.0,6500.0,6500.0
Tamil Nadu,Theni,Kambam(Uzhavar Sandhai ),Tomato,Local,Local,2026-09-20,2400.0,2400.0,2400.0
Tamil Nadu,Theni,Kambam(Uzhavar Sandhai ),Snakeguard,Snakeguard,Local,2026-09-20,3800.0,3800.0,3800.0
Tamil Nadu,Theni,Kambam(Uzhavar Sandhai ),Beetroot,Beetroot,Local,2026-09-20,3600.0,3600.0,3600.0
Tamil Nadu,Theni,Kambam(Uzhavar Sandhai ),Green Avare(W),Green Avare (W),Local,2026-09-20,7200.0,7200.0,7200.0
Tamil Nadu,Theni,Kambam(Uzhavar Sandhai ),Lemon,Lemon,Local,2026-09-20,22000.0,22000.0,22000.0
Tamil Nadu,Theni,Theni(Uzhavar Sandhai ),Orange,Darjeeling,Local,2026-09-20,16000.0,16000.0,16000.0
Tamil Nadu,Theni,Theni(Uzhavar Sandhai ),Pineapple,Pine Apple,Local,2026-09-20,8000.0,8000.0,8000.0
Tamil Nadu,Theni,Theni(Uzhavar Sandhai ),Grapes,Annabesahai,Local,2026-09-20,13000.0,13000.0,13000.0
Tamil Nadu,Theni,Theni(Uzhavar Sandhai ),Pumpkin,Pumpkin,Local,2026-09-20,1500.0,1800.0,1650.0
Tamil Nadu,Theni,Theni(Uzhavar Sandhai ),Ginger(Green),Green Ginger,Local,2026-09-20,7500.0,16000.0,11750.0
Tamil Nadu,Theni,Theni(Uzhavar Sandhai ),Raddish,Raddish,Local,2026-09-20,2400.0,2400.0,2400.0
Tamil Nadu,Theni,Theni(Uzhavar Sandhai ),Thondekai,Thondekai,Local,2026-09-20,3500.0,3500.0,3500.0
Tamil Nadu,Theni,Theni(Uzhavar Sandhai ),Mashrooms,Mashrooms,Local,2026-09-20,25000.0,25000.0,25000.0
Tamil Nadu,Thirunelveli,Kandiyaperi(Uzhavar Sandhai ),Tomato,Other,Local,2026-09-20,1800.0,2000.0,1900.0
Tamil Nadu,Thirunelveli,NGO Colony(Uzhavar Sandhai ),Onion,Bellary,Local,2026-09-20,5500.0,6300.0,5900.0
Tamil Nadu,Thirunelveli,NGO Colony(Uzhavar Sandhai ),Brinjal,Round,Local,2026-09-20,3000.0,3800.0,3400.0
Tamil Nadu,Thirunelveli,NGO Colony(Uzhavar Sandhai ),Green Chilli,Green Chilly,Local,2026-09-20,3500.0,4000.0,3750.0
Tamil Nadu,Thirunelveli,NGO Colony(Uzhavar Sandhai ),Carrot,Pusakesar,Local,2026-09-20,4000.0,4800.0,4400.0
Tamil Nadu,Thirunelveli,NGO Colony(Uzhavar Sandhai ),Snakeguard,Snakeguard,Local,2026-09-20,1500.0,2000.0,1750.0
Tamil Nadu,Thirunelveli,NGO Colony(Uzhavar Sandhai ),Onion Green,Onion Green,Local,2026-09-20,9000.0,10600.0,9800.0
Tamil Nadu,Thirunelveli,Palayamkottai(Uzhavar Sandhai ),Grapes,Annabesahai,Local,2026-09-20,11000.0,12000.0,11500.0
Tamil Nadu,Thirunelveli,Palayamkottai(Uzhavar Sandhai ),Chikoos(Sapota),Sapota,Local,2026-09-20,4000.0,5000.0,4500.0
Tamil Nadu,Thirunelveli,Palayamkottai(Uzhavar Sandhai ),Bhindi(Ladies Finger),Bhindi,Local,2026-09-20,3600.0,4000.0,3800.0
Tamil Nadu,Thirunelveli,Palayamkottai(Uzhavar Sandhai ),Cowpea(Veg),Cowpea (Veg),Local,2026-09-20,3000.0,3200.0,3100.0
Tamil Nadu,Thirunelveli,Palayamkottai(Uzhavar Sandhai ),Banana - Green,Banana - Green,Local,2026-09-20,2500.0,3000.0,2750.0
Tamil Nadu,Thirunelveli,Palayamkottai(Uzhavar Sandhai ),Raddish,Raddish,Local,2026-09-20,3000.0,3500.0,3250.0
Tamil Nadu,Thirunelveli,Palayamkottai(Uzhavar Sandhai ),Green Avare(W),Green Avare (W),Local,2026-09-20,8600.0,10000.0,9300.0
Tamil Nadu,Thirunelveli,Palayamkottai(Uzhavar Sandhai ),Lime,Lime,Local,2026-09-20,15000.0,17000.0,16000.0
Tamil Nadu,Thirunelveli,Palayamkottai(Uzhavar Sandhai ),Guava,Guava Allahabad,Local,2026-09-20,6000.0,8000.0,7000.0
Tamil Nadu,Thirupur,Kangayam(Uzhavar Sandhai ),Brinjal,Round,Local,2026-09-20,5500.0,6000.0,5750.0
Tamil Nadu,Thirupur,Kangayam(Uzhavar Sandhai ),Bottle gourd,Bottle Gourd,Local,2026-09-20,1500.0,1800.0,1650.0
Tamil Nadu,Thirupur,Kangayam(Uzhavar Sandhai ),Snakeguard,Snakeguard,Local,2026-09-20,4000.0,4500.0,4250.0
Tamil Nadu,Thirupur,Kangayam(Uzhavar Sandhai ),Raddish,Raddish,Local,2026-09-20,3000.0,3500.0,3250.0
Tamil Nadu,Thirupur,Tiruppur (North) (Uzhavar Sandhai ),Cauliflower,Ranchi,Local,2026-09-20,3500.0,4000.0,3750.0
Tamil Nadu,Thirupur,Tiruppur (North) (Uzhavar Sandhai ),Brinjal,Other,Local,2026-09-20,2500.0,3000.0,2750.0
Tamil Nadu,Thirupur,Tiruppur (North) (Uzhavar Sandhai ),Cowpea(Veg),Cowpea (Veg),Local,2026-09-20,3000.0,3500.0,3250.0
Tamil Nadu,Thirupur,Tiruppur (North) (Uzhavar Sandhai ),Sweet Potato,Hosur Red,Local,2026-09-20,3500.0,4000.0,3750.0
Tamil Nadu,Thirupur,Tiruppur (North) (Uzhavar Sandhai ),Cabbage,Cabbage,Local,2026-09-20,2500.0,3000.0,2750.0
Tamil Nadu,Thirupur,Tiruppur (North) (Uzhavar Sandhai ),Chow Chow,Chow Chow,Local,2026-09-20,2500.0,3000.0,2750.0
Tamil Nadu,Thirupur,Tiruppur (North) (Uzhavar Sandhai ),Elephant Yam(Suran)/Amorphophallus,Elephant Yam (Suran),Local,2026-09-20,4500.0,5000.0,4750.0
Tamil Nadu,Thirupur,Tiruppur (North) (Uzhavar Sandhai ),Sweet Corn,Sweet Corn,Local,2026-09-20,1500.0,2000.0,1750.0
Tamil Nadu,Thiruvannamalai,Chengam(Uzhavar Sandhai ),Potato,Red Nanital,Local,2026-09-20,2500.0,3000.0,2750.0
Tamil Nadu,Thiruvannamalai,Chengam(Uzhavar Sandhai ),Cauliflower,Ranchi,Local,2026-09-20,3300.0,4000.0,3650.0
Tamil Nadu,Thiruvannamalai,Chengam(Uzhavar Sandhai ),Brinjal,Round,Local,2026-09-20,2500.0,3000.0,2750.0
Tamil Nadu,Thiruvannamalai,Chengam(Uzhavar Sandhai ),Cluster beans,Cluster Beans,Local,2026-09-20,3300.0,4000.0,3650.0
Tamil Nadu,Thiruvannamalai,Chengam(Uzhavar Sandhai ),Green Chilli,Green Chilly,Local,2026-09-20,7000.0,8000.0,7500.0
Tamil Nadu,Thiruvannamalai,Chengam(Uzhavar Sandhai ),Raddish,Raddish,Local,2026-09-20,2500.0,3000.0,2750.0
Tamil Nadu,Thiruvannamalai,Chengam(Uzhavar Sandhai ),Yam(Ratalu),Yam (Ratalu),Local,2026-09-20,5000.0,6000.0,5500.0
Tamil Nadu,Thiruvannamalai,Chengam(Uzhavar Sandhai ),Mint(Pudina),Mint(Pudina),Local,2026-09-20,3300.0,4000.0,3650.0
Tamil Nadu,Thiruvannamalai,Tamarainagar(Uzhavar Sandhai ),Ashgourd,Gouard,Local,2026-09-20,2000.0,2400.0,2200.0
Tamil Nadu,Thiruvannamalai,Tamarainagar(Uzhavar Sandhai ),Bhindi(Ladies Finger),Bhindi,Local,2026-09-20,3500.0,4000.0,3750.0
Tamil Nadu,Thiruvannamalai,Tamarainagar(Uzhavar Sandhai ),Green Chilli,Green Chilly,Local,2026-09-20,4000.0,5000.0,4500.0
Tamil Nadu,Thiruvannamalai,Tamarainagar(Uzhavar Sandhai ),Tapioca,Tapioca,Local,2026-09-20,2000.0,2400.0,2200.0
Tamil Nadu,Thiruvannamalai,Tamarainagar(Uzhavar Sandhai ),Sweet Potato,Hosur Red,Local,2026-09-20,5000.0,6000.0,5500.0
Tamil Nadu,Thiruvannamalai,Tamarainagar(Uzhavar Sandhai ),Thondekai,Thondekai,Local,2026-09-20,3500.0,4000.0,3750.0
Tamil Nadu,Thiruvannamalai,Tamarainagar(Uzhavar Sandhai ),Drumstick,Drumstick,Local,2026-09-20,4000.0,5000.0,4500.0
Tamil Nadu,Thiruvannamalai,Tamarainagar(Uzhavar Sandhai ),Tamarind Fruit,Tamarind Fruit,Local,2026-09-20,10000.0,12000.0,11000.0
Tamil Nadu,Thiruvannamalai,Tamarainagar(Uzhavar Sandhai ),Amla(Nelli Kai),Amla,Local,2026-09-20,12000.0,14000.0,13000.0
Tamil Nadu,Thiruvannamalai,Vandavasi(Uzhavar Sandhai ),Potato,Other,Local,2026-09-20,3000.0,3600.0,3300.0
Tamil Nadu,Thiruvannamalai,Vandavasi(Uzhavar Sandhai ),Tomato,Local,Local,2026-09-20,2500.0,3000.0,2750.0
Tamil Nadu,Thiruvannamalai,Vandavasi(Uzhavar Sandhai ),Pumpkin,Pumpkin,Local,2026-09-20,2500.0,3000.0,2750.0
Tamil Nadu,Thiruvannamalai,Vandavasi(Uzhavar Sandhai ),Carrot,Pusakesar,Local,2026-09-20,5000.0,6000.0,5500.0
Tamil Nadu,Thiruvannamalai,Vandavasi(Uzhavar Sandhai ),Thondekai,Thondekai,Local,2026-09-20,3500.0,4000.0,3750.0
Tamil Nadu,Thiruvarur,Muthupettai(Uzhavar Sandhai ),Potato,Red Nanital,Local,2026-09-20,3000.0,3000.0,3000.0
Tamil Nadu,Thiruvarur,Muthupettai(Uzhavar Sandhai ),Coconut,Coconut,Local,2026-09-20,4000.0,4000.0,4000.0
Tamil Nadu,Thiruvarur,Muthupettai(Uzhavar Sandhai ),Snakeguard,Snakeguard,Local,2026-09-20,3400.0,3400.0,3400.0
Tamil Nadu,Thiruvarur,Muthupettai(Uzhavar Sandhai ),Lemon,Lemon,Local,2026-09-20,20000.0,20000.0,20000.0
Tamil Nadu,Coimbatore,Sulur(Uzhavar Sandhai ),Potato,Red Nanital,Local,2026-09-20,5000.0,7000.0,6000.0
Tamil Nadu,Coimbatore,Sulur(Uzhavar Sandhai ),Cluster beans,Cluster Beans,Local,2026-09-20,3400.0,3800.0,3600.0
Tamil Nadu,Coimbatore,Sulur(Uzhavar Sandhai ),Beans,Beans (Whole),Local,2026-09-20,6600.0,7200.0,6900.0
Tamil Nadu,Coimbatore,Sulur(Uzhavar Sandhai ),Cabbage,Cabbage,Local,2026-09-20,2200.0,2500.0,2350.0
Tamil Nadu,Coimbatore,Sulur(Uzhavar Sandhai ),Thondekai,Thondekai,Local,2026-09-20,4000.0,4400.0,4200.0
Tamil Nadu,Coimbatore,Sulur(Uzhavar Sandhai ),Green Avare(W),Green Avare (W),Local,2026-09-20,6000.0,6500.0,6250.0
Tamil Nadu,Coimbatore,Sulur(Uzhavar Sandhai ),Lemon,Lemon,Local,2026-09-20,24000.0,26000.0,25000.0
Tamil Nadu,Pudukkottai,Gandarvakottai(Uzhavar Sandhai ),Onion,Bellary,Local,2026-09-20,6500.0,7000.0,6750.0
Tamil Nadu,Pudukkottai,Gandarvakottai(Uzhavar Sandhai ),Cluster beans,Cluster Beans,Local,2026-09-20,3500.0,4000.0,3750.0
Tamil Nadu,Pudukkottai,Gandarvakottai(Uzhavar Sandhai ),Bhindi(Ladies Finger),Bhindi,Local,2026-09-20,2500.0,3000.0,2750.0
Tamil Nadu,Pudukkottai,Gandarvakottai(Uzhavar Sandhai ),Ridgeguard(Tori),Ridgeguard(Tori),Local,2026-09-20,5500.0,6000.0,5750.0
Tamil Nadu,Pudukkottai,Gandarvakottai(Uzhavar Sandhai ),Drumstick,Drumstick,Local,2026-09-20,4500.0,5000.0,4750.0
Tamil Nadu,Pudukkottai,Gandarvakottai(Uzhavar Sandhai ),Mango(Raw-Ripe),Mango - Raw-Ripe,Local,2026-09-20,9500.0,10000.0,9750.0
Tamil Nadu,Cuddalore,Panruti(Uzhavar Sandhai ),Tomato,Deshi,Local,2026-09-20,2500.0,2500.0,2500.0
Tamil Nadu,Cuddalore,Panruti(Uzhavar Sandhai ),Green Chilli,Green Chilly,Local,2026-09-20,5000.0,5000.0,5000.0
Tamil Nadu,Cuddalore,Panruti(Uzhavar Sandhai ),Coconut,Coconut,Local,2026-09-20,6000.0,6000.0,6000.0
Tamil Nadu,Cuddalore,Panruti(Uzhavar Sandhai ),Snakeguard,Snakeguard,Local,2026-09-20,2000.0,2000.0,2000.0
Tamil Nadu,Cuddalore,Panruti(Uzhavar Sandhai ),Ridgeguard(Tori),Ridgeguard(Tori),Local,2026-09-20,6000.0,6000.0,6000.0
Tamil Nadu,Cuddalore,Panruti(Uzhavar Sandhai ),Green Avare(W),Green Avare (W),Local,2026-09-20,6000.0,6000.0,6000.0
Tamil Nadu,Cuddalore,Panruti(Uzhavar Sandhai ),Drumstick,Drumstick,Local,2026-09-20,4000.0,4000.0,4000.0
Tamil Nadu,Cuddalore,Panruti(Uzhavar Sandhai ),Jack Fruit(Ripe),Jack Fruit,Local,2026-09-20,10000.0,10000.0,10000.0
Tamil Nadu,Cuddalore,Vadalur(Uzhavar Sandhai ),Banana,Red Banana,Local,2026-09-20,8000.0,8000.0,8000.0
Tamil Nadu,Cuddalore,Vadalur(Uzhavar Sandhai ),Tomato,Local,Local,2026-09-20,3000.0,3000.0,3000.0
Tamil Nadu,Cuddalore,Vadalur(Uzhavar Sandhai ),Bottle gourd,Bottle Gourd,Local,2026-09-20,2000.0,2000.0,2000.0
Tamil Nadu,Cuddalore,Vadalur(Uzhavar Sandhai ),Cabbage,Cabbage,Local,2026-09-20,3000.0,3000.0,3000.0
Tamil Nadu,Cuddalore,Vadalur(Uzhavar Sandhai ),Thondekai,Thondekai,Local,2026-09-20,4000.0,4000.0,4000.0
Tamil Nadu,Cuddalore,Vadalur(Uzhavar Sandhai ),Green Avare(W),Other,Local,2026-09-20,6000.0,6000.0,6000.0
Tamil Nadu,Cuddalore,Vadalur(Uzhavar Sandhai ),Onion Green,Onion Green,Local,2026-09-20,8000.0,8000.0,8000.0
Tamil Nadu,Dharmapuri,AJattihalli(Uzhavar Sandhai ),Banana,Red Banana,Local,2026-09-20,8500.0,8500.0,8500.0
Tamil Nadu,Dharmapuri,AJattihalli(Uzhavar Sandhai ),Potato,Other,Local,2026-09-20,2400.0,2800.0,2600.0
Tamil Nadu,Dharmapuri,AJattihalli(Uzhavar Sandhai ),Garlic,Garlic,Local,2026-09-20,20000.0,24000.0,22000.0
Tamil Nadu,Dharmapuri,AJattihalli(Uzhavar Sandhai ),Tomato,Deshi,Local,2026-09-20,2000.0,2500.0,2250.0
Tamil Nadu,Dharmapuri,AJattihalli(Uzhavar Sandhai ),Cluster beans,Cluster Beans,Local,2026-09-20,1800.0,1800.0,1800.0
Tamil Nadu,Dharmapuri,AJattihalli(Uzhavar Sandhai ),Pumpkin,Pumpkin,Local,2026-09-20,1500.0,1500.0,1500.0
Tamil Nadu,Dharmapuri,AJattihalli(Uzhavar Sandhai ),Carrot,Pusakesar,Local,2026-09-20,6400.0,6400.0,6400.0
Tamil Nadu,Dharmapuri,AJattihalli(Uzhavar Sandhai ),Cabbage,Cabbage,Local,2026-09-20,2600.0,3000.0,2800.0
Tamil Nadu,Dharmapuri,AJattihalli(Uzhavar Sandhai ),Beetroot,Beetroot,Local,2026-09-20,5000.0,5200.0,5100.0
Tamil Nadu,Dharmapuri,AJattihalli(Uzhavar Sandhai ),Raddish,Raddish,Local,2026-09-20,1600.0,2000.0,1800.0
Tamil Nadu,Dharmapuri,AJattihalli(Uzhavar Sandhai ),Capsicum,Capsicum,Local,2026-09-20,7000.0,7000.0,7000.0
Tamil Nadu,Dharmapuri,AJattihalli(Uzhavar Sandhai ),Lemon,Lemon,Local,2026-09-20,25000.0,32000.0,28500.0
Tamil Nadu,Dharmapuri,AJattihalli(Uzhavar Sandhai ),Colacasia,Colacasia,Local,2026-09-20,6600.0,6600.0,6600.0
Tamil Nadu,Dharmapuri,AJattihalli(Uzhavar Sandhai ),Onion Green,Onion Green,Local,2026-09-20,7000.0,8000.0,7500.0
Tamil Nadu,Dharmapuri,AJattihalli(Uzhavar Sandhai ),Baby Corn,Baby Corn,Grade A,2026-09-20,2500.0,2500.0,2500.0
Tamil Nadu,Thanjavur,Peravurani(Uzhavar Sandhai),Brinjal,Round,Local,2026-09-20,3400.0,4400.0,3900.0
Tamil Nadu,Thanjavur,Peravurani(Uzhavar Sandhai),Pumpkin,Pumpkin,Local,2026-09-20,2500.0,2500.0,2500.0
Tamil Nadu,Thanjavur,Peravurani(Uzhavar Sandhai),Beans,Beans (Whole),Local,2026-09-20,8200.0,8200.0,8200.0
Tamil Nadu,Karur,Pallapatti (Uzhavar Sandhai ),Chikoos(Sapota),Sapota,Local,2026-09-20,4500.0,5000.0,4750.0
Tamil Nadu,Karur,Pallapatti (Uzhavar Sandhai ),Cluster beans,Cluster Beans,Local,2026-09-20,3500.0,4000.0,3750.0
Tamil Nadu,Karur,Pallapatti (Uzhavar Sandhai ),Bhindi(Ladies Finger),Bhindi,Local,2026-09-20,4500.0,5000.0,4750.0
Tamil Nadu,Karur,Pallapatti (Uzhavar Sandhai ),Amaranthus,Amaranthus,Local,2026-09-20,2500.0,3000.0,2750.0
Tamil Nadu,Karur,Pallapatti (Uzhavar Sandhai ),Guava,Guava Allahabad,Local,2026-09-20,5500.0,6000.0,5750.0
Tamil Nadu,Karur,Pallapatti (Uzhavar Sandhai ),Onion Green,Onion Green,Local,2026-09-20,8500.0,9000.0,8750.0
Tamil Nadu,Karur,Velayuthampalayam(Uzhavar Sandhai ),Bottle gourd,Bottle Gourd,Local,2026-09-20,2000.0,2500.0,2250.0
Tamil Nadu,Karur,Velayuthampalayam(Uzhavar Sandhai ),Amaranthus,Amaranthus,Local,2026-09-20,2000.0,2500.0,2250.0
Tamil Nadu,Karur,Velayuthampalayam(Uzhavar Sandhai ),Mint(Pudina),Mint(Pudina),Local,2026-09-20,5200.0,6000.0,5600.0
Tamil Nadu,Karur,Vengamedu(Uzhavar Sandhai ),Coriander(Leaves),I Sort,Local,2026-09-20,5500.0,6000.0,5750.0
Tamil Nadu,Karur,Vengamedu(Uzhavar Sandhai ),Bitter gourd,Other,Local,2026-09-20,5000.0,5500.0,5250.0
Tamil Nadu,Karur,Vengamedu(Uzhavar Sandhai ),Bottle gourd,Bottle Gourd,Local,2026-09-20,2500.0,3000.0,2750.0
Tamil Nadu,Theni,Devaram(Uzhavar Sandhai ),Papaya,Papaya,Local,2026-09-20,3000.0,3000.0,3000.0
Tamil Nadu,Theni,Devaram(Uzhavar Sandhai ),Tomato,Deshi,Local,2026-09-20,2400.0,2400.0,2400.0
Tamil Nadu,Theni,Devaram(Uzhavar Sandhai ),Pumpkin,Pumpkin,Local,2026-09-20,1500.0,1500.0,1500.0
Tamil Nadu,Theni,Devaram(Uzhavar Sandhai ),Banana - Green,Banana - Green,Local,2026-09-20,3000.0,3000.0,3000.0
Tamil Nadu,Theni,Devaram(Uzhavar Sandhai ),Coconut,Coconut,Local,2026-09-20,5600.0,5600.0,5600.0
Tamil Nadu,Theni,Devaram(Uzhavar Sandhai ),Snakeguard,Snakeguard,Local,2026-09-20,2500.0,2500.0,2500.0
Tamil Nadu,Theni,Devaram(Uzhavar Sandhai ),Beetroot,Beetroot,Local,2026-09-20,3600.0,3600.0,3600.0
Tamil Nadu,Theni,Devaram(Uzhavar Sandhai ),Lemon,Lemon,Local,2026-09-20,22000.0,22000.0,22000.0
Tamil Nadu,Salem,Attayampatti(Uzhavar Sandhai ),Ashgourd,Gouard,Local,2026-09-20,2000.0,2200.0,2100.0
Tamil Nadu,Salem,Attayampatti(Uzhavar Sandhai ),Pumpkin,Pumpkin,Local,2026-09-20,2000.0,2400.0,2200.0
Tamil Nadu,Salem,Attayampatti(Uzhavar Sandhai ),Tapioca,Tapioca,Local,2026-09-20,3500.0,3500.0,3500.0
Tamil Nadu,Salem,Attayampatti(Uzhavar Sandhai ),Coconut,Coconut,Local,2026-09-20,6500.0,6500.0,6500.0
Tamil Nadu,Salem,Attayampatti(Uzhavar Sandhai ),Sweet Potato,Hosur Red,Local,2026-09-20,5000.0,5000.0,5000.0
Tamil Nadu,Salem,Attayampatti(Uzhavar Sandhai ),Green Avare(W),Green Avare (W),Local,2026-09-20,6000.0,7000.0,6500.0
Tamil Nadu,Salem,Attayampatti(Uzhavar Sandhai ),Guava,Guava Allahabad,Local,2026-09-20,5000.0,6000.0,5500.0
Tamil Nadu,Sivaganga,Sivagangai (Uzhavar Sandhai ),Cluster beans,Cluster Beans,Local,2026-09-20,3800.0,4200.0,4000.0
Tamil Nadu,Sivaganga,Sivagangai (Uzhavar Sandhai ),Pumpkin,Pumpkin,Local,2026-09-20,1800.0,2200.0,2000.0
Tamil Nadu,Sivaganga,Sivagangai (Uzhavar Sandhai ),Ridgeguard(Tori),Ridgeguard(Tori),Local,2026-09-20,3800.0,4600.0,4200.0
Tamil Nadu,Sivaganga,Sivagangai (Uzhavar Sandhai ),Drumstick,Drumstick,Local,2026-09-20,4200.0,6200.0,5200.0
Tamil Nadu,Sivaganga,Sivagangai (Uzhavar Sandhai ),Mashrooms,Mashrooms,Local,2026-09-20,25000.0,25000.0,25000.0
Tamil Nadu,Sivaganga,Devakottai (Uzhavar Sandhai ),Banana,Besrai,Local,2026-09-20,3600.0,4000.0,3800.0
Tamil Nadu,Sivaganga,Devakottai (Uzhavar Sandhai ),Chikoos(Sapota),Sapota,Local,2026-09-20,4400.0,6200.0,5300.0
Tamil Nadu,Sivaganga,Devakottai (Uzhavar Sandhai ),Carrot,Pusakesar,Local,2026-09-20,4000.0,4600.0,4300.0
Tamil Nadu,Sivaganga,Devakottai (Uzhavar Sandhai ),Beetroot,Beetroot,Local,2026-09-20,4600.0,5200.0,4900.0
Tamil Nadu,Salem,Edapadi (Uzhavar Sandhai ),Bhindi(Ladies Finger),Bhindi,Local,2026-09-20,2200.0,2600.0,2400.0
Tamil Nadu,Salem,Edapadi (Uzhavar Sandhai ),Green Chilli,Green Chilly,Local,2026-09-20,4000.0,4500.0,4250.0
Tamil Nadu,Salem,Edapadi (Uzhavar Sandhai ),Banana - Green,Banana - Green,Local,2026-09-20,2400.0,2800.0,2600.0
Tamil Nadu,Salem,Edapadi (Uzhavar Sandhai ),Cabbage,Cabbage,Local,2026-09-20,2800.0,3000.0,2900.0
Tamil Nadu,Salem,Edapadi (Uzhavar Sandhai ),Drumstick,Drumstick,Local,2026-09-20,3000.0,3500.0,3250.0
Tamil Nadu,Salem,Edapadi (Uzhavar Sandhai ),Knool Khol,Knool Khol,Local,2026-09-20,4000.0,4500.0,4250.0
Tamil Nadu,Salem,Edapadi (Uzhavar Sandhai ),Amla(Nelli Kai),Amla,Local,2026-09-20,11000.0,12000.0,11500.0
Tamil Nadu,Salem,Elampillai(Uzhavar Sandhai ),Banana,Red Banana,Local,2026-09-20,7500.0,8000.0,7750.0
Tamil Nadu,Salem,Elampillai(Uzhavar Sandhai ),Garlic,Garlic,Local,2026-09-20,27000.0,28000.0,27500.0
Tamil Nadu,Salem,Elampillai(Uzhavar Sandhai ),Cabbage,Cabbage,Local,2026-09-20,3000.0,3400.0,3200.0
Tamil Nadu,Salem,Elampillai(Uzhavar Sandhai ),Cucumbar(Kheera),Cucumbar,Local,2026-09-20,4000.0,4500.0,4250.0
Tamil Nadu,Salem,Elampillai(Uzhavar Sandhai ),Chow Chow,Chow Chow,Local,2026-09-20,4000.0,4500.0,4250.0
Tamil Nadu,Salem,Elampillai(Uzhavar Sandhai ),Onion Green,Onion Green,Local,2026-09-20,7000.0,8000.0,7500.0
Tamil Nadu,Salem,Elampillai(Uzhavar Sandhai ),Mint(Pudina),Mint(Pudina),Local,2026-09-20,4000.0,4500.0,4250.0
Tamil Nadu,Salem,Hasthampatti(Uzhavar Sandhai ),Coriander(Leaves),I Sort,Local,2026-09-20,1800.0,2000.0,1900.0
Tamil Nadu,Salem,Hasthampatti(Uzhavar Sandhai ),Tomato,Local,Local,2026-09-20,2500.0,2800.0,2650.0
Tamil Nadu,Salem,Hasthampatti(Uzhavar Sandhai ),Amaranthus,Amaranthus,Local,2026-09-20,2000.0,2400.0,2200.0
Tamil Nadu,Salem,Hasthampatti(Uzhavar Sandhai ),Ginger(Green),Green Ginger,Local,2026-09-20,17000.0,17500.0,17250.0
Tamil Nadu,Salem,Hasthampatti(Uzhavar Sandhai ),Beetroot,Beetroot,Local,2026-09-20,6500.0,7000.0,6750.0
Tamil Nadu,Salem,Hasthampatti(Uzhavar Sandhai ),Tamarind Fruit,Tamarind Fruit,Local,2026-09-20,15000.0,16000.0,15500.0
Tamil Nadu,Salem,Hasthampatti(Uzhavar Sandhai ),Baby Corn,Baby Corn,Grade A,2026-09-20,2500.0,3000.0,2750.0
Tamil Nadu,Salem,Jalagandapuram(Uzhavar Sandhai ),Groundnut,Big (With Shell),Local,2026-09-20,6500.0,7000.0,6750.0
Tamil Nadu,Salem,Jalagandapuram(Uzhavar Sandhai ),Banana,Red Banana,Local,2026-09-20,6000.0,7000.0,6500.0
Tamil Nadu,Salem,Jalagandapuram(Uzhavar Sandhai ),Potato,Other,Local,2026-09-20,2600.0,2800.0,2700.0
Tamil Nadu,Salem,Jalagandapuram(Uzhavar Sandhai ),Cluster beans,Cluster Beans,Local,2026-09-20,3000.0,3400.0,3200.0
Tamil Nadu,Salem,Jalagandapuram(Uzhavar Sandhai ),Green Chilli,Green Chilly,Local,2026-09-20,3600.0,4000.0,3800.0
Tamil Nadu,Salem,Jalagandapuram(Uzhavar Sandhai ),Cowpea(Veg),Cowpea (Veg),Local,2026-09-20,4500.0,5000.0,4750.0
Tamil Nadu,Salem,Jalagandapuram(Uzhavar Sandhai ),Banana - Green,Banana - Green,Local,2026-09-20,2500.0,2800.0,2650.0
Tamil Nadu,Salem,Jalagandapuram(Uzhavar Sandhai ),Cabbage,Cabbage,Local,2026-09-20,2500.0,3000.0,2750.0
Tamil Nadu,Salem,Jalagandapuram(Uzhavar Sandhai ),Raddish,Raddish,Local,2026-09-20,2000.0,2500.0,2250.0
Tamil Nadu,Salem,Jalagandapuram(Uzhavar Sandhai ),Capsicum,Capsicum,Local,2026-09-20,5400.0,5800.0,5600.0
Tamil Nadu,Salem,Jalagandapuram(Uzhavar Sandhai ),Lemon,Lemon,Local,2026-09-20,5000.0,6000.0,5500.0
Tamil Nadu,Sivaganga,Singampunari(Uzhavar Sandhai ),Onion,Bellary,Local,2026-09-20,4200.0,6600.0,5400.0
Tamil Nadu,Sivaganga,Singampunari(Uzhavar Sandhai ),Brinjal,Other,Local,2026-09-20,3400.0,3800.0,3600.0
Tamil Nadu,Sivaganga,Singampunari(Uzhavar Sandhai ),Bottle gourd,Bottle Gourd,Local,2026-09-20,2200.0,2800.0,2500.0
Tamil Nadu,Sivaganga,Singampunari(Uzhavar Sandhai ),Bhindi(Ladies Finger),Bhindi,Local,2026-09-20,3000.0,3400.0,3200.0
Tamil Nadu,Sivaganga,Singampunari(Uzhavar Sandhai ),Amaranthus,Amaranthus,Local,2026-09-20,3000.0,4000.0,3500.0
Tamil Nadu,Sivaganga,Singampunari(Uzhavar Sandhai ),Beetroot,Beetroot,Local,2026-09-20,4200.0,5200.0,4700.0
Tamil Nadu,Sivaganga,Singampunari(Uzhavar Sandhai ),Raddish,Raddish,Local,2026-09-20,2600.0,3000.0,2800.0
Tamil Nadu,Sivaganga,Singampunari(Uzhavar Sandhai ),Knool Khol,Knool Khol,Local,2026-09-20,4600.0,5000.0,4800.0
Tamil Nadu,Sivaganga,Singampunari(Uzhavar Sandhai ),Yam(Ratalu),Yam (Ratalu),Local,2026-09-20,6600.0,7200.0,6900.0
Tamil Nadu,Sivaganga,Karaikudi(Uzhavar Sandhai ),Cauliflower,Ranchi,Local,2026-09-20,3000.0,3500.0,3250.0
Tamil Nadu,Sivaganga,Karaikudi(Uzhavar Sandhai ),Papaya,Papaya,Local,2026-09-20,5000.0,5500.0,5250.0
Tamil Nadu,Sivaganga,Karaikudi(Uzhavar Sandhai ),Ashgourd,Gouard,Local,2026-09-20,2000.0,2200.0,2100.0
Tamil Nadu,Sivaganga,Karaikudi(Uzhavar Sandhai ),Coconut,Coconut,Local,2026-09-20,7200.0,7500.0,7350.0
Tamil Nadu,Sivaganga,Karaikudi(Uzhavar Sandhai ),Carrot,Pusakesar,Local,2026-09-20,3200.0,4500.0,3850.0
Tamil Nadu,Sivaganga,Karaikudi(Uzhavar Sandhai ),Raddish,Raddish,Local,2026-09-20,2800.0,3200.0,3000.0
Tamil Nadu,Sivaganga,Karaikudi(Uzhavar Sandhai ),Capsicum,Capsicum,Local,2026-09-20,6500.0,7500.0,7000.0
Tamil Nadu,Sivaganga,Karaikudi(Uzhavar Sandhai ),Chow Chow,Chow Chow,Local,2026-09-20,3000.0,3500.0,3250.0
Tamil Nadu,Sivaganga,Karaikudi(Uzhavar Sandhai ),Yam(Ratalu),Yam (Ratalu),Local,2026-09-20,7000.0,7500.0,7250.0
Tamil Nadu,Sivaganga,Karaikudi(Uzhavar Sandhai ),Lemon,Lemon,Local,2026-09-20,27000.0,29000.0,28000.0
Tamil Nadu,Sivaganga,Karaikudi(Uzhavar Sandhai ),Mint(Pudina),Mint(Pudina),Local,2026-09-20,6000.0,6500.0,6250.0
Tamil Nadu,Sivaganga,Tirupatthur(Uzhavar Sandhai ),Coriander(Leaves),I Sort,Local,2026-09-20,4400.0,5500.0,4950.0
Tamil Nadu,Sivaganga,Tirupatthur(Uzhavar Sandhai ),Chikoos(Sapota),Sapota,Local,2026-09-20,4400.0,6500.0,5450.0
Tamil Nadu,Sivaganga,Tirupatthur(Uzhavar Sandhai ),Bottle gourd,Bottle Gourd,Local,2026-09-20,2500.0,3000.0,2750.0
Tamil Nadu,Sivaganga,Tirupatthur(Uzhavar Sandhai ),Carrot,Pusakesar,Local,2026-09-20,3200.0,4500.0,3850.0
Tamil Nadu,Sivaganga,Tirupatthur(Uzhavar Sandhai ),Chow Chow,Chow Chow,Local,2026-09-20,3000.0,3500.0,3250.0
Tamil Nadu,Sivaganga,Tirupatthur(Uzhavar Sandhai ),Mango(Raw-Ripe),Mango - Raw-Ripe,Local,2026-09-20,12400.0,13500.0,12950.0
Tamil Nadu,Sivaganga,Tirupatthur(Uzhavar Sandhai ),Knool Khol,Knool Khol,Local,2026-09-20,4500.0,5000.0,4750.0
Tamil Nadu,Sivaganga,Tirupatthur(Uzhavar Sandhai ),Mint(Pudina),Mint(Pudina),Local,2026-09-20,6000.0,6500.0,6250.0
Tamil Nadu,Thanjavur,Pattukottai(Uzhavar Sandhai ),Potato,Red Nanital,Local,2026-09-20,3000.0,3000.0,3000.0
Tamil Nadu,Thanjavur,Pattukottai(Uzhavar Sandhai ),Garlic,Garlic,Local,2026-09-20,16000.0,16000.0,16000.0
Tamil Nadu,Thanjavur,Pattukottai(Uzhavar Sandhai ),Coriander(Leaves),I Sort,Local,2026-09-20,3800.0,3800.0,3800.0
Tamil Nadu,Thanjavur,Pattukottai(Uzhavar Sandhai ),Cluster beans,Cluster Beans,Local,2026-09-20,4000.0,4000.0,4000.0
Tamil Nadu,Thanjavur,Pattukottai(Uzhavar Sandhai ),Green Chilli,Green Chilly,Local,2026-09-20,4800.0,4800.0,4800.0
Tamil Nadu,Thanjavur,Pattukottai(Uzhavar Sandhai ),Snakeguard,Snakeguard,Local,2026-09-20,4400.0,4400.0,4400.0
Tamil Nadu,Thanjavur,Pattukottai(Uzhavar Sandhai ),Beetroot,Beetroot,Local,2026-09-20,5400.0,5400.0,5400.0
Tamil Nadu,Thanjavur,Pattukottai(Uzhavar Sandhai ),Ridgeguard(Tori),Ridgeguard(Tori),Local,2026-09-20,5600.0,5600.0,5600.0
Tamil Nadu,Thanjavur,Pattukottai(Uzhavar Sandhai ),Elephant Yam(Suran)/Amorphophallus,Elephant Yam (Suran),Local,2026-09-20,4500.0,4500.0,4500.0
Tamil Nadu,Thanjavur,Pattukottai(Uzhavar Sandhai ),Lemon,Lemon,Local,2026-09-20,14600.0,14600.0,14600.0
Tamil Nadu,Thanjavur,Pattukottai(Uzhavar Sandhai ),Colacasia,Colacasia,Local,2026-09-20,7000.0,7000.0,7000.0
Tamil Nadu,Thiruchirappalli,KKNagar(Uzhavar Sandhai ),Groundnut,Big (With Shell),Local,2026-09-20,8000.0,8000.0,8000.0
Tamil Nadu,Thiruchirappalli,KKNagar(Uzhavar Sandhai ),Apple,American,Local,2026-09-20,20000.0,20000.0,20000.0
Tamil Nadu,Thiruchirappalli,KKNagar(Uzhavar Sandhai ),Orange,Darjeeling,Local,2026-09-20,9000.0,9000.0,9000.0
Tamil Nadu,Thiruchirappalli,KKNagar(Uzhavar Sandhai ),Grapes,Annabesahai,Local,2026-09-20,12000.0,12000.0,12000.0
Tamil Nadu,Thiruchirappalli,KKNagar(Uzhavar Sandhai ),Onion,Bellary,Local,2026-09-20,6000.0,7000.0,6500.0
Tamil Nadu,Thiruchirappalli,KKNagar(Uzhavar Sandhai ),Chili Red,Bold,Local,2026-09-20,24000.0,24000.0,24000.0
Tamil Nadu,Thiruchirappalli,KKNagar(Uzhavar Sandhai ),Brinjal,Other,Local,2026-09-20,4600.0,4600.0,4600.0
Tamil Nadu,Thiruchirappalli,KKNagar(Uzhavar Sandhai ),Coriander(Leaves),I Sort,Local,2026-09-20,3500.0,3500.0,3500.0
Tamil Nadu,Thiruchirappalli,KKNagar(Uzhavar Sandhai ),Mousambi(Sweet Lime),Mousambi,Local,2026-09-20,6000.0,6000.0,6000.0
Tamil Nadu,Thiruchirappalli,KKNagar(Uzhavar Sandhai ),Tomato,Deshi,Local,2026-09-20,3000.0,3000.0,3000.0
Tamil Nadu,Thiruchirappalli,KKNagar(Uzhavar Sandhai ),Cluster beans,Cluster Beans,Local,2026-09-20,3600.0,3600.0,3600.0
Tamil Nadu,Thiruchirappalli,KKNagar(Uzhavar Sandhai ),Green Chilli,Green Chilly,Local,2026-09-20,4600.0,4600.0,4600.0
Tamil Nadu,Thiruchirappalli,KKNagar(Uzhavar Sandhai ),Banana - Green,Banana - Green,Local,2026-09-20,3000.0,3000.0,3000.0
Tamil Nadu,Thiruchirappalli,KKNagar(Uzhavar Sandhai ),Tapioca,Tapioca,Local,2026-09-20,4800.0,4800.0,4800.0
Tamil Nadu,Thiruchirappalli,KKNagar(Uzhavar Sandhai ),Mango(Raw-Ripe),Mango - Raw-Ripe,Local,2026-09-20,17000.0,17000.0,17000.0
Tamil Nadu,Thiruchirappalli,KKNagar(Uzhavar Sandhai ),Tender Coconut,Tender Coconut,Local,2026-09-20,4000.0,4500.0,4250.0
Tamil Nadu,Thiruchirappalli,KKNagar(Uzhavar Sandhai ),Tamarind Fruit,Tamarind Fruit,Local,2026-09-20,18000.0,18000.0,18000.0
Tamil Nadu,Thiruchirappalli,KKNagar(Uzhavar Sandhai ),Elephant Yam(Suran)/Amorphophallus,Elephant Yam (Suran),Local,2026-09-20,5000.0,5000.0,5000.0
Tamil Nadu,Thiruchirappalli,KKNagar(Uzhavar Sandhai ),Lemon,Lemon,Local,2026-09-20,20000.0,24000.0,22000.0
Tamil Nadu,Thiruchirappalli,Lalgudi(Uzhavar Sandhai ),Coriander(Leaves),I Sort,Local,2026-09-20,3600.0,3600.0,3600.0
Tamil Nadu,Thiruchirappalli,Lalgudi(Uzhavar Sandhai ),Cluster beans,Cluster Beans,Local,2026-09-20,3600.0,3600.0,3600.0
Tamil Nadu,Thiruchirappalli,Lalgudi(Uzhavar Sandhai ),Bottle gourd,Bottle Gourd,Local,2026-09-20,2500.0,2500.0,2500.0
Tamil Nadu,Thiruchirappalli,Lalgudi(Uzhavar Sandhai ),Green Chilli,Green Chilly,Local,2026-09-20,4400.0,4400.0,4400.0
Tamil Nadu,Thiruchirappalli,Lalgudi(Uzhavar Sandhai ),Carrot,Pusakesar,Local,2026-09-20,5000.0,5000.0,5000.0
Tamil Nadu,Thiruchirappalli,Lalgudi(Uzhavar Sandhai ),Cabbage,Cabbage,Local,2026-09-20,3000.0,3000.0,3000.0
Tamil Nadu,Thiruchirappalli,Lalgudi(Uzhavar Sandhai ),Beetroot,Beetroot,Local,2026-09-20,5000.0,5000.0,5000.0
Tamil Nadu,Thiruchirappalli,Lalgudi(Uzhavar Sandhai ),Drumstick,Drumstick,Local,2026-09-20,4000.0,4000.0,4000.0
Tamil Nadu,Thiruchirappalli,Lalgudi(Uzhavar Sandhai ),Mango(Raw-Ripe),Mango - Raw-Ripe,Local,2026-09-20,10000.0,10000.0,10000.0
Tamil Nadu,Thiruchirappalli,Lalgudi(Uzhavar Sandhai ),Amla(Nelli Kai),Amla,Local,2026-09-20,11000.0,11000.0,11000.0
Tamil Nadu,Thiruchirappalli,Lalgudi(Uzhavar Sandhai ),Onion Green,Onion Green,Local,2026-09-20,9000.0,9000.0,9000.0
Tamil Nadu,Thiruchirappalli,Manachanallur(Uzhavar Sandhai ),Onion,Bellary,Local,2026-09-20,5000.0,6500.0,5750.0
Tamil Nadu,Thiruchirappalli,Manachanallur(Uzhavar Sandhai ),Brinjal,Other,Local,2026-09-20,2000.0,2500.0,2250.0
Tamil Nadu,Thiruchirappalli,Manachanallur(Uzhavar Sandhai ),Snakeguard,Snakeguard,Local,2026-09-20,3500.0,4000.0,3750.0
Tamil Nadu,Thiruchirappalli,Manachanallur(Uzhavar Sandhai ),Thondekai,Thondekai,Local,2026-09-20,5000.0,5500.0,5250.0
Tamil Nadu,Thiruchirappalli,Manachanallur(Uzhavar Sandhai ),Drumstick,Drumstick,Local,2026-09-20,3500.0,4000.0,3750.0
Tamil Nadu,Thiruchirappalli,Manachanallur(Uzhavar Sandhai ),Mango(Raw-Ripe),Mango - Raw-Ripe,Local,2026-09-20,9000.0,11000.0,10000.0
Tamil Nadu,Thiruchirappalli,Manachanallur(Uzhavar Sandhai ),Onion Green,Onion Green,Local,2026-09-20,8000.0,10000.0,9000.0
Tamil Nadu,Thiruchirappalli,Manapparai(Uzhavar Sandhai ),Grapes,Annabesahai,Local,2026-09-20,9000.0,9000.0,9000.0
Tamil Nadu,Thiruchirappalli,Manapparai(Uzhavar Sandhai ),Amaranthus,Amaranthus,Local,2026-09-20,2000.0,2000.0,2000.0
Tamil Nadu,Thiruchirappalli,Manapparai(Uzhavar Sandhai ),Coconut,Coconut,Local,2026-09-20,7000.0,7000.0,7000.0
Tamil Nadu,Thiruchirappalli,Musiri(Uzhavar Sandhai ),Cluster beans,Cluster Beans,Local,2026-09-20,3000.0,3600.0,3300.0
Tamil Nadu,Thiruchirappalli,Musiri(Uzhavar Sandhai ),Bottle gourd,Bottle Gourd,Local,2026-09-20,1500.0,2000.0,1750.0
Tamil Nadu,Thiruchirappalli,Musiri(Uzhavar Sandhai ),Pumpkin,Pumpkin,Local,2026-09-20,1500.0,2000.0,1750.0
Tamil Nadu,Thiruchirappalli,Musiri(Uzhavar Sandhai ),Cowpea(Veg),Cowpea (Veg),Local,2026-09-20,2600.0,3000.0,2800.0
Tamil Nadu,Thiruchirappalli,Musiri(Uzhavar Sandhai ),Ridgeguard(Tori),Ridgeguard(Tori),Local,2026-09-20,4000.0,4600.0,4300.0
Tamil Nadu,Thiruchirappalli,Musiri(Uzhavar Sandhai ),Thondekai,Thondekai,Local,2026-09-20,4000.0,5000.0,4500.0
Tamil Nadu,Thiruchirappalli,Musiri(Uzhavar Sandhai ),Capsicum,Capsicum,Local,2026-09-20,4000.0,5000.0,4500.0
Tamil Nadu,Thiruchirappalli,Musiri(Uzhavar Sandhai ),Mango(Raw-Ripe),Mango - Raw-Ripe,Local,2026-09-20,10000.0,11000.0,10500.0
Tamil Nadu,Thiruchirappalli,Musiri(Uzhavar Sandhai ),Knool Khol,Knool Khol,Local,2026-09-20,2500.0,3000.0,2750.0
Tamil Nadu,Thiruchirappalli,Musiri(Uzhavar Sandhai ),Lime,Lime,Local,2026-09-20,4000.0,4000.0,4000.0
Tamil Nadu,Thiruchirappalli,Musiri(Uzhavar Sandhai ),Yam(Ratalu),Yam (Ratalu),Local,2026-09-20,5000.0,5600.0,5300.0
Tamil Nadu,Thiruchirappalli,Musiri(Uzhavar Sandhai ),Mashrooms,Mashrooms,Local,2026-09-20,18000.0,20000.0,19000.0
Tamil Nadu,Thiruchirappalli,Thiruverumbur(Uzhavar Sandhai ),Brinjal,Other,Local,2026-09-20,4600.0,4600.0,4600.0
Tamil Nadu,Thiruchirappalli,Thiruverumbur(Uzhavar Sandhai ),Ashgourd,Gouard,Local,2026-09-20,2000.0,2000.0,2000.0
Tamil Nadu,Thiruchirappalli,Thiruverumbur(Uzhavar Sandhai ),Indian Beans(Seam),Indian Beans (Seam),Local,2026-09-20,7000.0,7000.0,7000.0
Tamil Nadu,Virudhunagar,Rajapalayam(Uzhavar Sandhai ),Soyabean,Local,Local,2026-09-20,10000.0,12000.0,11000.0
Tamil Nadu,Virudhunagar,Rajapalayam(Uzhavar Sandhai ),Potato,Red Nanital,Local,2026-09-20,3000.0,3500.0,3250.0
Tamil Nadu,Virudhunagar,Rajapalayam(Uzhavar Sandhai ),Coriander(Leaves),I Sort,Local,2026-09-20,4000.0,4500.0,4250.0
Tamil Nadu,Virudhunagar,Rajapalayam(Uzhavar Sandhai ),Tomato,Deshi,Local,2026-09-20,1500.0,2000.0,1750.0
Tamil Nadu,Virudhunagar,Rajapalayam(Uzhavar Sandhai ),Cluster beans,Cluster Beans,Local,2026-09-20,3000.0,3500.0,3250.0
Tamil Nadu,Virudhunagar,Rajapalayam(Uzhavar Sandhai ),Pumpkin,Pumpkin,Local,2026-09-20,2000.0,2500.0,2250.0
Tamil Nadu,Virudhunagar,Rajapalayam(Uzhavar Sandhai ),Banana - Green,Banana - Green,Local,2026-09-20,3000.0,3500.0,3250.0
Tamil Nadu,Virudhunagar,Rajapalayam(Uzhavar Sandhai ),Raddish,Raddish,Local,2026-09-20,3000.0,3500.0,3250.0
Tamil Nadu,Virudhunagar,Rajapalayam(Uzhavar Sandhai ),Yam(Ratalu),Yam (Ratalu),Local,2026-09-20,6000.0,7000.0,6500.0
Tamil Nadu,Virudhunagar,Sathur(Uzhavar Sandhai ),Banana,Besrai,Local,2026-09-20,3500.0,4000.0,3750.0
Tamil Nadu,Virudhunagar,Sathur(Uzhavar Sandhai ),Onion,Bellary,Local,2026-09-20,4500.0,5000.0,4750.0
Tamil Nadu,Virudhunagar,Sathur(Uzhavar Sandhai ),Cauliflower,Ranchi,Local,2026-09-20,3500.0,4000.0,3750.0
Tamil Nadu,Virudhunagar,Sathur(Uzhavar Sandhai ),Bitter gourd,Bitter Gourd,Local,2026-09-20,5500.0,6000.0,5750.0
Tamil Nadu,Virudhunagar,Sathur(Uzhavar Sandhai ),Banana - Green,Banana - Green,Local,2026-09-20,3500.0,4000.0,3750.0
Tamil Nadu,Virudhunagar,Sathur(Uzhavar Sandhai ),Raddish,Raddish,Local,2026-09-20,3500.0,4000.0,3750.0
Tamil Nadu,Virudhunagar,Sathur(Uzhavar Sandhai ),Onion Green,Onion Green,Local,2026-09-20,6500.0,7000.0,6750.0
Tamil Nadu,Virudhunagar,Thalavaipuram(Uzhavar Sandhai ),Onion,Bellary,Local,2026-09-20,5500.0,7000.0,6250.0
Tamil Nadu,Virudhunagar,Thalavaipuram(Uzhavar Sandhai ),Cauliflower,Ranchi,Local,2026-09-20,2500.0,3000.0,2750.0
Tamil Nadu,Virudhunagar,Thalavaipuram(Uzhavar Sandhai ),Bottle gourd,Bottle Gourd,Local,2026-09-20,1600.0,2000.0,1800.0
Tamil Nadu,Virudhunagar,Thalavaipuram(Uzhavar Sandhai ),Ashgourd,Gouard,Local,2026-09-20,2500.0,3000.0,2750.0
Tamil Nadu,Virudhunagar,Thalavaipuram(Uzhavar Sandhai ),Amaranthus,Amaranthus,Local,2026-09-20,2800.0,3500.0,3150.0
Tamil Nadu,Virudhunagar,Thalavaipuram(Uzhavar Sandhai ),Cabbage,Cabbage,Local,2026-09-20,2800.0,3500.0,3150.0
Tamil Nadu,Virudhunagar,Thalavaipuram(Uzhavar Sandhai ),Green Avare(W),Green Avare (W),Local,2026-09-20,8000.0,10000.0,9000.0
Tamil Nadu,Virudhunagar,Thalavaipuram(Uzhavar Sandhai ),Chow Chow,Chow Chow,Local,2026-09-20,2500.0,3000.0,2750.0
Tamil Nadu,Virudhunagar,Thalavaipuram(Uzhavar Sandhai ),Elephant Yam(Suran)/Amorphophallus,Elephant Yam (Suran),Local,2026-09-20,4000.0,5000.0,4500.0
Tamil Nadu,Virudhunagar,Thalavaipuram(Uzhavar Sandhai ),Yam(Ratalu),Yam (Ratalu),Local,2026-09-20,5500.0,7000.0,6250.0
Tamil Nadu,Virudhunagar,Thalavaipuram(Uzhavar Sandhai ),Lemon,Lemon,Local,2026-09-20,18000.0,22000.0,20000.0
Tamil Nadu,Chengalpattu,Medavakkam(Uzhavar Sandhai ),Coriander(Leaves),I Sort,Local,2026-09-20,3000.0,3000.0,3000.0
Tamil Nadu,Chengalpattu,Pallavaram(Uzhavar Sandhai ),Sweet Corn,Sweet Corn,Local,2026-09-20,4000.0,5000.0,4500.0
Tamil Nadu,Chengalpattu,Pallavaram(Uzhavar Sandhai ),Bottle gourd,Bottle Gourd,Local,2026-09-20,3500.0,4000.0,3750.0
Tamil Nadu,Chengalpattu,Pallavaram(Uzhavar Sandhai ),Ashgourd,Gouard,Local,2026-09-20,2000.0,2500.0,2250.0
Tamil Nadu,Chengalpattu,Pallavaram(Uzhavar Sandhai ),Chow Chow,Chow Chow,Local,2026-09-20,3500.0,4000.0,3750.0
Tamil Nadu,Chengalpattu,Pallavaram(Uzhavar Sandhai ),Drumstick,Drumstick,Local,2026-09-20,4000.0,5000.0,4500.0
Tamil Nadu,Chengalpattu,Pallavaram(Uzhavar Sandhai ),Amla(Nelli Kai),Amla,Local,2026-09-20,11000.0,12000.0,11500.0
Tamil Nadu,Nagercoil (Kannyiakumari),Myladi(Uzhavar Sandhai ),Bhindi(Ladies Finger),Bhindi,Local,2026-09-20,5500.0,6000.0,5750.0
Tamil Nadu,Nagercoil (Kannyiakumari),Myladi(Uzhavar Sandhai ),Green Chilli,Green Chilly,Local,2026-09-20,7500.0,8000.0,7750.0
Tamil Nadu,Nagercoil (Kannyiakumari),Myladi(Uzhavar Sandhai ),Carrot,Pusakesar,Local,2026-09-20,6500.0,7000.0,6750.0
Tamil Nadu,Nagercoil (Kannyiakumari),Myladi(Uzhavar Sandhai ),Cucumbar(Kheera),Cucumbar,Local,2026-09-20,2200.0,2500.0,2350.0
Tamil Nadu,Nagercoil (Kannyiakumari),Myladi(Uzhavar Sandhai ),Drumstick,Drumstick,Local,2026-09-20,4500.0,5000.0,4750.0
Tamil Nadu,Chengalpattu,Jameenrayapettai(Uzhavar Sandhai ),Brinjal,Round,Local,2026-09-20,4000.0,5000.0,4500.0
Tamil Nadu,Chengalpattu,Jameenrayapettai(Uzhavar Sandhai ),Tomato,Other,Local,2026-09-20,2500.0,3000.0,2750.0
Tamil Nadu,Chengalpattu,Jameenrayapettai(Uzhavar Sandhai ),Cabbage,Cabbage,Local,2026-09-20,2200.0,2500.0,2350.0
Tamil Nadu,Chengalpattu,Jameenrayapettai(Uzhavar Sandhai ),Cucumbar(Kheera),Cucumbar,Local,2026-09-20,4000.0,5000.0,4500.0
Tamil Nadu,Chengalpattu,Jameenrayapettai(Uzhavar Sandhai ),Green Avare(W),Green Avare (W),Local,2026-09-20,8000.0,9000.0,8500.0
Tamil Nadu,Chengalpattu,Jameenrayapettai(Uzhavar Sandhai ),Guava,Guava Allahabad,Local,2026-09-20,5000.0,6000.0,5500.0
Karnataka,Koppal,Kustagi APMC,"Sesamum(Sesame,Gingelly,Til)",White,FAQ,2026-09-20,12600.0,12600.0,12600.0
Maharashtra,Chattrapati Sambhajinagar,APMC Chattrapati Sambhajinagar,Guava,Other,Local,2026-09-20,5000.0,8000.0,6500.0
Maharashtra,Chattrapati Sambhajinagar,APMC Chattrapati Sambhajinagar,Cauliflower,Other,Local,2026-09-20,1000.0,2500.0,1750.0
Maharashtra,Chattrapati Sambhajinagar,APMC Chattrapati Sambhajinagar,Carrot,Other,Local,2026-09-20,1400.0,2000.0,1700.0
Maharashtra,Chattrapati Sambhajinagar,APMC Chattrapati Sambhajinagar,Cucumbar(Kheera),Other,Local,2026-09-20,1500.0,2500.0,2000.0
Maharashtra,Chattrapati Sambhajinagar,APMC Chattrapati Sambhajinagar,Drumstick,Other,Local,2026-09-20,1200.0,2500.0,1850.0
Maharashtra,Chattrapati Sambhajinagar,APMC Chattrapati Sambhajinagar,Tomato,Other,Local,2026-09-20,500.0,700.0,600.0
Maharashtra,Chattrapati Sambhajinagar,APMC Chattrapati Sambhajinagar,Green Chilli,Other,Local,2026-09-20,1600.0,3000.0,2300.0
Maharashtra,Gadchiroli,Armori(Desaiganj),Paddy(Common),Other,Non-FAQ,2026-09-20,2000.0,2300.0,2109.0
Maharashtra,Gadchiroli,Armori(Desaiganj),Paddy(Common),Other,FAQ,2026-09-20,2600.0,3650.0,3159.0
Maharashtra,Jalgaon,APMC Bhusaval,Cabbage,Other,Local,2026-09-20,800.0,1500.0,1000.0
Maharashtra,Jalgaon,APMC Bhusaval,Coriander(Leaves),Other,Local,2026-09-20,1200.0,2000.0,1500.0
Maharashtra,Jalgaon,APMC Bhusaval,Chilly Capsicum,Other,Local,2026-09-20,2500.0,3000.0,3000.0
Maharashtra,Jalgaon,APMC Bhusaval,Green Chilli,Other,Local,2026-09-20,4000.0,5000.0,4500.0
Maharashtra,Ahilyanagar,APMC Rahuri,Tomato,Other,Local,2026-09-20,500.0,1500.0,1000.0
Tamil Nadu,Villupuram,Tindivanam APMC,Potato,Red Nanital,Local,2026-09-20,3800.0,3800.0,3800.0
Tamil Nadu,Villupuram,Tindivanam APMC,Water Melon,Water Melon,Local,2026-09-20,2000.0,2000.0,2000.0
Tamil Nadu,Villupuram,Tindivanam APMC,Tomato,Deshi,Local,2026-09-20,2200.0,2200.0,2200.0
Tamil Nadu,Villupuram,Tindivanam APMC,Amaranthus,Amaranthus,Local,2026-09-20,4000.0,4000.0,4000.0
Tamil Nadu,Villupuram,Tindivanam APMC,Banana - Green,Banana - Green,Local,2026-09-20,5000.0,5000.0,5000.0
Tamil Nadu,Villupuram,Tindivanam APMC,Beans,Beans (Whole),Local,2026-09-20,11000.0,11000.0,11000.0
Tamil Nadu,Villupuram,Tindivanam APMC,Sweet Potato,Hosur Red,Local,2026-09-20,4500.0,4500.0,4500.0
Tamil Nadu,Villupuram,Tindivanam APMC,Carrot,Pusakesar,Local,2026-09-20,6000.0,6000.0,6000.0
Tamil Nadu,Villupuram,Tindivanam APMC,Beetroot,Beetroot,Local,2026-09-20,4500.0,4500.0,4500.0
Tamil Nadu,Villupuram,Tindivanam APMC,Cucumbar(Kheera),Cucumbar,Local,2026-09-20,4500.0,4500.0,4500.0
Tamil Nadu,Villupuram,Tindivanam APMC,Green Avare(W),Green Avare (W),Local,2026-09-20,6800.0,6800.0,6800.0
Tamil Nadu,Villupuram,Tindivanam APMC,Knool Khol,Knool Khol,Local,2026-09-20,4000.0,4000.0,4000.0
Tamil Nadu,Villupuram,Tindivanam APMC,Lemon,Lemon,Local,2026-09-20,16000.0,16000.0,16000.0
Tamil Nadu,Villupuram,Tindivanam APMC,Colacasia,Colacasia,Local,2026-09-20,5800.0,5800.0,5800.0
Tamil Nadu,Villupuram,Ulundurpettai APMC,Banana,Besrai,Local,2026-09-20,4000.0,4000.0,4000.0
Tamil Nadu,Villupuram,Ulundurpettai APMC,Cluster beans,Cluster Beans,Local,2026-09-20,5000.0,5000.0,5000.0
Tamil Nadu,Villupuram,Ulundurpettai APMC,Ashgourd,Gouard,Local,2026-09-20,2000.0,2000.0,2000.0
Tamil Nadu,Villupuram,Ulundurpettai APMC,Pumpkin,Pumpkin,Local,2026-09-20,2500.0,2500.0,2500.0
Tamil Nadu,Villupuram,Ulundurpettai APMC,Green Chilli,Green Chilly,Local,2026-09-20,6000.0,6000.0,6000.0
Tamil Nadu,Villupuram,Ulundurpettai APMC,Banana - Green,Banana - Green,Local,2026-09-20,3000.0,3000.0,3000.0
Tamil Nadu,Villupuram,Ulundurpettai APMC,Raddish,Raddish,Local,2026-09-20,5000.0,5000.0,5000.0
Tamil Nadu,Villupuram,Ulundurpettai APMC,Green Avare(W),Green Avare (W),Local,2026-09-20,12000.0,12000.0,12000.0
Tamil Nadu,Villupuram,Ulundurpettai APMC,Mango(Raw-Ripe),Mango - Raw-Ripe,Local,2026-09-20,8000.0,8000.0,8000.0
Tamil Nadu,Villupuram,Ulundurpettai APMC,Onion Green,Onion Green,Local,2026-09-20,7000.0,7000.0,7000.0
Uttar Pradesh,Fatehpur,Fatehpur APMC,Potato,Other,FAQ,2026-09-20,700.0,710.0,702.63
Uttar Pradesh,Fatehpur,Fatehpur APMC,Green Chilli,Other,FAQ,2026-09-20,3300.0,3300.0,3300.0
Uttar Pradesh,Chitrakut,Karvi APMC,Rice,Common,FAQ,2026-09-20,2725.0,2725.0,2725.0
Uttar Pradesh,Chitrakut,Karvi APMC,Masur Dal,Other,FAQ,2026-09-20,6000.0,6000.0,6000.0
Uttar Pradesh,Azamgarh,Azamgarh APMC,Rice,Common,FAQ,2026-09-20,2400.0,2400.0,2400.0
Uttar Pradesh,Badaun,Babrala APMC,Paddy(Basmati),Basmati 1509,Local,2026-09-20,2780.0,2800.0,2790.0
Maharashtra,Kolhapur,APMC Kolhapur,Coriander(Leaves),Other,Local,2026-09-20,1500.0,2500.0,2000.0
Maharashtra,Kolhapur,APMC Kolhapur,Green Chilli,Other,Local,2026-09-20,2000.0,3000.0,2500.0
Uttar Pradesh,Kanpur Dehat,Jhijhank APMC,Wheat,Dara,FAQ,2026-09-20,2350.0,2350.0,2350.0
Uttar Pradesh,Kasganj,Kasganj APMC,Wheat,Dara,FAQ,2026-09-20,2600.0,2600.0,2600.0
Gujarat,Narmada,Rajpipla APMC,Banana,Other,Medium,2026-09-20,1000.0,1250.0,1125.0
Gujarat,Amreli,Damnagar APMC,Guar,Gwar,Local,2026-09-20,3500.0,3500.0,3500.0
Gujarat,Amreli,Damnagar APMC,Green Chilli,Green Chilly,Local,2026-09-20,5000.0,5000.0,5000.0
Gujarat,Rajkot,Gondal(Veg.market Gondal) APMC,Water Melon,Water Melon,Local,2026-09-20,200.0,700.0,450.0
Gujarat,Rajkot,Gondal(Veg.market Gondal) APMC,Raddish,Raddish,Local,2026-09-20,1000.0,1500.0,1250.0
Tamil Nadu,Madurai,Chokkikulam(Uzhavar Sandhai ),Groundnut,Big (With Shell),Local,2026-09-20,7000.0,8000.0,7500.0
Tamil Nadu,Madurai,Chokkikulam(Uzhavar Sandhai ),Garlic,Garlic,Local,2026-09-20,14000.0,27000.0,20500.0
Tamil Nadu,Madurai,Chokkikulam(Uzhavar Sandhai ),Mousambi(Sweet Lime),Mousambi,Local,2026-09-20,6500.0,7000.0,6750.0
Tamil Nadu,Madurai,Chokkikulam(Uzhavar Sandhai ),Tomato,Deshi,Local,2026-09-20,2400.0,2800.0,2600.0
Tamil Nadu,Madurai,Chokkikulam(Uzhavar Sandhai ),Amaranthus,Amaranthus,Local,2026-09-20,3000.0,3600.0,3300.0
Tamil Nadu,Madurai,Chokkikulam(Uzhavar Sandhai ),Tapioca,Tapioca,Local,2026-09-20,3600.0,4000.0,3800.0
Tamil Nadu,Madurai,Chokkikulam(Uzhavar Sandhai ),Ginger(Green),Green Ginger,Local,2026-09-20,11000.0,20000.0,15500.0
Tamil Nadu,Madurai,Chokkikulam(Uzhavar Sandhai ),Carrot,Pusakesar,Local,2026-09-20,2800.0,4000.0,3400.0
Tamil Nadu,Madurai,Chokkikulam(Uzhavar Sandhai ),Capsicum,Capsicum,Local,2026-09-20,6000.0,7000.0,6500.0
Tamil Nadu,Madurai,Chokkikulam(Uzhavar Sandhai ),Green Avare(W),Green Avare (W),Local,2026-09-20,9000.0,11000.0,10000.0
Tamil Nadu,Madurai,Chokkikulam(Uzhavar Sandhai ),Chow Chow,Chow Chow,Local,2026-09-20,2600.0,3000.0,2800.0
Tamil Nadu,Madurai,Chokkikulam(Uzhavar Sandhai ),Elephant Yam(Suran)/Amorphophallus,Elephant Yam (Suran),Local,2026-09-20,4000.0,5000.0,4500.0
Tamil Nadu,Madurai,Chokkikulam(Uzhavar Sandhai ),Lemon,Lemon,Local,2026-09-20,26000.0,28000.0,27000.0
Tamil Nadu,Madurai,Chokkikulam(Uzhavar Sandhai ),Colacasia,Colacasia,Local,2026-09-20,5000.0,6000.0,5500.0
Karnataka,Vijayanagara,H.B. Halli APMC,Ragi(Finger Millet),Feeds (Poultry Quality),FAQ,2026-09-20,3300.0,3300.0,3300.0
Karnataka,Vijayanagara,H.B. Halli APMC,Rice,Broken Rice,Large,2026-09-20,2675.0,2675.0,2675.0
Uttar Pradesh,Hardoi,Shahabad(New Mandi) APMC,Wood,Eucalyptus,FAQ,2026-09-20,450.0,450.0,450.0
Uttar Pradesh,Ambedkarnagar,Akbarpur APMC,Rice,Common,FAQ,2026-09-20,2700.0,2700.0,2700.0
Uttar Pradesh,Ambedkarnagar,Akbarpur APMC,Paddy(Common),Common,FAQ,2026-09-20,2200.0,2200.0,2200.0
Uttar Pradesh,Ambedkarnagar,Akbarpur APMC,Wood,Eucalyptus,FAQ,2026-09-20,10.0,10.0,10.0
Andhra Pradesh,Palnadu,Krosuru APMC,Cotton,Bramha,FAQ,2026-09-20,7000.0,8000.0,7500.0
Uttar Pradesh,Bareilly,Baheri APMC,Mustard,Other,FAQ,2026-09-20,5875.0,5920.0,5900.15
Uttar Pradesh,Bareilly,Baheri APMC,Firewood,Firewood,FAQ,2026-09-20,660.0,660.0,660.0
Uttar Pradesh,Bareilly,Baheri APMC,Wood,Other,FAQ,2026-09-20,450.0,550.0,494.78
Uttar Pradesh,Kanpur,Kanpur(Grain) APMC,Capsicum,Other,FAQ,2026-09-20,4000.0,4000.0,4000.0
Uttar Pradesh,Kanpur,Kanpur(Grain) APMC,Onion,Other,FAQ,2026-09-20,3500.0,3500.0,3500.0
Uttar Pradesh,Lakhimpur,Lakhimpur APMC,Coriander(Leaves),Other,FAQ,2026-09-20,9800.0,9800.0,9800.0
Uttar Pradesh,Lalitpur,Lalitpur APMC,Wood,Other,FAQ,2026-09-20,200.0,450.0,322.76
Uttar Pradesh,Sambhal,Muradabad APMC,Onion,Other,FAQ,2026-09-20,2500.0,2500.0,2500.0
Uttar Pradesh,Shahjahanpur,Shahjahanpur APMC,Paddy(Common),Common,FAQ,2026-09-20,1900.0,2030.0,2004.52
Uttar Pradesh,Shahjahanpur,Shahjahanpur APMC,Wood,Other,FAQ,2026-09-20,500.0,1700.0,602.07
Uttar Pradesh,Varanasi,Varanasi APMC,Ginger(Green),Other,FAQ,2026-09-20,4000.0,4000.0,4000.0
Uttar Pradesh,Varanasi,Varanasi APMC,Tomato,Other,FAQ,2026-09-20,2000.0,2000.0,2000.0
West Bengal,Bankura,Bankura Sadar APMC,Brinjal,Brinjal,FAQ,2026-09-20,4550.0,5050.0,4850.0
West Bengal,Bankura,Bankura Sadar APMC,Mustard,Mustard,FAQ,2026-09-20,6000.0,6550.0,6250.0
Uttarakhand,Haridwar,Roorkee APMC,Apple,Other,Medium,2026-09-20,6000.0,8000.0,7000.0
Uttarakhand,Haridwar,Roorkee APMC,Bitter gourd,Other,Local,2026-09-20,650.0,850.0,750.0
Uttarakhand,Haridwar,Roorkee APMC,Bhindi(Ladies Finger),Other,Local,2026-09-20,1000.0,1600.0,1300.0
Uttarakhand,Haridwar,Roorkee APMC,Bottle gourd,Other,Medium,2026-09-20,650.0,850.0,750.0
Uttarakhand,Haridwar,Roorkee APMC,Cucumbar(Kheera),Other,Local,2026-09-20,900.0,1200.0,1000.0
Uttarakhand,Haridwar,Roorkee APMC,Potato,Other,Medium,2026-09-20,800.0,1200.0,1000.0
Maharashtra,Pune,Pune(Moshi),Orange,Other,Local,2026-09-20,7000.0,7000.0,7000.0
Maharashtra,Pune,Pune(Moshi),Ginger(Green),Other,Local,2026-09-20,10000.0,10000.0,10000.0
Maharashtra,Pune,Pune(Moshi),Potato,Local,Local,2026-09-20,800.0,1200.0,1000.0
Maharashtra,Pune,Pune(Moshi),Bottle gourd,Other,Local,2026-09-20,800.0,2000.0,1400.0
Maharashtra,Pune,Pune(Moshi),Pumpkin,Other,Local,2026-09-20,2000.0,2000.0,2000.0
Maharashtra,Pune,Pune(Moshi),Garlic,Other,Local,2026-09-20,10000.0,10000.0,10000.0
Maharashtra,Pune,Pune(Moshi),Raddish,Other,Local,2026-09-20,10.0,10.0,10.0
Maharashtra,Pune,Pune(Moshi),Sweet Potato,Other,Local,2026-09-20,3000.0,3000.0,3000.0
Maharashtra,Pune,Pune(Moshi),Elephant Yam(Suran)/Amorphophallus,Other,Local,2026-09-20,3000.0,3000.0,3000.0
Maharashtra,Pune,Pune(Moshi),Pineapple,Other,Local,2026-09-20,5000.0,5000.0,5000.0
Maharashtra,Pune,Pune(Moshi),Mousambi(Sweet Lime),Other,Local,2026-09-20,3000.0,3000.0,3000.0
Maharashtra,Raigad,APMC Karjat(Raigad),Rice,Other,Local,2026-09-20,3800.0,5600.0,4800.0
Maharashtra,Nagpur,APMC Kalmeshwar,Pumpkin,Other,Local,2026-09-20,1025.0,1500.0,1340.0
Maharashtra,Nagpur,APMC Kalmeshwar,Spinach,Other,Local,2026-09-20,1320.0,2000.0,1530.0
Maharashtra,Nagpur,APMC Kalmeshwar,Green Chilli,Other,Local,2026-09-20,2315.0,3000.0,2525.0
Tamil Nadu,Erode,Thalavadi(Uzhavar Sandhai ),Banana,Red Banana,Local,2026-09-20,6500.0,7000.0,6750.0
Tamil Nadu,Erode,Thalavadi(Uzhavar Sandhai ),Onion,Bellary,Local,2026-09-20,5500.0,6000.0,5750.0
Tamil Nadu,Erode,Thalavadi(Uzhavar Sandhai ),Green Chilli,Green Chilly,Local,2026-09-20,4000.0,4500.0,4250.0
Tamil Nadu,Erode,Thalavadi(Uzhavar Sandhai ),Beans,Beans (Whole),Local,2026-09-20,7000.0,8000.0,7500.0
Tamil Nadu,Erode,Thalavadi(Uzhavar Sandhai ),Coconut,Coconut,Local,2026-09-20,4400.0,5000.0,4700.0
Tamil Nadu,Erode,Thalavadi(Uzhavar Sandhai ),Ridgeguard(Tori),Ridgeguard(Tori),Local,2026-09-20,3000.0,3600.0,3300.0
Tamil Nadu,Erode,Thalavadi(Uzhavar Sandhai ),Guava,Guava Allahabad,Local,2026-09-20,5500.0,6000.0,5750.0
Tamil Nadu,Erode,Thalavadi(Uzhavar Sandhai ),Mint(Pudina),Mint(Pudina),Local,2026-09-20,4400.0,4800.0,4600.0
Tamil Nadu,Cuddalore,Viruthachalam(Uzhavar Sandhai ),Banana,Besrai,Local,2026-09-20,4000.0,7000.0,5500.0
Tamil Nadu,Cuddalore,Viruthachalam(Uzhavar Sandhai ),Banana - Green,Banana - Green,Local,2026-09-20,2500.0,3000.0,2750.0
Tamil Nadu,Cuddalore,Viruthachalam(Uzhavar Sandhai ),Snakeguard,Snakeguard,Local,2026-09-20,3000.0,3000.0,3000.0
Tamil Nadu,Cuddalore,Viruthachalam(Uzhavar Sandhai ),Ridgeguard(Tori),Ridgeguard(Tori),Local,2026-09-20,5000.0,5000.0,5000.0
Maharashtra,Sangli,APMC Vita,Bhindi(Ladies Finger),Other,Local,2026-09-20,2000.0,2500.0,2300.0
Maharashtra,Sangli,APMC Vita,Tomato,Other,Local,2026-09-20,1000.0,1500.0,1300.0
Maharashtra,Sangli,APMC Vita,Brinjal,Other,Local,2026-09-20,2500.0,3000.0,2800.0
Maharashtra,Satara,APMC Satara,Bitter gourd,Other,Local,2026-09-20,1000.0,2000.0,1500.0
Maharashtra,Satara,APMC Satara,Peas Wet,Other,Local,2026-09-20,5000.0,6000.0,5500.0
Tamil Nadu,Krishnagiri,Krishnagiri(Uzhavar Sandhai ),Banana,Red Banana,Local,2026-09-20,7500.0,8000.0,7750.0
Tamil Nadu,Krishnagiri,Krishnagiri(Uzhavar Sandhai ),Tomato,Deshi,Local,2026-09-20,2000.0,2400.0,2200.0
Tamil Nadu,Krishnagiri,Krishnagiri(Uzhavar Sandhai ),Bitter gourd,Bitter Gourd,Local,2026-09-20,2500.0,3000.0,2750.0
Tamil Nadu,Krishnagiri,Krishnagiri(Uzhavar Sandhai ),Cowpea(Veg),Cowpea (Veg),Local,2026-09-20,5000.0,6000.0,5500.0
Tamil Nadu,Krishnagiri,Krishnagiri(Uzhavar Sandhai ),Beans,Beans (Whole),Local,2026-09-20,7000.0,7500.0,7250.0
Tamil Nadu,Krishnagiri,Krishnagiri(Uzhavar Sandhai ),Carrot,Pusakesar,Local,2026-09-20,7000.0,7500.0,7250.0
Tamil Nadu,Krishnagiri,Krishnagiri(Uzhavar Sandhai ),Beetroot,Beetroot,Local,2026-09-20,4000.0,4500.0,4250.0
Tamil Nadu,Krishnagiri,Krishnagiri(Uzhavar Sandhai ),Drumstick,Drumstick,Local,2026-09-20,3000.0,4000.0,3500.0
Tamil Nadu,Krishnagiri,Krishnagiri(Uzhavar Sandhai ),Knool Khol,Knool Khol,Local,2026-09-20,4500.0,5000.0,4750.0
Tamil Nadu,Krishnagiri,Krishnagiri(Uzhavar Sandhai ),Amla(Nelli Kai),Amla,Local,2026-09-20,10000.0,11000.0,10500.0
Tamil Nadu,Krishnagiri,Krishnagiri(Uzhavar Sandhai ),Mint(Pudina),Mint(Pudina),Local,2026-09-20,2000.0,2500.0,2250.0
Tamil Nadu,Nagapattinam,Nagapattinam(Uzhavar Sandhai ),Bitter gourd,Bitter Gourd,Local,2026-09-20,6400.0,8000.0,7200.0
Tamil Nadu,Nagapattinam,Nagapattinam(Uzhavar Sandhai ),Bottle gourd,Bottle Gourd,Local,2026-09-20,3200.0,3200.0,3200.0
Tamil Nadu,Nagapattinam,Nagapattinam(Uzhavar Sandhai ),Beetroot,Beetroot,Local,2026-09-20,3900.0,3900.0,3900.0
Tamil Nadu,Nagapattinam,Nagapattinam(Uzhavar Sandhai ),Cucumbar(Kheera),Cucumbar,Local,2026-09-20,6700.0,6700.0,6700.0
Tamil Nadu,Nagapattinam,Nagapattinam(Uzhavar Sandhai ),Chow Chow,Chow Chow,Local,2026-09-20,2600.0,2600.0,2600.0
Tamil Nadu,Nagapattinam,Nagapattinam(Uzhavar Sandhai ),Elephant Yam(Suran)/Amorphophallus,Elephant Yam (Suran),Local,2026-09-20,6600.0,7500.0,7050.0
Tamil Nadu,Tenkasi,Sankarankoil(Uzhavar Sandhai ),Papaya,Papaya,Local,2026-09-20,3500.0,3500.0,3500.0
Tamil Nadu,Tenkasi,Sankarankoil(Uzhavar Sandhai ),Cluster beans,Cluster Beans,Local,2026-09-20,3000.0,3000.0,3000.0
Tamil Nadu,Tenkasi,Sankarankoil(Uzhavar Sandhai ),Ashgourd,Gouard,Local,2026-09-20,1500.0,1500.0,1500.0
Tamil Nadu,Tenkasi,Sankarankoil(Uzhavar Sandhai ),Bhindi(Ladies Finger),Bhindi,Local,2026-09-20,4000.0,4000.0,4000.0
Tamil Nadu,Tenkasi,Sankarankoil(Uzhavar Sandhai ),Green Avare(W),Green Avare (W),Local,2026-09-20,10000.0,10000.0,10000.0
Tamil Nadu,Tenkasi,Sankarankoil(Uzhavar Sandhai ),Drumstick,Drumstick,Local,2026-09-20,5000.0,5000.0,5000.0
Tamil Nadu,Tenkasi,Sankarankoil(Uzhavar Sandhai ),Yam(Ratalu),Yam (Ratalu),Local,2026-09-20,7000.0,7000.0,7000.0
Tamil Nadu,Tenkasi,Sankarankoil(Uzhavar Sandhai ),Colacasia,Colacasia,Local,2026-09-20,7000.0,7000.0,7000.0
Tamil Nadu,Tenkasi,Tenkasi(Uzhavar Sandhai ),Banana,Red Banana,Local,2026-09-20,6000.0,7000.0,6500.0
Tamil Nadu,Tenkasi,Tenkasi(Uzhavar Sandhai ),Cauliflower,Ranchi,Local,2026-09-20,5000.0,5000.0,5000.0
Tamil Nadu,Tenkasi,Tenkasi(Uzhavar Sandhai ),Cluster beans,Cluster Beans,Local,2026-09-20,3000.0,3000.0,3000.0
Tamil Nadu,Tenkasi,Tenkasi(Uzhavar Sandhai ),Beans,Beans (Whole),Local,2026-09-20,9000.0,10000.0,9500.0
Tamil Nadu,Tenkasi,Tenkasi(Uzhavar Sandhai ),Sweet Potato,Hosur Red,Local,2026-09-20,5000.0,5000.0,5000.0
Tamil Nadu,Tenkasi,Tenkasi(Uzhavar Sandhai ),Cucumbar(Kheera),Cucumbar,Local,2026-09-20,5000.0,5000.0,5000.0
Tamil Nadu,Tenkasi,Tenkasi(Uzhavar Sandhai ),Ridgeguard(Tori),Ridgeguard(Tori),Local,2026-09-20,4000.0,4000.0,4000.0
Tamil Nadu,Tenkasi,Tenkasi(Uzhavar Sandhai ),Jack Fruit(Ripe),Jack Fruit,Local,2026-09-20,3000.0,3000.0,3000.0
Tamil Nadu,Tenkasi,Tenkasi(Uzhavar Sandhai ),Yam(Ratalu),Yam (Ratalu),Local,2026-09-20,8000.0,8000.0,8000.0
Tamil Nadu,Pudukkottai,Pudukottai(Uzhavar Sandhai ),Cauliflower,Ranchi,Local,2026-09-20,5000.0,6000.0,5500.0
Tamil Nadu,Pudukkottai,Pudukottai(Uzhavar Sandhai ),Coriander(Leaves),I Sort,Local,2026-09-20,4000.0,5000.0,4500.0
Tamil Nadu,Pudukkottai,Pudukottai(Uzhavar Sandhai ),Ashgourd,Gouard,Local,2026-09-20,1000.0,1500.0,1250.0
Tamil Nadu,Pudukkottai,Pudukottai(Uzhavar Sandhai ),Bhindi(Ladies Finger),Bhindi,Local,2026-09-20,3000.0,3500.0,3250.0
Tamil Nadu,Pudukkottai,Pudukottai(Uzhavar Sandhai ),Tapioca,Tapioca,Local,2026-09-20,3000.0,4000.0,3500.0
Tamil Nadu,Pudukkottai,Pudukottai(Uzhavar Sandhai ),Cabbage,Cabbage,Local,2026-09-20,3000.0,3500.0,3250.0
Tamil Nadu,Pudukkottai,Pudukottai(Uzhavar Sandhai ),Raddish,Raddish,Local,2026-09-20,3000.0,4000.0,3500.0
Tamil Nadu,Pudukkottai,Pudukottai(Uzhavar Sandhai ),Green Avare(W),Other,Local,2026-09-20,8000.0,9000.0,8500.0
Tamil Nadu,Pudukkottai,Pudukottai(Uzhavar Sandhai ),Knool Khol,Knool Khol,Local,2026-09-20,3000.0,4000.0,3500.0
Tamil Nadu,Pudukkottai,Pudukottai(Uzhavar Sandhai ),Pomegranate,Pomogranate,Local,2026-09-20,17000.0,18000.0,17500.0
Tamil Nadu,Thanjavur,Kumbakonam (Uzhavar Sandhai ),Pumpkin,Pumpkin,Local,2026-09-20,2400.0,2400.0,2400.0
Tamil Nadu,Thanjavur,Kumbakonam (Uzhavar Sandhai ),Cabbage,Cabbage,Local,2026-09-20,3600.0,3600.0,3600.0
Tamil Nadu,Thanjavur,Kumbakonam (Uzhavar Sandhai ),Cucumbar(Kheera),Cucumbar,Local,2026-09-20,6000.0,6000.0,6000.0
Tamil Nadu,Thanjavur,Kumbakonam (Uzhavar Sandhai ),Mango(Raw-Ripe),Mango - Raw-Ripe,Local,2026-09-20,10800.0,12000.0,11400.0
Tamil Nadu,Thanjavur,Kumbakonam (Uzhavar Sandhai ),Guava,Guava Allahabad,Local,2026-09-20,8000.0,8000.0,8000.0
Tamil Nadu,Thanjavur,Kumbakonam (Uzhavar Sandhai ),Elephant Yam(Suran)/Amorphophallus,Elephant Yam (Suran),Local,2026-09-20,4800.0,4800.0,4800.0
Tamil Nadu,Thanjavur,Kumbakonam (Uzhavar Sandhai ),Mint(Pudina),Mint(Pudina),Local,2026-09-20,7200.0,7200.0,7200.0
Tamil Nadu,The Nilgiris,Udhagamandalam(Uzhavar Sandhai ),Cauliflower,Ranchi,Local,2026-09-20,4000.0,4500.0,4250.0
Tamil Nadu,The Nilgiris,Udhagamandalam(Uzhavar Sandhai ),Coriander(Leaves),I Sort,Local,2026-09-20,6000.0,7000.0,6500.0
Tamil Nadu,The Nilgiris,Udhagamandalam(Uzhavar Sandhai ),Cucumbar(Kheera),Cucumbar,Local,2026-09-20,3500.0,4000.0,3750.0
Tamil Nadu,The Nilgiris,Udhagamandalam(Uzhavar Sandhai ),Raddish,Raddish,Local,2026-09-20,2500.0,3000.0,2750.0
Tamil Nadu,The Nilgiris,Udhagamandalam(Uzhavar Sandhai ),Thondekai,Thondekai,Local,2026-09-20,3000.0,3500.0,3250.0
Tamil Nadu,The Nilgiris,Udhagamandalam(Uzhavar Sandhai ),Chow Chow,Chow Chow,Local,2026-09-20,2000.0,2500.0,2250.0
Tamil Nadu,The Nilgiris,Udhagamandalam(Uzhavar Sandhai ),Pomegranate,Pomogranate,Local,2026-09-20,13000.0,15000.0,14000.0
Tamil Nadu,Theni,Andipatti(Uzhavar Sandhai ),Onion,Bellary,Local,2026-09-20,6300.0,6500.0,6400.0
Tamil Nadu,Theni,Andipatti(Uzhavar Sandhai ),Coconut,Coconut,Local,2026-09-20,5400.0,5600.0,5500.0
Tamil Nadu,Theni,Andipatti(Uzhavar Sandhai ),Chow Chow,Chow Chow,Local,2026-09-20,2800.0,3000.0,2900.0
Tamil Nadu,Theni,Andipatti(Uzhavar Sandhai ),Yam(Ratalu),Yam (Ratalu),Local,2026-09-20,4800.0,6000.0,5400.0
Tamil Nadu,Theni,Andipatti(Uzhavar Sandhai ),Lemon,Lemon,Local,2026-09-20,21500.0,22000.0,21750.0
Tamil Nadu,Theni,Bodinayakanur(Uzhavar Sandhai ),Banana,Besrai,Local,2026-09-20,6000.0,6000.0,6000.0
Tamil Nadu,Theni,Bodinayakanur(Uzhavar Sandhai ),Coriander(Leaves),I Sort,Local,2026-09-20,3000.0,3000.0,3000.0
Tamil Nadu,Theni,Bodinayakanur(Uzhavar Sandhai ),Green Chilli,Green Chilly,Local,2026-09-20,5000.0,5000.0,5000.0
Tamil Nadu,Theni,Bodinayakanur(Uzhavar Sandhai ),Banana - Green,Banana - Green,Local,2026-09-20,3600.0,3600.0,3600.0
Tamil Nadu,Theni,Bodinayakanur(Uzhavar Sandhai ),Thondekai,Thondekai,Local,2026-09-20,3600.0,3600.0,3600.0
Tamil Nadu,Theni,Bodinayakanur(Uzhavar Sandhai ),Mint(Pudina),Mint(Pudina),Local,2026-09-20,5500.0,5500.0,5500.0
West Bengal,Bankura,Bishnupur(Bankura) APMC,Rice,Common,FAQ,2026-09-20,3600.0,3700.0,3650.0
West Bengal,Bankura,Bishnupur(Bankura) APMC,Mustard,Mustard,FAQ,2026-09-20,6000.0,6700.0,6300.0
West Bengal,Bankura,Bishnupur(Bankura) APMC,Potato,Jyoti,FAQ,2026-09-20,600.0,670.0,640.0
Tamil Nadu,Thiruvarur,Needamangalam(Uzhavar Sandhai ),Pumpkin,Pumpkin,Local,2026-09-20,3000.0,3000.0,3000.0
Tamil Nadu,Thiruvarur,Needamangalam(Uzhavar Sandhai ),Green Chilli,Green Chilly,Local,2026-09-20,4800.0,4800.0,4800.0
Tamil Nadu,Thiruvarur,Tiruvarur(Uzhavar Sandhai ),Coriander(Leaves),I Sort,Local,2026-09-20,4000.0,4000.0,4000.0
Tamil Nadu,Thiruvarur,Tiruvarur(Uzhavar Sandhai ),Tomato,Deshi,Local,2026-09-20,3000.0,3000.0,3000.0
Tamil Nadu,Thiruvarur,Tiruvarur(Uzhavar Sandhai ),Ashgourd,Gouard,Local,2026-09-20,3000.0,3000.0,3000.0
Uttar Pradesh,Ballia,Ballia APMC,Green Chilli,Other,FAQ,2026-09-20,3000.0,3000.0,3000.0
West Bengal,Bankura,Indus(Bankura Sadar) APMC,Brinjal,Brinjal,FAQ,2026-09-20,5000.0,5450.0,5200.0
West Bengal,Bankura,Indus(Bankura Sadar) APMC,Green Chilli,Green Chilly,FAQ,2026-09-20,6250.0,6850.0,6550.0
West Bengal,Bankura,Indus(Bankura Sadar) APMC,Sweet Pumpkin,Sweet Pumpkin,FAQ,2026-09-20,1750.0,1900.0,1800.0
West Bengal,Bankura,Indus(Bankura Sadar) APMC,Paddy(Common),Common,FAQ,2026-09-20,2000.0,2400.0,2369.0
NCT of Delhi,Delhi,"Fish,Poultry & Egg Market, Gazipur APMC",Cock,Boiler/Firm(White),Local,2026-09-20,7000.0,11000.0,9000.0
NCT of Delhi,Delhi,"Fish,Poultry & Egg Market, Gazipur APMC",Fish,Bata Putti,Local,2026-09-20,6000.0,11000.0,8500.0
NCT of Delhi,Delhi,"Fish,Poultry & Egg Market, Gazipur APMC",Fish,Chilwa,Local,2026-09-20,8000.0,16000.0,12000.0
NCT of Delhi,Delhi,"Fish,Poultry & Egg Market, Gazipur APMC",Fish,Malli(Small),Local,2026-09-20,10000.0,19000.0,15000.0
Tamil Nadu,Virudhunagar,Aruppukottai(Uzhavar Sandhai ),Ashgourd,Gouard,Local,2026-09-20,2000.0,2500.0,2250.0
Tamil Nadu,Virudhunagar,Aruppukottai(Uzhavar Sandhai ),Bhindi(Ladies Finger),Bhindi,Local,2026-09-20,3500.0,4000.0,3750.0
Tamil Nadu,Virudhunagar,Aruppukottai(Uzhavar Sandhai ),Amaranthus,Amaranthus,Local,2026-09-20,3000.0,3500.0,3250.0
Tamil Nadu,Virudhunagar,Aruppukottai(Uzhavar Sandhai ),Beans,Beans (Whole),Local,2026-09-20,9000.0,10000.0,9500.0
Tamil Nadu,Virudhunagar,Aruppukottai(Uzhavar Sandhai ),Carrot,Pusakesar,Local,2026-09-20,5500.0,6000.0,5750.0
Tamil Nadu,Virudhunagar,Aruppukottai(Uzhavar Sandhai ),Cabbage,Cabbage,Local,2026-09-20,3500.0,4000.0,3750.0
Tamil Nadu,Virudhunagar,Aruppukottai(Uzhavar Sandhai ),Ridgeguard(Tori),Ridgeguard(Tori),Local,2026-09-20,4500.0,5000.0,4750.0
Tamil Nadu,Virudhunagar,Aruppukottai(Uzhavar Sandhai ),Lime,Lime,Local,2026-09-20,15000.0,16000.0,15500.0
Tamil Nadu,Villupuram,Gingee(Uzhavar Sandhai ),Groundnut,Big (With Shell),Local,2026-09-20,7000.0,7000.0,7000.0
Tamil Nadu,Villupuram,Gingee(Uzhavar Sandhai ),Ashgourd,Gouard,Local,2026-09-20,2000.0,2000.0,2000.0
Tamil Nadu,Villupuram,Gingee(Uzhavar Sandhai ),Bhindi(Ladies Finger),Bhindi,Local,2026-09-20,2500.0,2500.0,2500.0
Tamil Nadu,Villupuram,Gingee(Uzhavar Sandhai ),Ginger(Green),Green Ginger,Local,2026-09-20,13000.0,13000.0,13000.0
Tamil Nadu,Villupuram,Gingee(Uzhavar Sandhai ),Snakeguard,Snakeguard,Local,2026-09-20,3000.0,3000.0,3000.0
Tamil Nadu,Villupuram,Gingee(Uzhavar Sandhai ),Green Avare(W),Green Avare (W),Local,2026-09-20,7000.0,7000.0,7000.0
Tamil Nadu,Villupuram,Gingee(Uzhavar Sandhai ),Chow Chow,Chow Chow,Local,2026-09-20,4500.0,4500.0,4500.0
Tamil Nadu,Villupuram,Gingee(Uzhavar Sandhai ),Yam(Ratalu),Yam (Ratalu),Local,2026-09-20,6000.0,6000.0,6000.0
Uttar Pradesh,Bareilly,Bareilly APMC,Tomato,Other,FAQ,2026-09-20,1700.0,1700.0,1700.0
Uttar Pradesh,Bareilly,Bareilly APMC,Wood,Eucalyptus,FAQ,2026-09-20,600.0,600.0,600.0
Uttar Pradesh,Barabanki,Barabanki APMC,Paddy(Common),Basmati,FAQ,2026-09-20,2695.0,2750.0,2724.32
Uttar Pradesh,Barabanki,Barabanki APMC,Wheat,Dara,FAQ,2026-09-20,2500.0,2500.0,2500.0
Tamil Nadu,Thiruvarur,Valangaiman APMC,Bitter gourd,Bitter Gourd,Local,2026-09-20,6000.0,6000.0,6000.0
Tamil Nadu,Thiruvarur,Valangaiman APMC,Bhindi(Ladies Finger),Bhindi,Local,2026-09-20,4000.0,4000.0,4000.0
Tamil Nadu,Thiruvarur,Valangaiman APMC,Raddish,Raddish,Local,2026-09-20,3000.0,3000.0,3000.0
Andhra Pradesh,Srikakulam,Ichapuram APMC,Paddy(Common),Sannalu,Local,2026-09-20,2369.0,2369.0,2369.0
Tamil Nadu,Virudhunagar,Kariyapatti(Uzhavar Sandhai ),Onion,Bellary,Local,2026-09-20,6500.0,7000.0,6750.0
Tamil Nadu,Virudhunagar,Kariyapatti(Uzhavar Sandhai ),Brinjal,Round,Local,2026-09-20,3500.0,4000.0,3750.0
Tamil Nadu,Virudhunagar,Kariyapatti(Uzhavar Sandhai ),Bottle gourd,Bottle Gourd,Local,2026-09-20,1800.0,2000.0,1900.0
Tamil Nadu,Virudhunagar,Kariyapatti(Uzhavar Sandhai ),Pumpkin,Pumpkin,Local,2026-09-20,1800.0,2000.0,1900.0
Tamil Nadu,Virudhunagar,Kariyapatti(Uzhavar Sandhai ),Chow Chow,Chow Chow,Local,2026-09-20,3000.0,3500.0,3250.0
Tamil Nadu,Virudhunagar,Kariyapatti(Uzhavar Sandhai ),Mint(Pudina),Mint(Pudina),Local,2026-09-20,6500.0,7000.0,6750.0
Uttar Pradesh,Sitapur,Viswan APMC,Wood,Other,FAQ,2026-09-20,640.0,640.0,640.0
Uttar Pradesh,Bulandshahar,Buland Shahr APMC,Wood,Other,FAQ,2026-09-20,550.0,550.0,550.0
Uttar Pradesh,Kannuj,Chhibramau APMC,Wheat,Dara,FAQ,2026-09-20,2420.0,2420.0,2420.0
Uttar Pradesh,Bulandshahar,Divai APMC,Paddy(Common),Basmati,FAQ,2026-09-20,3200.0,3200.0,3200.0
Tamil Nadu,Thiruvellore,Tiruvallur(Uzhavar Sandhai ),Tomato,Deshi,Local,2026-09-20,3000.0,3000.0,3000.0
Tamil Nadu,Thiruvellore,Tiruvallur(Uzhavar Sandhai ),Bottle gourd,Bottle Gourd,Local,2026-09-20,3000.0,3000.0,3000.0
Tamil Nadu,Thiruvellore,Tiruvallur(Uzhavar Sandhai ),Green Chilli,Green Chilly,Local,2026-09-20,4000.0,4000.0,4000.0
Tamil Nadu,Thiruvellore,Tiruvallur(Uzhavar Sandhai ),Tender Coconut,Tender Coconut,Local,2026-09-20,3000.0,3000.0,3000.0
Tamil Nadu,Thiruvellore,Tiruvallur(Uzhavar Sandhai ),Colacasia,Colacasia,Local,2026-09-20,5000.0,5000.0,5000.0
Madhya Pradesh,Dhar,Manawar(F&V) APMC,Cauliflower,Cauliflower,Grade B,2026-09-20,1300.0,1500.0,1400.0
Madhya Pradesh,Dhar,Manawar(F&V) APMC,Baby Corn,Baby Corn,Grade B,2026-09-20,650.0,800.0,700.0
Tamil Nadu,Vellore,Katpadi (Uzhavar Sandhai ),Potato,Red Nanital,Local,2026-09-20,2600.0,3500.0,3050.0
Tamil Nadu,Vellore,Katpadi (Uzhavar Sandhai ),Garlic,Garlic,Local,2026-09-20,21000.0,21000.0,21000.0
Tamil Nadu,Vellore,Katpadi (Uzhavar Sandhai ),Ashgourd,Gouard,Local,2026-09-20,2500.0,2500.0,2500.0
Tamil Nadu,Vellore,Katpadi (Uzhavar Sandhai ),Drumstick,Drumstick,Local,2026-09-20,4500.0,5000.0,4750.0
Tamil Nadu,Vellore,Katpadi (Uzhavar Sandhai ),Indian Beans(Seam),Indian Beans (Seam),Local,2026-09-20,6000.0,6000.0,6000.0
Tamil Nadu,Vellore,Katpadi (Uzhavar Sandhai ),Onion Green,Onion Green,Local,2026-09-20,9000.0,10000.0,9500.0
Tamil Nadu,Madurai,Thirumangalam(Uzhavar Sandhai ),Banana,Besrai,Local,2026-09-20,3000.0,4000.0,3500.0
Tamil Nadu,Madurai,Thirumangalam(Uzhavar Sandhai ),Onion,Bellary,Local,2026-09-20,6000.0,7000.0,6500.0
Tamil Nadu,Madurai,Thirumangalam(Uzhavar Sandhai ),Brinjal,Round,Local,2026-09-20,3000.0,3600.0,3300.0
Tamil Nadu,Madurai,Thirumangalam(Uzhavar Sandhai ),Pumpkin,Pumpkin,Local,2026-09-20,1500.0,2000.0,1750.0
Tamil Nadu,Madurai,Thirumangalam(Uzhavar Sandhai ),Onion Green,Onion Green,Local,2026-09-20,8000.0,9000.0,8500.0
Tamil Nadu,Madurai,Melur(Uzhavar Sandhai ),Groundnut,Big (With Shell),Local,2026-09-20,7000.0,8000.0,7500.0
Tamil Nadu,Madurai,Melur(Uzhavar Sandhai ),Chikoos(Sapota),Sapota,Local,2026-09-20,4000.0,6000.0,5000.0
Tamil Nadu,Madurai,Melur(Uzhavar Sandhai ),Papaya,Papaya,Local,2026-09-20,4500.0,5000.0,4750.0
Tamil Nadu,Madurai,Melur(Uzhavar Sandhai ),Pumpkin,Pumpkin,Local,2026-09-20,1600.0,2000.0,1800.0
Tamil Nadu,Madurai,Melur(Uzhavar Sandhai ),Bhindi(Ladies Finger),Bhindi,Local,2026-09-20,2800.0,3200.0,3000.0
Tamil Nadu,Madurai,Melur(Uzhavar Sandhai ),Green Chilli,Green Chilly,Local,2026-09-20,4500.0,5000.0,4750.0
Tamil Nadu,Madurai,Melur(Uzhavar Sandhai ),Cowpea(Veg),Cowpea (Veg),Local,2026-09-20,3000.0,4000.0,3500.0
Tamil Nadu,Madurai,Melur(Uzhavar Sandhai ),Coconut,Coconut,Local,2026-09-20,6800.0,7000.0,6900.0
Tamil Nadu,Madurai,Melur(Uzhavar Sandhai ),Snakeguard,Snakeguard,Local,2026-09-20,3600.0,4000.0,3800.0
Tamil Nadu,Madurai,Melur(Uzhavar Sandhai ),Ridgeguard(Tori),Ridgeguard(Tori),Local,2026-09-20,4000.0,4500.0,4250.0
Tamil Nadu,Karur,Gandhigramam(Uzhavar Sandhai),Banana,Other,Local,2026-09-20,5000.0,6000.0,5500.0
Tamil Nadu,Karur,Gandhigramam(Uzhavar Sandhai),Coriander(Leaves),I Sort,Local,2026-09-20,5500.0,6000.0,5750.0
Tamil Nadu,Karur,Gandhigramam(Uzhavar Sandhai),Tomato,Other,Local,2026-09-20,2800.0,3000.0,2900.0
Tamil Nadu,Karur,Gandhigramam(Uzhavar Sandhai),Amaranthus,Amaranthus,Local,2026-09-20,2000.0,2500.0,2250.0
Tamil Nadu,Karur,Gandhigramam(Uzhavar Sandhai),Carrot,Pusakesar,Local,2026-09-20,5500.0,6000.0,5750.0
Tamil Nadu,Karur,Gandhigramam(Uzhavar Sandhai),Beetroot,Beetroot,Local,2026-09-20,6500.0,7000.0,6750.0
Karnataka,Bengaluru South,Ramanagara APMC,Tomato,Tomato,Local,2026-09-20,1500.0,2300.0,2000.0
Karnataka,Bengaluru South,Ramanagara APMC,Beetroot,Beetroot,Local,2026-09-20,3000.0,3600.0,3200.0
Karnataka,Bengaluru South,Ramanagara APMC,Ginger(Green),Green Ginger,Local,2026-09-20,3000.0,4500.0,4000.0
Tamil Nadu,Salem,Vazhapadi(Uzhavar Sandhai),Potato,Other,Local,2026-09-20,3000.0,3000.0,3000.0
Tamil Nadu,Salem,Vazhapadi(Uzhavar Sandhai),Cauliflower,Ranchi,Local,2026-09-20,3000.0,3000.0,3000.0
Tamil Nadu,Salem,Vazhapadi(Uzhavar Sandhai),Brinjal,Other,Local,2026-09-20,3000.0,3000.0,3000.0
Tamil Nadu,Salem,Vazhapadi(Uzhavar Sandhai),Bhindi(Ladies Finger),Bhindi,Local,2026-09-20,3000.0,3000.0,3000.0
Tamil Nadu,Salem,Vazhapadi(Uzhavar Sandhai),Ginger(Green),Green Ginger,Local,2026-09-20,15000.0,17000.0,16000.0
Tamil Nadu,Salem,Vazhapadi(Uzhavar Sandhai),Sweet Potato,Hosur Red,Local,2026-09-20,5000.0,5000.0,5000.0
Tamil Nadu,Salem,Vazhapadi(Uzhavar Sandhai),Cabbage,Cabbage,Local,2026-09-20,3000.0,3000.0,3000.0
Tamil Nadu,Salem,Vazhapadi(Uzhavar Sandhai),Raddish,Raddish,Local,2026-09-20,2400.0,2400.0,2400.0
Tamil Nadu,Salem,Vazhapadi(Uzhavar Sandhai),Capsicum,Capsicum,Local,2026-09-20,9000.0,9000.0,9000.0
Tamil Nadu,Salem,Vazhapadi(Uzhavar Sandhai),Jasmine,Jasmine,Local,2026-09-20,65000.0,65000.0,65000.0
Tamil Nadu,Salem,Vazhapadi(Uzhavar Sandhai),Elephant Yam(Suran)/Amorphophallus,Elephant Yam (Suran),Local,2026-09-20,3000.0,3000.0,3000.0
Tamil Nadu,Salem,Vazhapadi(Uzhavar Sandhai),Mint(Pudina),Mint(Pudina),Local,2026-09-20,4000.0,4000.0,4000.0
Tamil Nadu,Pudukkottai,Aranthangi(Uzhavar Sandhai ),Onion,Bellary,Local,2026-09-20,6000.0,7000.0,6500.0
Tamil Nadu,Pudukkottai,Aranthangi(Uzhavar Sandhai ),Bottle gourd,Bottle Gourd,Local,2026-09-20,1500.0,2000.0,1750.0
Tamil Nadu,Pudukkottai,Aranthangi(Uzhavar Sandhai ),Pumpkin,Pumpkin,Local,2026-09-20,1000.0,1500.0,1250.0
Tamil Nadu,Pudukkottai,Aranthangi(Uzhavar Sandhai ),Banana - Green,Banana - Green,Local,2026-09-20,2500.0,3000.0,2750.0
Tamil Nadu,Pudukkottai,Aranthangi(Uzhavar Sandhai ),Snakeguard,Snakeguard,Local,2026-09-20,3000.0,3500.0,3250.0
Tamil Nadu,Pudukkottai,Aranthangi(Uzhavar Sandhai ),Raddish,Raddish,Local,2026-09-20,3500.0,4000.0,3750.0
Keralam,Palakad,Karimpuzha VFPCK Market,Banana,Nendra Bale,Grade A,2026-09-20,3800.0,4200.0,4000.0
Tamil Nadu,Nagapattinam,Vedaranyam(Uzhavar Sandhai),Banana,Other,Local,2026-09-20,3500.0,4000.0,3750.0
Tamil Nadu,Nagapattinam,Vedaranyam(Uzhavar Sandhai),Bottle gourd,Bottle Gourd,Local,2026-09-20,2800.0,3000.0,2900.0
Tamil Nadu,Nagapattinam,Vedaranyam(Uzhavar Sandhai),Ashgourd,Gouard,Local,2026-09-20,2500.0,2600.0,2550.0
Tamil Nadu,Nagapattinam,Vedaranyam(Uzhavar Sandhai),Amaranthus,Amaranthus,Local,2026-09-20,2000.0,2200.0,2100.0
Tamil Nadu,Nagapattinam,Vedaranyam(Uzhavar Sandhai),Coconut,Coconut,Local,2026-09-20,4800.0,5000.0,4900.0
Tamil Nadu,Nagapattinam,Vedaranyam(Uzhavar Sandhai),Snakeguard,Snakeguard,Local,2026-09-20,3500.0,4000.0,3750.0
Tamil Nadu,Nagapattinam,Vedaranyam(Uzhavar Sandhai),Mango(Raw-Ripe),Mango - Raw-Ripe,Local,2026-09-20,3800.0,4000.0,3900.0
Tamil Nadu,Nagapattinam,Vedaranyam(Uzhavar Sandhai),Yam(Ratalu),Yam (Ratalu),Local,2026-09-20,6200.0,6500.0,6350.0
Tamil Nadu,Vellore,Perampet(Uzhavar Sandhai),Onion,Bellary,Local,2026-09-20,5000.0,6000.0,5500.0
Tamil Nadu,Vellore,Perampet(Uzhavar Sandhai),Brinjal,Other,Local,2026-09-20,3500.0,4000.0,3750.0
Tamil Nadu,Vellore,Perampet(Uzhavar Sandhai),Tomato,Deshi,Local,2026-09-20,2000.0,2500.0,2250.0
Tamil Nadu,Vellore,Perampet(Uzhavar Sandhai),Bottle gourd,Bottle Gourd,Local,2026-09-20,1500.0,1500.0,1500.0
Tamil Nadu,Vellore,Perampet(Uzhavar Sandhai),Pumpkin,Pumpkin,Local,2026-09-20,2400.0,2400.0,2400.0
Tamil Nadu,Vellore,Perampet(Uzhavar Sandhai),Ginger(Green),Green Ginger,Local,2026-09-20,18000.0,19000.0,18500.0
Tamil Nadu,Vellore,Perampet(Uzhavar Sandhai),Beetroot,Beetroot,Local,2026-09-20,4500.0,5000.0,4750.0
Madhya Pradesh,Badwani,Sendhwa(F&V) APMC,Green Chilli,Green Chilly,Medium,2026-09-20,900.0,1200.0,1100.0
Madhya Pradesh,Badwani,Sendhwa(F&V) APMC,Cauliflower,Cauliflower,Medium,2026-09-20,800.0,1000.0,900.0
Madhya Pradesh,Badwani,Sendhwa(F&V) APMC,Brinjal,Round,Small,2026-09-20,600.0,1000.0,900.0
Madhya Pradesh,Badwani,Sendhwa(F&V) APMC,Cabbage,Cabbage,Medium,2026-09-20,800.0,1000.0,900.0
Maharashtra,Pune,Pune(Pimpri),Beetroot,Other,Local,2026-09-20,1800.0,2000.0,1900.0
Maharashtra,Pune,Pune(Pimpri),Bhindi(Ladies Finger),Other,Local,2026-09-20,3000.0,3500.0,3250.0
Maharashtra,Pune,Pune(Pimpri),Coriander(Leaves),Other,Local,2026-09-20,7.0,8.0,8.0
Maharashtra,Pune,Pune(Pimpri),Tomato,Local,Local,2026-09-20,1000.0,1600.0,1300.0
Maharashtra,Pune,Pune(Pimpri),Brinjal,Other,Local,2026-09-20,3000.0,3000.0,3000.0
Tamil Nadu,Karur,Kulithalai(Uzhavar Sandhai ),Potato,Other,Local,2026-09-20,4500.0,5000.0,4750.0
Tamil Nadu,Karur,Kulithalai(Uzhavar Sandhai ),Pumpkin,Pumpkin,Local,2026-09-20,2500.0,3000.0,2750.0
Tamil Nadu,Karur,Kulithalai(Uzhavar Sandhai ),Bhindi(Ladies Finger),Bhindi,Local,2026-09-20,3000.0,3600.0,3300.0
Tamil Nadu,Karur,Kulithalai(Uzhavar Sandhai ),Ridgeguard(Tori),Ridgeguard(Tori),Local,2026-09-20,5000.0,5400.0,5200.0
Tamil Nadu,Karur,Kulithalai(Uzhavar Sandhai ),Lemon,Lemon,Local,2026-09-20,27500.0,28000.0,27750.0
Tamil Nadu,Karur,Kulithalai(Uzhavar Sandhai ),Mashrooms,Mashrooms,Local,2026-09-20,24000.0,26000.0,25000.0
Tamil Nadu,Karur,Kulithalai(Uzhavar Sandhai ),Amla(Nelli Kai),Amla,Local,2026-09-20,7500.0,8000.0,7750.0
Tamil Nadu,Chengalpattu,Guduvancheri(Uzhavar Sandhai ),Brinjal,Round,Local,2026-09-20,4000.0,5000.0,4500.0
Tamil Nadu,Chengalpattu,Guduvancheri(Uzhavar Sandhai ),Coriander(Leaves),I Sort,Local,2026-09-20,5000.0,6000.0,5500.0
Tamil Nadu,Chengalpattu,Guduvancheri(Uzhavar Sandhai ),Mousambi(Sweet Lime),Mousambi,Local,2026-09-20,6000.0,7000.0,6500.0
Tamil Nadu,Chengalpattu,Guduvancheri(Uzhavar Sandhai ),Banana - Green,Banana - Green,Local,2026-09-20,3500.0,4000.0,3750.0
Tamil Nadu,Chengalpattu,Guduvancheri(Uzhavar Sandhai ),Cucumbar(Kheera),Cucumbar,Local,2026-09-20,4000.0,5000.0,4500.0
Tamil Nadu,Chengalpattu,Guduvancheri(Uzhavar Sandhai ),Tender Coconut,Tender Coconut,Local,2026-09-20,2500.0,3000.0,2750.0
Tamil Nadu,Chengalpattu,Guduvancheri(Uzhavar Sandhai ),Marigold(Calcutta),Marigold(Calcutta),Local,2026-09-20,16000.0,18000.0,17000.0
Tamil Nadu,Chengalpattu,Guduvancheri(Uzhavar Sandhai ),Sweet Corn,Sweet Corn,Local,2026-09-20,4000.0,5000.0,4500.0
Tamil Nadu,Thirupur,Dharapuram(Uzhavar Sandhai ),Green Chilli,Green Chilly,Local,2026-09-20,5500.0,6000.0,5750.0
Tamil Nadu,Thirupur,Dharapuram(Uzhavar Sandhai ),Ginger(Green),Green Ginger,Local,2026-09-20,16000.0,18000.0,17000.0
Tamil Nadu,Thirupur,Dharapuram(Uzhavar Sandhai ),Snakeguard,Snakeguard,Local,2026-09-20,3500.0,4000.0,3750.0
Tamil Nadu,Thirupur,Dharapuram(Uzhavar Sandhai ),Chow Chow,Chow Chow,Local,2026-09-20,3000.0,3500.0,3250.0
Tamil Nadu,Thirupur,Dharapuram(Uzhavar Sandhai ),Lemon,Lemon,Local,2026-09-20,26000.0,28000.0,27000.0
Tamil Nadu,Thirupur,Dharapuram(Uzhavar Sandhai ),Onion Green,Onion Green,Local,2026-09-20,5500.0,6000.0,5750.0
Tamil Nadu,Thirupur,Palladam(Uzhavar Sandhai ),Ashgourd,Gouard,Local,2026-09-20,2000.0,2500.0,2250.0
Tamil Nadu,Thirupur,Palladam(Uzhavar Sandhai ),Bhindi(Ladies Finger),Bhindi,Local,2026-09-20,4000.0,4500.0,4250.0
Tamil Nadu,Thirupur,Palladam(Uzhavar Sandhai ),Amaranthus,Amaranthus,Local,2026-09-20,2500.0,3000.0,2750.0
Tamil Nadu,Thirupur,Palladam(Uzhavar Sandhai ),Coconut,Coconut,Local,2026-09-20,5500.0,5800.0,5650.0
Tamil Nadu,Thirupur,Palladam(Uzhavar Sandhai ),Thondekai,Thondekai,Local,2026-09-20,3500.0,4000.0,3750.0
Tamil Nadu,Thirupur,Palladam(Uzhavar Sandhai ),Mint(Pudina),Mint(Pudina),Local,2026-09-20,3000.0,3500.0,3250.0
Uttar Pradesh,Amethi,Jafarganj APMC,Wheat,Dara,FAQ,2026-09-20,2500.0,2600.0,2561.73
Uttar Pradesh,Raebarelli,Jayas APMC,Wheat,Dara,FAQ,2026-09-20,2400.0,2610.0,2525.92
Uttar Pradesh,Mathura,Kosikalan APMC,Paddy(Common),Common,FAQ,2026-09-20,3050.0,3650.0,3324.53
Tamil Nadu,Kallakuruchi,Kallakurichi(Uzhavar Sandhai ),Cauliflower,Ranchi,Local,2026-09-20,3000.0,3000.0,3000.0
Tamil Nadu,Kallakuruchi,Kallakurichi(Uzhavar Sandhai ),Papaya,Papaya,Local,2026-09-20,3500.0,3500.0,3500.0
Tamil Nadu,Kallakuruchi,Kallakurichi(Uzhavar Sandhai ),Water Melon,Water Melon,Local,2026-09-20,2000.0,2000.0,2000.0
Tamil Nadu,Kallakuruchi,Kallakurichi(Uzhavar Sandhai ),Tomato,Deshi,Local,2026-09-20,2500.0,2500.0,2500.0
Tamil Nadu,Kallakuruchi,Kallakurichi(Uzhavar Sandhai ),Bottle gourd,Bottle Gourd,Local,2026-09-20,1500.0,1500.0,1500.0
Tamil Nadu,Kallakuruchi,Kallakurichi(Uzhavar Sandhai ),Green Chilli,Green Chilly,Local,2026-09-20,6000.0,6000.0,6000.0
Tamil Nadu,Kallakuruchi,Kallakurichi(Uzhavar Sandhai ),Tapioca,Tapioca,Local,2026-09-20,3000.0,3000.0,3000.0
Tamil Nadu,Kallakuruchi,Kallakurichi(Uzhavar Sandhai ),Cabbage,Cabbage,Local,2026-09-20,4000.0,4000.0,4000.0
Tamil Nadu,Kallakuruchi,Kallakurichi(Uzhavar Sandhai ),Snakeguard,Snakeguard,Local,2026-09-20,4000.0,4000.0,4000.0
Tamil Nadu,Kallakuruchi,Kallakurichi(Uzhavar Sandhai ),Ridgeguard(Tori),Ridgeguard(Tori),Local,2026-09-20,4000.0,4000.0,4000.0
Tamil Nadu,Kallakuruchi,Kallakurichi(Uzhavar Sandhai ),Marigold(Calcutta),Marigold(Calcutta),Local,2026-09-20,35000.0,35000.0,35000.0
Tamil Nadu,Kallakuruchi,Kallakurichi(Uzhavar Sandhai ),Yam(Ratalu),Yam (Ratalu),Local,2026-09-20,3000.0,3000.0,3000.0
Tamil Nadu,Kallakuruchi,Kallakurichi(Uzhavar Sandhai ),Mashrooms,Mashrooms,Local,2026-09-20,22500.0,22500.0,22500.0
Uttar Pradesh,Baghpat,Khekda APMC,Paddy(Common),Basmati,FAQ,2026-09-20,3890.0,3890.0,3890.0
Uttar Pradesh,Sitapur,Mehmoodabad APMC,Mentha Oil,Other,FAQ,2026-09-20,130000.0,130000.0,130000.0
Uttar Pradesh,Mathura,Mathura APMC,Ginger(Green),Other,FAQ,2026-09-20,8000.0,8000.0,8000.0
Uttar Pradesh,Mathura,Mathura APMC,Green Chilli,Other,FAQ,2026-09-20,4000.0,4000.0,4000.0
Tamil Nadu,Thirupathur,Natrampalli(Uzhavar Sandhai ),Coriander(Leaves),I Sort,Local,2026-09-20,5000.0,6000.0,5500.0
Tamil Nadu,Thirupathur,Natrampalli(Uzhavar Sandhai ),Cluster beans,Cluster Beans,Local,2026-09-20,2500.0,3000.0,2750.0
Tamil Nadu,Thirupathur,Natrampalli(Uzhavar Sandhai ),Bitter gourd,Bitter Gourd,Local,2026-09-20,4000.0,5000.0,4500.0
Tamil Nadu,Thirupathur,Natrampalli(Uzhavar Sandhai ),Banana - Green,Banana - Green,Local,2026-09-20,2500.0,3000.0,2750.0
Tamil Nadu,Thirupathur,Natrampalli(Uzhavar Sandhai ),Cabbage,Cabbage,Local,2026-09-20,2500.0,3000.0,2750.0
Tamil Nadu,Thirupathur,Natrampalli(Uzhavar Sandhai ),Beetroot,Beetroot,Local,2026-09-20,5000.0,6000.0,5500.0
Tamil Nadu,Thirupathur,Natrampalli(Uzhavar Sandhai ),Ridgeguard(Tori),Ridgeguard(Tori),Local,2026-09-20,2500.0,3000.0,2750.0
Tamil Nadu,Thirupathur,Natrampalli(Uzhavar Sandhai ),Green Avare(W),Green Avare (W),Local,2026-09-20,5000.0,6000.0,5500.0
Andhra Pradesh,Eluru,Kaikaluru APMC,Paddy(Common),MTU-1001,Local,2026-09-20,2440.0,2440.0,2440.0
Andhra Pradesh,Srikakulam,Jalumuru APMC,Paddy(Common),1121,FAQ,2026-09-20,2369.0,2369.0,2369.0
Uttar Pradesh,Hamirpur,Muskara APMC,Green Gram(Moong)(Whole),Other,FAQ,2026-09-20,8768.0,8768.0,8768.0
Uttar Pradesh,Sonbhadra,Dudhi APMC,Tomato,Other,FAQ,2026-09-20,3000.0,3000.0,3000.0
Telangana,Nagarkurnool,Kalwakurthy APMC,Bhindi(Ladies Finger),Bhindi,Local,2026-09-20,2750.0,2750.0,2750.0
Telangana,Nagarkurnool,Kalwakurthy APMC,Brinjal,Brinjal,Local,2026-09-20,2750.0,2750.0,2750.0
Telangana,Nagarkurnool,Kalwakurthy APMC,Potato,Potato,Local,2026-09-20,1900.0,1900.0,1900.0
Andhra Pradesh,Kakinada,Pithapuram APMC,Paddy(Common),B P T,FAQ,2026-09-20,2369.0,2389.0,2379.0
Andhra Pradesh,Annamayya,Madanapalli APMC,Tomato,Local,FAQ,2026-09-20,1800.0,2300.0,2100.0
Andhra Pradesh,Anakapally,Yellamanchili APMC,Paddy(Common),1001,Local,2026-09-20,2390.0,2450.0,2400.0
Tamil Nadu,Salem,Athur(Uzhavar Sandhai ),Potato,Other,Local,2026-09-20,5000.0,5500.0,5250.0
Tamil Nadu,Salem,Athur(Uzhavar Sandhai ),Bitter gourd,Other,Local,2026-09-20,4500.0,5000.0,4750.0
Tamil Nadu,Salem,Athur(Uzhavar Sandhai ),Amaranthus,Amaranthus,Local,2026-09-20,2000.0,2500.0,2250.0
Tamil Nadu,Salem,Athur(Uzhavar Sandhai ),Chow Chow,Chow Chow,Local,2026-09-20,3500.0,4000.0,3750.0
Tamil Nadu,Salem,Athur(Uzhavar Sandhai ),Drumstick,Drumstick,Local,2026-09-20,3500.0,4000.0,3750.0
Tamil Nadu,Salem,Athur(Uzhavar Sandhai ),Jack Fruit(Ripe),Jack Fruit,Local,2026-09-20,3000.0,3000.0,3000.0
Tamil Nadu,Salem,Athur(Uzhavar Sandhai ),Guava,Guava Allahabad,Local,2026-09-20,5500.0,6000.0,5750.0
Tamil Nadu,Salem,Athur(Uzhavar Sandhai ),Kakada,Kakada,Local,2026-09-20,20000.0,24000.0,22000.0
Tamil Nadu,Salem,Athur(Uzhavar Sandhai ),Tamarind Fruit,Tamarind Fruit,Local,2026-09-20,13000.0,16000.0,14500.0
Tamil Nadu,Salem,Athur(Uzhavar Sandhai ),Elephant Yam(Suran)/Amorphophallus,Elephant Yam (Suran),Local,2026-09-20,3000.0,3500.0,3250.0
Tamil Nadu,Salem,Athur(Uzhavar Sandhai ),Lemon,Lemon,Local,2026-09-20,9000.0,10000.0,9500.0
Tamil Nadu,Salem,Athur(Uzhavar Sandhai ),Custard Apple(Sharifa),Custard Apple(Sharifa),Local,2026-09-20,3500.0,4000.0,3750.0
Tamil Nadu,Theni,Periyakulam(Uzhavar Sandhai ),Coriander(Leaves),I Sort,Local,2026-09-20,3000.0,3000.0,3000.0
Tamil Nadu,Theni,Periyakulam(Uzhavar Sandhai ),Green Chilli,Green Chilly,Local,2026-09-20,5400.0,5800.0,5600.0
Tamil Nadu,Theni,Periyakulam(Uzhavar Sandhai ),Beans,Beans (Whole),Local,2026-09-20,8000.0,8500.0,8250.0
Tamil Nadu,Theni,Periyakulam(Uzhavar Sandhai ),Coconut,Coconut,Local,2026-09-20,5400.0,5600.0,5500.0
Tamil Nadu,Theni,Periyakulam(Uzhavar Sandhai ),Snakeguard,Snakeguard,Local,2026-09-20,2300.0,2500.0,2400.0
Tamil Nadu,Theni,Periyakulam(Uzhavar Sandhai ),Ridgeguard(Tori),Ridgeguard(Tori),Local,2026-09-20,3600.0,3800.0,3700.0
Tamil Nadu,Theni,Periyakulam(Uzhavar Sandhai ),Chow Chow,Chow Chow,Local,2026-09-20,2800.0,3000.0,2900.0
Tamil Nadu,Virudhunagar,Srivilliputhur(Uzhavar Sandhai ),Banana,Besrai,Local,2026-09-20,3500.0,4000.0,3750.0
Tamil Nadu,Virudhunagar,Srivilliputhur(Uzhavar Sandhai ),Tomato,Deshi,Local,2026-09-20,2000.0,2500.0,2250.0
Tamil Nadu,Virudhunagar,Srivilliputhur(Uzhavar Sandhai ),Bhindi(Ladies Finger),Bhindi,Local,2026-09-20,3500.0,4000.0,3750.0
Tamil Nadu,Virudhunagar,Srivilliputhur(Uzhavar Sandhai ),Beans,Beans (Whole),Local,2026-09-20,9000.0,10000.0,9500.0
Tamil Nadu,Virudhunagar,Srivilliputhur(Uzhavar Sandhai ),Chow Chow,Chow Chow,Local,2026-09-20,3000.0,3500.0,3250.0
Tamil Nadu,Virudhunagar,Srivilliputhur(Uzhavar Sandhai ),Drumstick,Drumstick,Local,2026-09-20,4500.0,5000.0,4750.0
Tamil Nadu,Virudhunagar,Srivilliputhur(Uzhavar Sandhai ),Tender Coconut,Tender Coconut,Local,2026-09-20,2000.0,2500.0,2250.0
Tamil Nadu,Virudhunagar,Srivilliputhur(Uzhavar Sandhai ),Yam(Ratalu),Yam (Ratalu),Local,2026-09-20,6000.0,7000.0,6500.0
Tamil Nadu,Virudhunagar,Srivilliputhur(Uzhavar Sandhai ),Onion Green,Onion Green,Local,2026-09-20,7000.0,8000.0,7500.0
Uttar Pradesh,Pillibhit,Puranpur APMC,Wheat,Dara,FAQ,2026-09-20,2600.0,2600.0,2600.0
Uttar Pradesh,Hathras,Shadabad APMC,Raddish,Raddish,Small,2026-09-20,600.0,700.0,650.0
Uttar Pradesh,Barabanki,Safdarganj APMC,Wheat,Dara,FAQ,2026-09-20,2450.0,2575.0,2457.6
Uttar Pradesh,Jaunpur,Shahganj APMC,Rice,Common,FAQ,2026-09-20,2600.0,2600.0,2600.0
Uttar Pradesh,Badaun,Wazirganj APMC,Maize,Other,FAQ,2026-09-20,2050.0,2050.0,2050.0
Uttar Pradesh,Hardoi,Sandila APMC,Potato,Other,FAQ,2026-09-20,600.0,600.0,600.0
Odisha,Kalahandi,Mukhiguda APMC,Cabbage,Cabbage,Grade B,2026-09-20,2400.0,2700.0,2550.0
West Bengal,North 24 Parganas,Habra APMC,Papaya(Raw),Other,FAQ,2026-09-20,400.0,500.0,400.0
Tamil Nadu,Coimbatore,Vadavalli(Uzhavar Sandhai ),Apple,American,Local,2026-09-20,20000.0,28000.0,24000.0
Tamil Nadu,Coimbatore,Vadavalli(Uzhavar Sandhai ),Onion,Bellary,Local,2026-09-20,5800.0,6200.0,6000.0
Tamil Nadu,Coimbatore,Vadavalli(Uzhavar Sandhai ),Cauliflower,Ranchi,Local,2026-09-20,4000.0,4600.0,4300.0
Tamil Nadu,Coimbatore,Vadavalli(Uzhavar Sandhai ),Papaya,Papaya,Local,2026-09-20,5000.0,5600.0,5300.0
Tamil Nadu,Coimbatore,Vadavalli(Uzhavar Sandhai ),Amaranthus,Amaranthus,Local,2026-09-20,5400.0,6500.0,5950.0
Tamil Nadu,Coimbatore,Vadavalli(Uzhavar Sandhai ),Beetroot,Beetroot,Local,2026-09-20,5000.0,5500.0,5250.0
Tamil Nadu,Coimbatore,Vadavalli(Uzhavar Sandhai ),Green Avare(W),Other,Local,2026-09-20,6000.0,6500.0,6250.0
Tamil Nadu,Coimbatore,Vadavalli(Uzhavar Sandhai ),Karbuja(Musk Melon),Karbhuja,Local,2026-09-20,4400.0,4800.0,4600.0
West Bengal,Darjeeling,Karsiyang(Matigara) APMC,Cabbage,Other,FAQ,2026-09-20,2800.0,3000.0,2900.0
West Bengal,Darjeeling,Karsiyang(Matigara) APMC,Carrot,Other,FAQ,2026-09-20,3200.0,3400.0,3300.0
Tamil Nadu,Dindigul,Vedasanthur(Uzhavar Sandhai ),Brinjal,Round,Local,2026-09-20,5000.0,6000.0,5500.0
Tamil Nadu,Dindigul,Vedasanthur(Uzhavar Sandhai ),Coconut,Coconut,Local,2026-09-20,5000.0,5500.0,5250.0
Haryana,Yamuna Nagar,Sadhaura APMC,Bottle gourd,Bottle Gourd,Local,2026-09-20,1200.0,1400.0,1300.0
Haryana,Yamuna Nagar,Sadhaura APMC,Pumpkin,Pumpkin,Local,2026-09-20,1400.0,1600.0,1500.0
Haryana,Yamuna Nagar,Sadhaura APMC,Cucumbar(Kheera),Cucumbar,Local,2026-09-20,1800.0,2000.0,1900.0
Haryana,Yamuna Nagar,Sadhaura APMC,Green Chilli,Green Chilly,Local,2026-09-20,2600.0,2800.0,2700.0
Uttar Pradesh,Bulandshahar,Gulavati APMC,Bottle gourd,Bottle Gourd,FAQ,2026-09-20,1500.0,1700.0,1600.0
Tripura,South Tripura,Barpathari APMC,Brinjal,Round/Long,Local,2026-09-20,3900.0,4100.0,4000.0
Tripura,South Tripura,Barpathari APMC,Spiny Gourd / Kartali(Kantola),Kartali (Kantola),Local,2026-09-20,5900.0,6100.0,6000.0
Tamil Nadu,Coimbatore,Udumalpet APMC,Banana,Other,Local,2026-09-20,6000.0,7000.0,6500.0
Tamil Nadu,Coimbatore,Udumalpet APMC,Bottle gourd,Bottle Gourd,Local,2026-09-20,1500.0,2200.0,1850.0
Tamil Nadu,Coimbatore,Udumalpet APMC,Bhindi(Ladies Finger),Bhindi,Local,2026-09-20,4000.0,4800.0,4400.0
Tamil Nadu,Coimbatore,Udumalpet APMC,Green Chilli,Green Chilly,Local,2026-09-20,4500.0,5400.0,4950.0
Tamil Nadu,Coimbatore,Udumalpet APMC,Ginger(Green),Green Ginger,Local,2026-09-20,18000.0,18500.0,18250.0
Tamil Nadu,Coimbatore,Udumalpet APMC,Sweet Potato,Hosur Red,Local,2026-09-20,6500.0,7500.0,7000.0
Tamil Nadu,Coimbatore,Udumalpet APMC,Drumstick,Drumstick,Local,2026-09-20,2500.0,3000.0,2750.0
Tamil Nadu,Coimbatore,Udumalpet APMC,Elephant Yam(Suran)/Amorphophallus,Elephant Yam (Suran),Local,2026-09-20,6000.0,7000.0,6500.0
Tamil Nadu,Coimbatore,Udumalpet APMC,Amla(Nelli Kai),Amla,Local,2026-09-20,7000.0,8000.0,7500.0
Tamil Nadu,Coimbatore,Udumalpet APMC,Mint(Pudina),Mint(Pudina),Local,2026-09-20,4500.0,5000.0,4750.0
Tamil Nadu,Coimbatore,Udumalpet APMC,Sweet Corn,Sweet Corn,Local,2026-09-20,4500.0,5000.0,4750.0
West Bengal,Darjeeling,Siliguri APMC,Tomato,Tomato,FAQ,2026-09-20,2600.0,2800.0,2700.0
West Bengal,Darjeeling,Siliguri APMC,Black Gram Dal(Urd Dal),Black Gram Dal,FAQ,2026-09-20,12000.0,13000.0,12500.0
Tamil Nadu,Erode,Gobichettipalayam(Uzhavar Sandhai ),Brinjal,Round,Local,2026-09-20,4000.0,4200.0,4100.0
Tamil Nadu,Erode,Gobichettipalayam(Uzhavar Sandhai ),Chikoos(Sapota),Sapota,Local,2026-09-20,3000.0,3500.0,3250.0
Tamil Nadu,Erode,Gobichettipalayam(Uzhavar Sandhai ),Bitter gourd,Bitter Gourd,Local,2026-09-20,4500.0,4800.0,4650.0
Tamil Nadu,Erode,Gobichettipalayam(Uzhavar Sandhai ),Guava,Guava Allahabad,Local,2026-09-20,5000.0,5500.0,5250.0
Tamil Nadu,Erode,Gobichettipalayam(Uzhavar Sandhai ),Tender Coconut,Tender Coconut,Local,2026-09-20,3500.0,4000.0,3750.0
West Bengal,Puruliya,Balarampur APMC,Bhindi(Ladies Finger),Other,Local,2026-09-20,2800.0,3500.0,3200.0
Tamil Nadu,Erode,Sampath Nagar(Uzhavar Sandhai ),Apple,American,Local,2026-09-20,19000.0,20000.0,19500.0
Tamil Nadu,Erode,Sampath Nagar(Uzhavar Sandhai ),Grapes,Annabesahai,Local,2026-09-20,11000.0,11500.0,11250.0
Tamil Nadu,Erode,Sampath Nagar(Uzhavar Sandhai ),Bitter gourd,Other,Local,2026-09-20,4000.0,4400.0,4200.0
Tamil Nadu,Erode,Sampath Nagar(Uzhavar Sandhai ),Banana - Green,Banana - Green,Local,2026-09-20,3000.0,3500.0,3250.0
Tamil Nadu,Erode,Sampath Nagar(Uzhavar Sandhai ),Carrot,Pusakesar,Local,2026-09-20,5000.0,5200.0,5100.0
Tamil Nadu,Erode,Sampath Nagar(Uzhavar Sandhai ),Snakeguard,Snakeguard,Local,2026-09-20,3200.0,3600.0,3400.0
Tamil Nadu,Erode,Sampath Nagar(Uzhavar Sandhai ),Mango(Raw-Ripe),Mango - Raw-Ripe,Local,2026-09-20,7000.0,8000.0,7500.0
Tamil Nadu,Erode,Sampath Nagar(Uzhavar Sandhai ),Pomegranate,Pomogranate,Local,2026-09-20,16000.0,17000.0,16500.0
Tamil Nadu,Erode,Sampath Nagar(Uzhavar Sandhai ),Kakada,Kakada,Local,2026-09-20,27000.0,28000.0,27500.0
Himachal Pradesh,Kullu,SMY Bandrol,Cucumbar(Kheera),Other,FAQ,2026-09-20,1000.0,2000.0,1500.0
Himachal Pradesh,Kullu,SMY Bandrol,Apple,Delicious,Grade A,2026-09-20,1200.0,7800.0,5000.0
Uttar Pradesh,Kannuj,Kannauj APMC,Potato,Other,FAQ,2026-09-20,550.0,550.0,550.0
Tripura,Khowai,Kalyanpur APMC,Fish,Rahu(Andhra),FAQ,2026-09-20,25000.0,26000.0,25700.0
Tripura,Khowai,Kalyanpur APMC,Rice,Masuri,FAQ,2026-09-20,4200.0,4300.0,4250.0
Tamil Nadu,Vellore,Pallikonda(Uzhavar Sandhai),Banana,Other,Local,2026-09-20,5000.0,6000.0,5500.0
Tamil Nadu,Vellore,Pallikonda(Uzhavar Sandhai),Bhindi(Ladies Finger),Bhindi,Local,2026-09-20,4000.0,4500.0,4250.0
Tamil Nadu,Vellore,Pallikonda(Uzhavar Sandhai),Green Chilli,Green Chilly,Local,2026-09-20,4500.0,5000.0,4750.0
Tamil Nadu,Vellore,Pallikonda(Uzhavar Sandhai),Coconut,Coconut,Local,2026-09-20,3500.0,4000.0,3750.0
Tamil Nadu,Vellore,Pallikonda(Uzhavar Sandhai),Cabbage,Cabbage,Local,2026-09-20,3000.0,3000.0,3000.0
Tamil Nadu,Vellore,Pallikonda(Uzhavar Sandhai),Snakeguard,Snakeguard,Local,2026-09-20,3000.0,3000.0,3000.0
Tamil Nadu,Vellore,Pallikonda(Uzhavar Sandhai),Mint(Pudina),Mint(Pudina),Local,2026-09-20,4000.0,4000.0,4000.0
Tamil Nadu,Pudukkottai,Ponnamaravathi(Uzhavar Sandhai),Onion,Bellary,Local,2026-09-20,6000.0,7000.0,6500.0
Tamil Nadu,Pudukkottai,Ponnamaravathi(Uzhavar Sandhai),Green Chilli,Green Chilly,Local,2026-09-20,5000.0,6000.0,5500.0
Tamil Nadu,Pudukkottai,Ponnamaravathi(Uzhavar Sandhai),Cowpea(Veg),Cowpea (Veg),Local,2026-09-20,1000.0,2000.0,1500.0
Tamil Nadu,Pudukkottai,Ponnamaravathi(Uzhavar Sandhai),Raddish,Raddish,Local,2026-09-20,2000.0,3000.0,2500.0
Tamil Nadu,Pudukkottai,Ponnamaravathi(Uzhavar Sandhai),Drumstick,Drumstick,Local,2026-09-20,4000.0,5000.0,4500.0
Tamil Nadu,Pudukkottai,Ponnamaravathi(Uzhavar Sandhai),Onion Green,Onion Green,Local,2026-09-20,9000.0,10000.0,9500.0
Tamil Nadu,Pudukkottai,Ponnamaravathi(Uzhavar Sandhai),Mint(Pudina),Mint(Pudina),Local,2026-09-20,4000.0,5000.0,4500.0
Odisha,Kalahandi,Bhawanipatna APMC,Cabbage,Cabbage,Local,2026-09-20,2600.0,2600.0,2600.0
Odisha,Kalahandi,Bhawanipatna APMC,Tomato,Tomato,Local,2026-09-20,3500.0,3500.0,3500.0
Tamil Nadu,Nagapattinam,Mayiladuthurai(Uzhavar Sandhai ),Tomato,Deshi,Local,2026-09-20,2500.0,3000.0,2750.0
Tamil Nadu,Nagapattinam,Mayiladuthurai(Uzhavar Sandhai ),Cluster beans,Cluster Beans,Local,2026-09-20,4500.0,5000.0,4750.0
Tamil Nadu,Nagapattinam,Mayiladuthurai(Uzhavar Sandhai ),Bitter gourd,Bitter Gourd,Local,2026-09-20,5500.0,6000.0,5750.0
Tamil Nadu,Nagapattinam,Mayiladuthurai(Uzhavar Sandhai ),Green Chilli,Green Chilly,Local,2026-09-20,5500.0,6000.0,5750.0
Tamil Nadu,Nagapattinam,Mayiladuthurai(Uzhavar Sandhai ),Carrot,Pusakesar,Local,2026-09-20,6000.0,7000.0,6500.0
Tamil Nadu,Nagapattinam,Mayiladuthurai(Uzhavar Sandhai ),Ridgeguard(Tori),Ridgeguard(Tori),Local,2026-09-20,5500.0,6000.0,5750.0
Tamil Nadu,Nagapattinam,Mayiladuthurai(Uzhavar Sandhai ),Green Avare(W),Green Avare (W),Local,2026-09-20,7000.0,8000.0,7500.0
Tamil Nadu,Nagapattinam,Mayiladuthurai(Uzhavar Sandhai ),Chow Chow,Chow Chow,Local,2026-09-20,4000.0,4000.0,4000.0
Tamil Nadu,Pudukkottai,Viralimalai(Uzhavar Sandhai ),Tomato,Deshi,Local,2026-09-20,2500.0,3000.0,2750.0
Tamil Nadu,Pudukkottai,Viralimalai(Uzhavar Sandhai ),Snakeguard,Snakeguard,Local,2026-09-20,2500.0,3000.0,2750.0
Tamil Nadu,Ramanathapuram,Kamuthi(Uzhavar Sandhai ),Brinjal,Round,Local,2026-09-20,5000.0,5500.0,5250.0
Tamil Nadu,Ramanathapuram,Paramakudi(Uzhavar Sandhai ),Onion,Bellary,Local,2026-09-20,4500.0,5000.0,4750.0
Tamil Nadu,Ramanathapuram,Paramakudi(Uzhavar Sandhai ),Potato,Red Nanital,Local,2026-09-20,4800.0,5000.0,4900.0
Tamil Nadu,Ramanathapuram,Paramakudi(Uzhavar Sandhai ),Bitter gourd,Bitter Gourd,Local,2026-09-20,5800.0,6000.0,5900.0
Tamil Nadu,Ramanathapuram,Paramakudi(Uzhavar Sandhai ),Beans,Beans (Whole),Local,2026-09-20,7000.0,7500.0,7250.0
Tamil Nadu,Ramanathapuram,Paramakudi(Uzhavar Sandhai ),Drumstick,Drumstick,Local,2026-09-20,7000.0,8000.0,7500.0
Tamil Nadu,Ramanathapuram,Paramakudi(Uzhavar Sandhai ),Jasmine,Jasmine,Local,2026-09-20,45000.0,50000.0,47500.0
Tamil Nadu,Ramanathapuram,Paramakudi(Uzhavar Sandhai ),Tube Flower,Tube Flower,Local,2026-09-20,70000.0,80000.0,75000.0
Tamil Nadu,Ramanathapuram,Paramakudi(Uzhavar Sandhai ),Marigold(Calcutta),Marigold(Calcutta),Local,2026-09-20,8000.0,9000.0,8500.0
Tamil Nadu,Pudukkottai,Alangudi(Uzhavar Sandhai ),Potato,Other,Local,2026-09-20,5000.0,6000.0,5500.0
Tamil Nadu,Pudukkottai,Alangudi(Uzhavar Sandhai ),Brinjal,Round,Local,2026-09-20,6000.0,7000.0,6500.0
Tamil Nadu,Pudukkottai,Alangudi(Uzhavar Sandhai ),Bottle gourd,Bottle Gourd,Local,2026-09-20,1500.0,2000.0,1750.0
Tamil Nadu,Pudukkottai,Alangudi(Uzhavar Sandhai ),Green Chilli,Green Chilly,Local,2026-09-20,5000.0,6000.0,5500.0
Tamil Nadu,Pudukkottai,Alangudi(Uzhavar Sandhai ),Snakeguard,Snakeguard,Local,2026-09-20,2500.0,3000.0,2750.0
Tamil Nadu,Pudukkottai,Alangudi(Uzhavar Sandhai ),Ridgeguard(Tori),Ridgeguard(Tori),Local,2026-09-20,5000.0,6000.0,5500.0
Tamil Nadu,Thiruvannamalai,Arani(Uzhavar Sandhai ),Potato,Red Nanital,Local,2026-09-20,3000.0,3600.0,3300.0
Tamil Nadu,Thiruvannamalai,Arani(Uzhavar Sandhai ),Tomato,Deshi,Local,2026-09-20,2500.0,3000.0,2750.0
Tamil Nadu,Thiruvannamalai,Arani(Uzhavar Sandhai ),Ashgourd,Gouard,Local,2026-09-20,1500.0,2000.0,1750.0
Tamil Nadu,Thiruvannamalai,Arani(Uzhavar Sandhai ),Beans,Beans (Whole),Local,2026-09-20,5000.0,6000.0,5500.0
Tamil Nadu,Thiruvannamalai,Arani(Uzhavar Sandhai ),Coconut,Coconut,Local,2026-09-20,4000.0,4500.0,4250.0
Tamil Nadu,Thiruvannamalai,Arani(Uzhavar Sandhai ),Onion Green,Onion Green,Local,2026-09-20,5000.0,6000.0,5500.0
Tamil Nadu,Thiruvannamalai,Polur(Uzhavar Sandhai ),Banana,Besrai,Local,2026-09-20,4200.0,5000.0,4600.0
Tamil Nadu,Thiruvannamalai,Polur(Uzhavar Sandhai ),Cauliflower,Ranchi,Local,2026-09-20,2500.0,3000.0,2750.0
Tamil Nadu,Thiruvannamalai,Polur(Uzhavar Sandhai ),Coriander(Leaves),I Sort,Local,2026-09-20,4200.0,5000.0,4600.0
Tamil Nadu,Thiruvannamalai,Polur(Uzhavar Sandhai ),Bottle gourd,Bottle Gourd,Local,2026-09-20,1600.0,2000.0,1800.0
Tamil Nadu,Thiruvannamalai,Polur(Uzhavar Sandhai ),Bhindi(Ladies Finger),Bhindi,Local,2026-09-20,3300.0,4000.0,3650.0
Tamil Nadu,Thiruvannamalai,Polur(Uzhavar Sandhai ),Sweet Potato,Hosur Red,Local,2026-09-20,3300.0,4000.0,3650.0
Tamil Nadu,Thiruvannamalai,Polur(Uzhavar Sandhai ),Snakeguard,Snakeguard,Local,2026-09-20,2500.0,3000.0,2750.0
Tamil Nadu,Thiruvannamalai,Polur(Uzhavar Sandhai ),Beetroot,Beetroot,Local,2026-09-20,4000.0,4800.0,4400.0
Tamil Nadu,Thiruvannamalai,Polur(Uzhavar Sandhai ),Ridgeguard(Tori),Ridgeguard(Tori),Local,2026-09-20,4000.0,4800.0,4400.0
Tamil Nadu,Thiruvannamalai,Polur(Uzhavar Sandhai ),Raddish,Raddish,Local,2026-09-20,1600.0,2000.0,1800.0
Tamil Nadu,Thiruvannamalai,Polur(Uzhavar Sandhai ),Thondekai,Thondekai,Local,2026-09-20,3300.0,4000.0,3650.0
Tamil Nadu,Thiruvannamalai,Tiruvannamalai(Uzhavar Sandhai ),Potato,Red Nanital,Local,2026-09-20,3500.0,4000.0,3750.0
Tamil Nadu,Thiruvannamalai,Tiruvannamalai(Uzhavar Sandhai ),Garlic,Garlic,Local,2026-09-20,25000.0,28000.0,26500.0
Tamil Nadu,Thiruvannamalai,Tiruvannamalai(Uzhavar Sandhai ),Water Melon,Water Melon,Local,2026-09-20,2000.0,2500.0,2250.0
Tamil Nadu,Thiruvannamalai,Tiruvannamalai(Uzhavar Sandhai ),Bitter gourd,Bitter Gourd,Local,2026-09-20,3600.0,4000.0,3800.0
Tamil Nadu,Thiruvannamalai,Tiruvannamalai(Uzhavar Sandhai ),Green Chilli,Green Chilly,Local,2026-09-20,6400.0,7200.0,6800.0
Tamil Nadu,Thiruvannamalai,Tiruvannamalai(Uzhavar Sandhai ),Cowpea(Veg),Cowpea (Veg),Local,2026-09-20,5000.0,6000.0,5500.0
Tamil Nadu,Thiruvannamalai,Tiruvannamalai(Uzhavar Sandhai ),Cabbage,Cabbage,Local,2026-09-20,2000.0,2500.0,2250.0
Tamil Nadu,Thiruvannamalai,Tiruvannamalai(Uzhavar Sandhai ),Snakeguard,Snakeguard,Local,2026-09-20,2500.0,3000.0,2750.0
Tamil Nadu,Thiruvannamalai,Tiruvannamalai(Uzhavar Sandhai ),Cucumbar(Kheera),Cucumbar,Local,2026-09-20,4000.0,5000.0,4500.0
Tamil Nadu,Thiruvannamalai,Tiruvannamalai(Uzhavar Sandhai ),Green Avare(W),Green Avare (W),Local,2026-09-20,5000.0,6000.0,5500.0
Tamil Nadu,Thiruvannamalai,Tiruvannamalai(Uzhavar Sandhai ),Chow Chow,Chow Chow,Local,2026-09-20,3600.0,4000.0,3800.0
Tamil Nadu,Thiruvannamalai,Tiruvannamalai(Uzhavar Sandhai ),Lime,Lime,Local,2026-09-20,3500.0,4000.0,3750.0
Tamil Nadu,Thiruvannamalai,Tiruvannamalai(Uzhavar Sandhai ),Karbuja(Musk Melon),Karbhuja,Local,2026-09-20,3000.0,3500.0,3250.0
Tamil Nadu,Thiruvannamalai,Tiruvannamalai(Uzhavar Sandhai ),Fig(Anjura/Anjeer),Anjura,Local,2026-09-20,7000.0,8000.0,7500.0
Tamil Nadu,Thiruvannamalai,Tiruvannamalai(Uzhavar Sandhai ),Marigold(Calcutta),Marigold(Calcutta),Local,2026-09-20,25000.0,28000.0,26500.0
Tamil Nadu,Thiruvannamalai,Tiruvannamalai(Uzhavar Sandhai ),Tamarind Fruit,Tamarind Fruit,Local,2026-09-20,12000.0,15000.0,13500.0
Tamil Nadu,Thiruvannamalai,Tiruvannamalai(Uzhavar Sandhai ),Custard Apple(Sharifa),Custard Apple(Sharifa),Local,2026-09-20,7000.0,8000.0,7500.0
Tamil Nadu,Thiruvannamalai,Tiruvannamalai(Uzhavar Sandhai ),Sweet Corn,Sweet Corn,Local,2026-09-20,3500.0,4000.0,3750.0
Tamil Nadu,Thiruvarur,Mannargudi I(Uzhavar Sandhai ),Apple,American,Local,2026-09-20,15000.0,23000.0,19000.0
Tamil Nadu,Thiruvarur,Mannargudi I(Uzhavar Sandhai ),Onion,Bellary,Local,2026-09-20,5600.0,7400.0,6500.0
Tamil Nadu,Thiruvarur,Mannargudi I(Uzhavar Sandhai ),Coriander(Leaves),I Sort,Local,2026-09-20,4000.0,4000.0,4000.0
Tamil Nadu,Thiruvarur,Mannargudi I(Uzhavar Sandhai ),Pumpkin,Pumpkin,Local,2026-09-20,3000.0,3000.0,3000.0
Tamil Nadu,Thiruvarur,Mannargudi I(Uzhavar Sandhai ),Green Chilli,Green Chilly,Local,2026-09-20,4800.0,4800.0,4800.0
Tamil Nadu,Thiruvarur,Mannargudi I(Uzhavar Sandhai ),Coconut,Coconut,Local,2026-09-20,4000.0,4000.0,4000.0
Tamil Nadu,Thiruvarur,Mannargudi I(Uzhavar Sandhai ),Carrot,Pusakesar,Local,2026-09-20,4600.0,4600.0,4600.0
Tamil Nadu,Thiruvarur,Mannargudi I(Uzhavar Sandhai ),Mango(Raw-Ripe),Mango - Raw-Ripe,Local,2026-09-20,8000.0,9000.0,8500.0
Tamil Nadu,Thiruvarur,Mannargudi II(Uzhavar Sandhai ),Cauliflower,Ranchi,Local,2026-09-20,5600.0,5600.0,5600.0
Tamil Nadu,Thiruvarur,Mannargudi II(Uzhavar Sandhai ),Cluster beans,Cluster Beans,Local,2026-09-20,3600.0,3600.0,3600.0
Tamil Nadu,Thiruvarur,Mannargudi II(Uzhavar Sandhai ),Bitter gourd,Bitter Gourd,Local,2026-09-20,5000.0,5000.0,5000.0
Tamil Nadu,Thiruvarur,Mannargudi II(Uzhavar Sandhai ),Ashgourd,Gouard,Local,2026-09-20,3000.0,3000.0,3000.0
Tamil Nadu,Thiruvarur,Mannargudi II(Uzhavar Sandhai ),Bhindi(Ladies Finger),Bhindi,Local,2026-09-20,3600.0,3600.0,3600.0
Tamil Nadu,Thiruvarur,Mannargudi II(Uzhavar Sandhai ),Tapioca,Tapioca,Local,2026-09-20,4000.0,4000.0,4000.0
Tamil Nadu,Thiruvarur,Mannargudi II(Uzhavar Sandhai ),Chow Chow,Chow Chow,Local,2026-09-20,4000.0,4000.0,4000.0
Tamil Nadu,Thiruvarur,Mannargudi II(Uzhavar Sandhai ),Lemon,Lemon,Local,2026-09-20,24000.0,24000.0,24000.0
Tamil Nadu,Thiruvarur,Tiruthuraipoondi(Uzhavar Sandhai ),Papaya,Papaya,Local,2026-09-20,3500.0,3500.0,3500.0
Tamil Nadu,Thiruvarur,Tiruthuraipoondi(Uzhavar Sandhai ),Ashgourd,Gouard,Local,2026-09-20,3000.0,3000.0,3000.0
Tamil Nadu,Thiruvarur,Tiruthuraipoondi(Uzhavar Sandhai ),Coconut,Coconut,Local,2026-09-20,5000.0,5000.0,5000.0
Tamil Nadu,Thiruvarur,Tiruthuraipoondi(Uzhavar Sandhai ),Drumstick,Drumstick,Local,2026-09-20,5000.0,5000.0,5000.0
Tamil Nadu,Thiruvellore,Naravarikuppam(Uzhavar Sandhai ),Potato,Red Nanital,Local,2026-09-20,4000.0,4000.0,4000.0
Tamil Nadu,Thiruvellore,Naravarikuppam(Uzhavar Sandhai ),Green Chilli,Green Chilly,Local,2026-09-20,5000.0,5000.0,5000.0
Tamil Nadu,Thiruvellore,Paruthipattu(Uzhavar Sandhai ),Coriander(Leaves),I Sort,Local,2026-09-20,5000.0,5000.0,5000.0
Tamil Nadu,Thiruvellore,Paruthipattu(Uzhavar Sandhai ),Thondekai,Thondekai,Local,2026-09-20,4000.0,4000.0,4000.0
Tamil Nadu,Thiruvellore,Perambakkam(Uzhavar Sandhai ),Ridgeguard(Tori),Ridgeguard(Tori),Local,2026-09-20,4000.0,4000.0,4000.0
Tamil Nadu,Thiruvellore,Perambakkam(Uzhavar Sandhai ),Tube Rose(Loose),Tube Rose (Loose),Local,2026-09-20,10000.0,10000.0,10000.0
Tamil Nadu,Tuticorin,Kovilpatti(Uzhavar Sandhai ),Bottle gourd,Bottle Gourd,Local,2026-09-20,3500.0,4000.0,3750.0
Tamil Nadu,Tuticorin,Kovilpatti(Uzhavar Sandhai ),Coconut,Coconut,Local,2026-09-20,6500.0,7000.0,6750.0
Tamil Nadu,Tuticorin,Kovilpatti(Uzhavar Sandhai ),Ridgeguard(Tori),Ridgeguard(Tori),Local,2026-09-20,5500.0,6000.0,5750.0
Tamil Nadu,Tuticorin,Kovilpatti(Uzhavar Sandhai ),Capsicum,Capsicum,Local,2026-09-20,5500.0,6000.0,5750.0
Tamil Nadu,Vellore,Gudiyatham(Uzhavar Sandhai ),Onion,Bellary,Local,2026-09-20,6000.0,6000.0,6000.0
Tamil Nadu,Vellore,Gudiyatham(Uzhavar Sandhai ),Tomato,Other,Local,2026-09-20,2000.0,2400.0,2200.0
Tamil Nadu,Vellore,Gudiyatham(Uzhavar Sandhai ),Coconut,Coconut,Local,2026-09-20,4000.0,4000.0,4000.0
Tamil Nadu,Vellore,Gudiyatham(Uzhavar Sandhai ),Sweet Potato,Hosur Red,Local,2026-09-20,3600.0,3600.0,3600.0
Tamil Nadu,Vellore,Gudiyatham(Uzhavar Sandhai ),Snakeguard,Snakeguard,Local,2026-09-20,3600.0,3600.0,3600.0
Tamil Nadu,Vellore,Gudiyatham(Uzhavar Sandhai ),Guava,Guava Allahabad,Local,2026-09-20,6000.0,6000.0,6000.0
Tamil Nadu,Vellore,Gudiyatham(Uzhavar Sandhai ),Colacasia,Colacasia,Local,2026-09-20,5600.0,5600.0,5600.0
Tamil Nadu,Vellore,Kahithapattarai(Uzhavar Sandhai ),Groundnut,Big (With Shell),Local,2026-09-20,7000.0,7000.0,7000.0
Tamil Nadu,Vellore,Kahithapattarai(Uzhavar Sandhai ),Tomato,Deshi,Local,2026-09-20,2600.0,2600.0,2600.0
Tamil Nadu,Vellore,Kahithapattarai(Uzhavar Sandhai ),Beans,Beans (Whole),Local,2026-09-20,6600.0,6600.0,6600.0
Tamil Nadu,Vellore,Kahithapattarai(Uzhavar Sandhai ),Tapioca,Tapioca,Local,2026-09-20,4000.0,4000.0,4000.0
Tamil Nadu,Vellore,Kahithapattarai(Uzhavar Sandhai ),Tender Coconut,Tender Coconut,Local,2026-09-20,3000.0,3000.0,3000.0
Tamil Nadu,Vellore,Kahithapattarai(Uzhavar Sandhai ),Marigold(Calcutta),Marigold(Calcutta),Local,2026-09-20,16000.0,16000.0,16000.0
Haryana,Rewari,Rewari APMC,Apple,Apple,Medium,2026-09-20,5000.0,25000.0,15000.0
Odisha,Dhenkanal,Hindol APMC,Pointed gourd(Parval),Other,Grade B,2026-09-20,4000.0,4500.0,4200.0
Odisha,Dhenkanal,Hindol APMC,Ridgeguard(Tori),Other,Grade B,2026-09-20,5000.0,5500.0,5200.0
Tamil Nadu,Thiruvannamalai,Cheyyar(Uzhavar Sandhai ),Onion,Bellary,Local,2026-09-20,4800.0,6000.0,5400.0
Tamil Nadu,Thiruvannamalai,Cheyyar(Uzhavar Sandhai ),Brinjal,Other,Local,2026-09-20,4000.0,4800.0,4400.0
Tamil Nadu,Thiruvannamalai,Cheyyar(Uzhavar Sandhai ),Papaya,Papaya,Local,2026-09-20,3200.0,4000.0,3600.0
Tamil Nadu,Thiruvannamalai,Cheyyar(Uzhavar Sandhai ),Ashgourd,Gouard,Local,2026-09-20,2000.0,2500.0,2250.0
Tamil Nadu,Thiruvannamalai,Cheyyar(Uzhavar Sandhai ),Pumpkin,Pumpkin,Local,2026-09-20,2500.0,3000.0,2750.0
Tamil Nadu,Thiruvannamalai,Cheyyar(Uzhavar Sandhai ),Beetroot,Beetroot,Local,2026-09-20,3500.0,4200.0,3850.0
Tamil Nadu,Thiruvannamalai,Cheyyar(Uzhavar Sandhai ),Mango(Raw-Ripe),Mango - Raw-Ripe,Local,2026-09-20,6500.0,8000.0,7250.0
Tamil Nadu,Thiruvannamalai,Cheyyar(Uzhavar Sandhai ),Lemon,Lemon,Local,2026-09-20,10000.0,12000.0,11000.0
Tamil Nadu,Thiruvannamalai,Cheyyar(Uzhavar Sandhai ),Onion Green,Onion Green,Local,2026-09-20,4800.0,6000.0,5400.0
Andhra Pradesh,Dr.B.R.A.Konaseema,Ramachandrapuram APMC,Paddy(Common),Paddy,FAQ,2026-09-20,2441.0,2450.0,2441.0
Telangana,Bhadradri Kothagudem,Nuguru Charla APMC,Maize,Local,FAQ,2026-09-20,2380.0,2410.0,2390.0
Tamil Nadu,Ariyalur,Ariyalur(Uzhavar Sandhai),Potato,Red Nanital,Local,2026-09-20,3500.0,4000.0,3750.0
Tamil Nadu,Ariyalur,Ariyalur(Uzhavar Sandhai),Bottle gourd,Bottle Gourd,Local,2026-09-20,2000.0,2500.0,2250.0
Tamil Nadu,Ariyalur,Ariyalur(Uzhavar Sandhai),Onion Green,Onion Green,Local,2026-09-20,7000.0,7500.0,7250.0
Tamil Nadu,Ariyalur,Ariyalur(Uzhavar Sandhai),Mint(Pudina),Mint(Pudina),Local,2026-09-20,5000.0,5500.0,5250.0
Madhya Pradesh,Ujjain,Ujjain(F&V) APMC,Coriander(Leaves),Coriander,Medium,2026-09-20,810.0,2550.0,1863.0
Madhya Pradesh,Ujjain,Ujjain(F&V) APMC,Tinda,Tinda,Medium,2026-09-20,435.0,1975.0,946.0
Uttarakhand,Nanital,Haldwani APMC,Cucumbar(Kheera),Other,FAQ,2026-09-20,2000.0,2500.0,2200.0
Uttarakhand,Nanital,Haldwani APMC,Green Chilli,Other,FAQ,2026-09-20,1000.0,1400.0,1200.0
Uttarakhand,Udhamsinghnagar,Gadarpur APMC,Paddy(Common),Other,Local,2026-09-20,1950.0,1950.0,1950.0
Uttar Pradesh,Raebarelli,Lalganj APMC,Wheat,Dara,FAQ,2026-09-20,2623.0,2623.0,2623.0
Rajasthan,Tonk,Malpura APMC,Cummin Seed(Jeera),Other,FAQ,2026-09-20,15000.0,16000.0,15500.0
Rajasthan,Bharatpur,Bayana APMC,Potato,Other,Local,2026-09-20,1100.0,1100.0,1100.0
Punjab,Hoshiarpur,Dasuya APMC,Field Pea,Field Pea,FAQ,2026-09-20,6000.0,6000.0,6000.0
Punjab,Hoshiarpur,Dasuya APMC,Ginger(Green),Other,FAQ,2026-09-20,8000.0,8000.0,8000.0
Punjab,Hoshiarpur,Dasuya APMC,Banana,Banana - Ripe,Grade B,2026-09-20,4333.33,4333.33,4333.33
Punjab,Hoshiarpur,Dasuya APMC,Brinjal,Brinjal,FAQ,2026-09-20,2500.0,2500.0,2500.0
Punjab,Hoshiarpur,Dasuya APMC,Garlic,Average,FAQ,2026-09-20,11000.0,11000.0,11000.0
Punjab,Hoshiarpur,Dasuya APMC,Onion,Onion,FAQ,2026-09-20,5000.0,5000.0,5000.0
Odisha,Mayurbhanja,Betnoti APMC,Pumpkin,Pumpkin,FAQ,2026-09-20,1800.0,2200.0,2000.0
Odisha,Mayurbhanja,Betnoti APMC,Papaya(Raw),Other,FAQ,2026-09-20,1800.0,2200.0,2000.0
Keralam,Thiruvananthapuram,Pappanchani VFPCK Market,Cowpea(Veg),Bean Barbati,Grade A,2026-09-20,8000.0,8000.0,8000.0
Tamil Nadu,Coimbatore,Sundarapuram(Uzhavar Sandhai ),Bitter gourd,Other,Local,2026-09-20,4800.0,5200.0,5000.0
Tamil Nadu,Coimbatore,Sundarapuram(Uzhavar Sandhai ),Ashgourd,Gouard,Local,2026-09-20,1800.0,2000.0,1900.0
Tamil Nadu,Coimbatore,Sundarapuram(Uzhavar Sandhai ),Bhindi(Ladies Finger),Bhindi,Local,2026-09-20,4500.0,5000.0,4750.0
Tamil Nadu,Coimbatore,Sundarapuram(Uzhavar Sandhai ),Green Chilli,Green Chilly,Local,2026-09-20,5200.0,5800.0,5500.0
Tamil Nadu,Coimbatore,Sundarapuram(Uzhavar Sandhai ),Beans,Beans (Whole),Local,2026-09-20,7000.0,7500.0,7250.0
Tamil Nadu,Coimbatore,Sundarapuram(Uzhavar Sandhai ),Sweet Potato,Hosur Red,Local,2026-09-20,5500.0,6000.0,5750.0
Tamil Nadu,Coimbatore,Sundarapuram(Uzhavar Sandhai ),Beetroot,Beetroot,Local,2026-09-20,5800.0,6200.0,6000.0
Tamil Nadu,Coimbatore,Sundarapuram(Uzhavar Sandhai ),Cucumbar(Kheera),Cucumbar,Local,2026-09-20,4000.0,4500.0,4250.0
Tamil Nadu,Coimbatore,Sundarapuram(Uzhavar Sandhai ),Raddish,Raddish,Local,2026-09-20,3000.0,3500.0,3250.0
Tamil Nadu,Coimbatore,Sundarapuram(Uzhavar Sandhai ),Drumstick,Drumstick,Local,2026-09-20,3500.0,4000.0,3750.0
Tamil Nadu,Coimbatore,Sundarapuram(Uzhavar Sandhai ),Guava,Guava Allahabad,Local,2026-09-20,5500.0,6000.0,5750.0
Tamil Nadu,Coimbatore,Sundarapuram(Uzhavar Sandhai ),Elephant Yam(Suran)/Amorphophallus,Elephant Yam (Suran),Local,2026-09-20,3500.0,4000.0,3750.0
Tamil Nadu,Coimbatore,Sundarapuram(Uzhavar Sandhai ),Amla(Nelli Kai),Amla,Local,2026-09-20,11000.0,12000.0,11500.0
Andhra Pradesh,Kakinada,Jaggampet APMC,Paddy(Common),Common,FAQ,2026-09-20,2369.0,2380.0,2369.0
Punjab,Tarntaran,Khadur Sahib(Fetehabad) APMC,Raddish,Other,Grade B,2026-09-20,1500.0,1500.0,1500.0
Tamil Nadu,Erode,Sathiyamagalam(Uzhavar Sandhai ),Banana,Red Banana,Local,2026-09-20,6500.0,7000.0,6750.0
Tamil Nadu,Erode,Sathiyamagalam(Uzhavar Sandhai ),Green Chilli,Green Chilly,Local,2026-09-20,6500.0,7000.0,6750.0
Tamil Nadu,Erode,Sathiyamagalam(Uzhavar Sandhai ),Beans,Beans (Whole),Local,2026-09-20,7000.0,7500.0,7250.0
Tamil Nadu,Erode,Sathiyamagalam(Uzhavar Sandhai ),Tapioca,Tapioca,Local,2026-09-20,2500.0,3000.0,2750.0
Tamil Nadu,Erode,Sathiyamagalam(Uzhavar Sandhai ),Carrot,Pusakesar,Local,2026-09-20,5400.0,5800.0,5600.0
Tamil Nadu,Erode,Sathiyamagalam(Uzhavar Sandhai ),Turnip,Turnip,Local,2026-09-20,6400.0,6800.0,6600.0
Tamil Nadu,Coimbatore,Mettupalayam(Uzhavar Sandhai ),Groundnut,Big (With Shell),Local,2026-09-20,8000.0,9000.0,8500.0
Tamil Nadu,Coimbatore,Mettupalayam(Uzhavar Sandhai ),Garlic,Garlic,Local,2026-09-20,16000.0,18000.0,17000.0
Tamil Nadu,Coimbatore,Mettupalayam(Uzhavar Sandhai ),Green Peas,Green Peas,Local,2026-09-20,14000.0,16000.0,15000.0
Tamil Nadu,Coimbatore,Mettupalayam(Uzhavar Sandhai ),Mousambi(Sweet Lime),Mousambi,Local,2026-09-20,5000.0,6000.0,5500.0
Tamil Nadu,Coimbatore,Mettupalayam(Uzhavar Sandhai ),Banana - Green,Banana - Green,Local,2026-09-20,4500.0,5000.0,4750.0
Tamil Nadu,Coimbatore,Mettupalayam(Uzhavar Sandhai ),Coconut,Coconut,Local,2026-09-20,5500.0,6000.0,5750.0
Tamil Nadu,Coimbatore,Mettupalayam(Uzhavar Sandhai ),Carrot,Pusakesar,Local,2026-09-20,4500.0,5000.0,4750.0
Tamil Nadu,Coimbatore,Mettupalayam(Uzhavar Sandhai ),Beetroot,Beetroot,Local,2026-09-20,5500.0,6000.0,5750.0
Tamil Nadu,Coimbatore,Mettupalayam(Uzhavar Sandhai ),Raddish,Raddish,Local,2026-09-20,2500.0,3000.0,2750.0
Tamil Nadu,Coimbatore,Mettupalayam(Uzhavar Sandhai ),Thondekai,Thondekai,Local,2026-09-20,3500.0,3800.0,3650.0
Tamil Nadu,Coimbatore,Mettupalayam(Uzhavar Sandhai ),Chow Chow,Chow Chow,Local,2026-09-20,3000.0,3500.0,3250.0
Tamil Nadu,Coimbatore,Mettupalayam(Uzhavar Sandhai ),Guava,Guava Allahabad,Local,2026-09-20,5500.0,6000.0,5750.0
Tamil Nadu,Coimbatore,Mettupalayam(Uzhavar Sandhai ),Amla(Nelli Kai),Amla,Local,2026-09-20,9000.0,10000.0,9500.0
Uttar Pradesh,Saharanpur,Gangoh APMC,Paddy(Common),Basmati,FAQ,2026-09-20,3550.0,3750.0,3663.05
Telangana,Hyderabad,RYTHU BAZAR MEHDIPATNAM,Green Chilli,Green Chilly,Grade A,2026-09-20,4000.0,4000.0,4000.0
Telangana,Hyderabad,RYTHU BAZAR MEHDIPATNAM,Leafy Vegetable,Leafy Vegetables,Grade A,2026-09-20,3000.0,3000.0,3000.0
Telangana,Hyderabad,RYTHU BAZAR MEHDIPATNAM,Bitter gourd,Bitter Gourd,Grade A,2026-09-20,3200.0,3200.0,3200.0
Telangana,Hyderabad,RYTHU BAZAR MEHDIPATNAM,Cabbage,Cabbage,Grade A,2026-09-20,1300.0,1300.0,1300.0
Punjab,Ludhiana,Raikot APMC,Potato,Badshah,Grade A,2026-09-20,680.0,680.0,680.0
Uttar Pradesh,Bijnor,Najibabad APMC,Onion,Other,FAQ,2026-09-20,2000.0,2000.0,2000.0
Tamil Nadu,Namakkal,Tiruchengode APMC,Sweet Corn,Sweet Corn,Local,2026-09-20,4800.0,5500.0,5150.0
Tamil Nadu,Namakkal,Tiruchengode APMC,Coriander(Leaves),I Sort,Local,2026-09-20,11500.0,13000.0,12250.0
Tamil Nadu,Namakkal,Tiruchengode APMC,Chikoos(Sapota),Sapota,Local,2026-09-20,4000.0,4500.0,4250.0
Tamil Nadu,Namakkal,Tiruchengode APMC,Papaya,Papaya,Local,2026-09-20,3000.0,3500.0,3250.0
Tamil Nadu,Namakkal,Tiruchengode APMC,Tomato,Other,Local,2026-09-20,2600.0,3000.0,2800.0
Tamil Nadu,Namakkal,Tiruchengode APMC,Cluster beans,Cluster Beans,Local,2026-09-20,3200.0,3600.0,3400.0
Tamil Nadu,Namakkal,Tiruchengode APMC,Ashgourd,Gouard,Local,2026-09-20,1800.0,2000.0,1900.0
Tamil Nadu,Namakkal,Tiruchengode APMC,Pumpkin,Pumpkin,Local,2026-09-20,1800.0,2000.0,1900.0
Tamil Nadu,Namakkal,Tiruchengode APMC,Green Chilli,Green Chilly,Local,2026-09-20,5400.0,6000.0,5700.0
Tamil Nadu,Namakkal,Tiruchengode APMC,Yam(Ratalu),Yam (Ratalu),Local,2026-09-20,7000.0,8000.0,7500.0
Telangana,Siddipet,Vantamamidi APMC,Tomato,Local,Local,2026-09-20,1000.0,1400.0,1200.0
Tamil Nadu,Ariyalur,Jeyankondam (Uzhavar Sandhai ),Snakeguard,Snakeguard,Local,2026-09-20,3000.0,3500.0,3250.0
Andhra Pradesh,Kakinada,Sampara (Kakinada Rural) APMC,Paddy(Common),1001,FAQ,2026-09-20,2369.0,2389.0,2379.0
Telangana,Hyderabad,RYTHU BAZAR ERRAGADDA,Tinda,Tinda,Grade A,2026-09-20,35.0,35.0,35.0
Telangana,Hyderabad,RYTHU BAZAR ERRAGADDA,Green Chilli,Green Chilly,Grade A,2026-09-20,4000.0,4000.0,4000.0
Telangana,Hyderabad,RYTHU BAZAR ERRAGADDA,Bitter gourd,Bitter Gourd,Grade A,2026-09-20,3200.0,3200.0,3200.0
Telangana,Hyderabad,RYTHU BAZAR ERRAGADDA,Cabbage,Cabbage,Grade A,2026-09-20,1300.0,1300.0,1300.0
Telangana,Hyderabad,RYTHU BAZAR ERRAGADDA,Carrot,Carrot,Grade A,2026-09-20,5000.0,5000.0,5000.0
Tamil Nadu,Coimbatore,RSPuram(Uzhavar Sandhai ),Onion,Bellary,Local,2026-09-20,5600.0,6000.0,5800.0
Tamil Nadu,Coimbatore,RSPuram(Uzhavar Sandhai ),Potato,Other,Local,2026-09-20,6400.0,7000.0,6700.0
Tamil Nadu,Coimbatore,RSPuram(Uzhavar Sandhai ),Cauliflower,Ranchi,Local,2026-09-20,4400.0,4600.0,4500.0
Tamil Nadu,Coimbatore,RSPuram(Uzhavar Sandhai ),Coriander(Leaves),I Sort,Local,2026-09-20,4400.0,4800.0,4600.0
Tamil Nadu,Coimbatore,RSPuram(Uzhavar Sandhai ),Bitter gourd,Other,Local,2026-09-20,4000.0,4800.0,4400.0
Tamil Nadu,Coimbatore,RSPuram(Uzhavar Sandhai ),Pumpkin,Pumpkin,Local,2026-09-20,1600.0,1800.0,1700.0
Tamil Nadu,Coimbatore,RSPuram(Uzhavar Sandhai ),Amaranthus,Amaranthus,Local,2026-09-20,5600.0,6500.0,6050.0
Tamil Nadu,Coimbatore,RSPuram(Uzhavar Sandhai ),Coconut,Coconut,Local,2026-09-20,5400.0,5800.0,5600.0
Tamil Nadu,Coimbatore,RSPuram(Uzhavar Sandhai ),Raddish,Raddish,Local,2026-09-20,2500.0,3000.0,2750.0
Tamil Nadu,Coimbatore,RSPuram(Uzhavar Sandhai ),Chow Chow,Chow Chow,Local,2026-09-20,2500.0,3200.0,2850.0
Tamil Nadu,Coimbatore,RSPuram(Uzhavar Sandhai ),Elephant Yam(Suran)/Amorphophallus,Elephant Yam (Suran),Local,2026-09-20,3000.0,3600.0,3300.0
Tamil Nadu,Coimbatore,RSPuram(Uzhavar Sandhai ),Lemon,Lemon,Local,2026-09-20,24000.0,25800.0,24900.0
Tamil Nadu,Coimbatore,RSPuram(Uzhavar Sandhai ),Baby Corn,Baby Corn,Grade A,2026-09-20,2200.0,2600.0,2400.0
Tamil Nadu,Coimbatore,Singanallur(Uzhavar Sandhai ),Banana,Besrai,Local,2026-09-20,6000.0,9000.0,7500.0
Tamil Nadu,Coimbatore,Singanallur(Uzhavar Sandhai ),Cauliflower,Ranchi,Local,2026-09-20,4400.0,5000.0,4700.0
Tamil Nadu,Coimbatore,Singanallur(Uzhavar Sandhai ),Papaya,Papaya,Local,2026-09-20,4600.0,5400.0,5000.0
Tamil Nadu,Coimbatore,Singanallur(Uzhavar Sandhai ),Pumpkin,Pumpkin,Local,2026-09-20,1600.0,2000.0,1800.0
Tamil Nadu,Coimbatore,Singanallur(Uzhavar Sandhai ),Tapioca,Tapioca,Local,2026-09-20,3200.0,3600.0,3400.0
Tamil Nadu,Coimbatore,Singanallur(Uzhavar Sandhai ),Betal Leaves,Mysore,Local,2026-09-20,20000.0,24000.0,22000.0
Tamil Nadu,Coimbatore,Singanallur(Uzhavar Sandhai ),Snakeguard,Snakeguard,Local,2026-09-20,3000.0,3400.0,3200.0
Tamil Nadu,Coimbatore,Singanallur(Uzhavar Sandhai ),Ridgeguard(Tori),Ridgeguard(Tori),Local,2026-09-20,4000.0,4500.0,4250.0
Tamil Nadu,Coimbatore,Singanallur(Uzhavar Sandhai ),Lime,Lime,Local,2026-09-20,15000.0,16000.0,15500.0
Tamil Nadu,Coimbatore,Singanallur(Uzhavar Sandhai ),Guava,Guava Allahabad,Local,2026-09-20,6000.0,7000.0,6500.0
Tamil Nadu,Coimbatore,Singanallur(Uzhavar Sandhai ),Pomegranate,Pomogranate,Local,2026-09-20,14000.0,17000.0,15500.0
Odisha,Mayurbhanja,Narasinghpur APMC,Brinjal,Brinjal,Local,2026-09-20,3000.0,5000.0,4000.0
Odisha,Mayurbhanja,Narasinghpur APMC,Cucumbar(Kheera),Cucumbar,Local,2026-09-20,3000.0,4000.0,3500.0
Odisha,Mayurbhanja,Narasinghpur APMC,Colacasia,Colacasia,Local,2026-09-20,3000.0,5000.0,4500.0
Tamil Nadu,Coimbatore,Pollachi(Uzhavar Sandhai ),Onion,Bellary,Local,2026-09-20,5500.0,6400.0,5950.0
Tamil Nadu,Coimbatore,Pollachi(Uzhavar Sandhai ),Brinjal,Other,Local,2026-09-20,4000.0,4500.0,4250.0
Tamil Nadu,Coimbatore,Pollachi(Uzhavar Sandhai ),Bitter gourd,Bitter Gourd,Local,2026-09-20,4500.0,5000.0,4750.0
Tamil Nadu,Coimbatore,Pollachi(Uzhavar Sandhai ),Chow Chow,Chow Chow,Local,2026-09-20,3500.0,4000.0,3750.0
Tamil Nadu,Coimbatore,Pollachi(Uzhavar Sandhai ),Lemon,Lemon,Local,2026-09-20,20000.0,25000.0,22500.0
Tamil Nadu,Coimbatore,Pollachi(Uzhavar Sandhai ),Mint(Pudina),Mint(Pudina),Local,2026-09-20,5000.0,6000.0,5500.0
Odisha,Bargarh,Godbhaga APMC,Ridge Gourd(Permal/Hybrid Gourd),Ridge Gourd(Permal/Hybrid Gourd),Grade B,2026-09-20,2200.0,2600.0,2400.0
Telangana,Ranga Reddy,"Vanasthalipuram,RBZ",Ridgeguard(Tori),Ridgeguard(Tori),Grade A,2026-09-20,3500.0,3500.0,3500.0
Telangana,Ranga Reddy,"Vanasthalipuram,RBZ",Ladies Finger,Ladies Finger,Grade A,2026-09-20,4000.0,4000.0,4000.0
Telangana,Ranga Reddy,"Vanasthalipuram,RBZ",Field Bean(Anumulu),Field Bean(Anumulu),Grade A,2026-09-20,4500.0,4500.0,4500.0
Tamil Nadu,Karur,Karur(Uzhavar Sandhai ),Banana,Red Banana,Local,2026-09-20,5000.0,6000.0,5500.0
Tamil Nadu,Karur,Karur(Uzhavar Sandhai ),Cauliflower,Ranchi,Local,2026-09-20,3500.0,4000.0,3750.0
Tamil Nadu,Karur,Karur(Uzhavar Sandhai ),Papaya,Papaya,Local,2026-09-20,4500.0,5000.0,4750.0
Tamil Nadu,Karur,Karur(Uzhavar Sandhai ),Cluster beans,Cluster Beans,Local,2026-09-20,3500.0,4000.0,3750.0
Tamil Nadu,Karur,Karur(Uzhavar Sandhai ),Pumpkin,Pumpkin,Local,2026-09-20,2000.0,2500.0,2250.0
Tamil Nadu,Karur,Karur(Uzhavar Sandhai ),Green Chilli,Green Chilly,Local,2026-09-20,5000.0,6000.0,5500.0
Tamil Nadu,Karur,Karur(Uzhavar Sandhai ),Ginger(Green),Green Ginger,Local,2026-09-20,18500.0,19000.0,18750.0
Tamil Nadu,Karur,Karur(Uzhavar Sandhai ),Ridgeguard(Tori),Ridgeguard(Tori),Local,2026-09-20,4000.0,4500.0,4250.0
Tamil Nadu,Karur,Karur(Uzhavar Sandhai ),Raddish,Raddish,Local,2026-09-20,2500.0,3000.0,2750.0
Tamil Nadu,Karur,Karur(Uzhavar Sandhai ),Chow Chow,Chow Chow,Local,2026-09-20,3500.0,4000.0,3750.0
Tamil Nadu,Karur,Karur(Uzhavar Sandhai ),Sweet Corn,Sweet Corn,Local,2026-09-20,3500.0,4000.0,3750.0
Tamil Nadu,Coimbatore,Kurichi(Uzhavar Sandhai ),Onion,Bellary,Local,2026-09-20,6000.0,6400.0,6200.0
Tamil Nadu,Coimbatore,Kurichi(Uzhavar Sandhai ),Coconut,Coconut,Local,2026-09-20,5500.0,5800.0,5650.0
Tamil Nadu,Coimbatore,Kurichi(Uzhavar Sandhai ),Ridgeguard(Tori),Ridgeguard(Tori),Local,2026-09-20,4000.0,4500.0,4250.0
Tamil Nadu,Coimbatore,Kurichi(Uzhavar Sandhai ),Raddish,Raddish,Local,2026-09-20,3000.0,3500.0,3250.0
Tamil Nadu,Coimbatore,Kurichi(Uzhavar Sandhai ),Green Avare(W),Green Avare (W),Local,2026-09-20,6000.0,6500.0,6250.0
Tamil Nadu,Coimbatore,Kurichi(Uzhavar Sandhai ),Elephant Yam(Suran)/Amorphophallus,Elephant Yam (Suran),Local,2026-09-20,3500.0,4000.0,3750.0
Tamil Nadu,Cuddalore,Cuddalore(Uzhavar Sandhai ),Groundnut,Big (With Shell),Local,2026-09-20,8000.0,8000.0,8000.0
Tamil Nadu,Cuddalore,Cuddalore(Uzhavar Sandhai ),Banana,Besrai,Local,2026-09-20,4000.0,8000.0,6000.0
Tamil Nadu,Cuddalore,Cuddalore(Uzhavar Sandhai ),Onion,Bellary,Local,2026-09-20,6000.0,7000.0,6500.0
Tamil Nadu,Cuddalore,Cuddalore(Uzhavar Sandhai ),Cauliflower,Ranchi,Local,2026-09-20,4000.0,4000.0,4000.0
Tamil Nadu,Cuddalore,Cuddalore(Uzhavar Sandhai ),Brinjal,Round,Local,2026-09-20,4000.0,5000.0,4500.0
Tamil Nadu,Cuddalore,Cuddalore(Uzhavar Sandhai ),Cluster beans,Cluster Beans,Local,2026-09-20,3500.0,3500.0,3500.0
Tamil Nadu,Cuddalore,Cuddalore(Uzhavar Sandhai ),Bitter gourd,Bitter Gourd,Local,2026-09-20,6000.0,7000.0,6500.0
Tamil Nadu,Cuddalore,Cuddalore(Uzhavar Sandhai ),Pumpkin,Pumpkin,Local,2026-09-20,2000.0,2000.0,2000.0
Tamil Nadu,Cuddalore,Cuddalore(Uzhavar Sandhai ),Banana - Green,Banana - Green,Local,2026-09-20,3000.0,3500.0,3250.0
Tamil Nadu,Cuddalore,Cuddalore(Uzhavar Sandhai ),Chow Chow,Chow Chow,Local,2026-09-20,4000.0,4000.0,4000.0
Tamil Nadu,Cuddalore,Cuddalore(Uzhavar Sandhai ),Mango(Raw-Ripe),Mango - Raw-Ripe,Local,2026-09-20,13000.0,13000.0,13000.0
Tamil Nadu,Cuddalore,Cuddalore(Uzhavar Sandhai ),Knool Khol,Knool Khol,Local,2026-09-20,4000.0,4000.0,4000.0
Tamil Nadu,Cuddalore,Cuddalore(Uzhavar Sandhai ),Guava,Guava Allahabad,Local,2026-09-20,4000.0,5000.0,4500.0
Tamil Nadu,Cuddalore,Cuddalore(Uzhavar Sandhai ),Lemon,Lemon,Local,2026-09-20,30000.0,35000.0,32500.0
Tamil Nadu,Cuddalore,Cuddalore(Uzhavar Sandhai ),Colacasia,Colacasia,Local,2026-09-20,6000.0,6000.0,6000.0
Tamil Nadu,Tuticorin,Tuticorin(Uzhavar Sandhai ),Onion,Bellary,Local,2026-09-20,5000.0,6000.0,5500.0
Tamil Nadu,Tuticorin,Tuticorin(Uzhavar Sandhai ),Bottle gourd,Bottle Gourd,Local,2026-09-20,1500.0,2000.0,1750.0
Tamil Nadu,Tuticorin,Tuticorin(Uzhavar Sandhai ),Snakeguard,Snakeguard,Local,2026-09-20,4500.0,5000.0,4750.0
Tamil Nadu,Tuticorin,Tuticorin(Uzhavar Sandhai ),Mango(Raw-Ripe),Mango - Raw-Ripe,Local,2026-09-20,12000.0,13000.0,12500.0
Tamil Nadu,Tuticorin,Tuticorin(Uzhavar Sandhai ),Yam(Ratalu),Yam (Ratalu),Local,2026-09-20,9000.0,10000.0,9500.0
Tamil Nadu,Tuticorin,Tuticorin(Uzhavar Sandhai ),Colacasia,Colacasia,Local,2026-09-20,6500.0,7000.0,6750.0
Tamil Nadu,Tuticorin,Tuticorin(Uzhavar Sandhai ),Mint(Pudina),Mint(Pudina),Local,2026-09-20,7500.0,8000.0,7750.0
Bihar,Madhubani,Madhubani APMC,Onion,Nasik,FAQ,2026-09-20,4500.0,4700.0,4600.0
Madhya Pradesh,Satna,Satna APMC,Wheat,Wheat,FAQ,2026-09-20,2500.0,2510.0,2500.0
Assam,Tinsukia,Tinsukia Market,Ginger(Green),Green Ginger,FAQ,2026-09-20,6000.0,10000.0,8000.0
Assam,Tinsukia,Tinsukia Market,Tomato,Tomato,FAQ,2026-09-20,3000.0,4000.0,3500.0
Assam,Tinsukia,Tinsukia Market,French Beans(Frasbean),Other,FAQ,2026-09-20,12000.0,14000.0,13000.0
Assam,Tinsukia,Tinsukia Market,Garlic,Garlic,FAQ,2026-09-20,8500.0,17000.0,15000.0
Assam,Tinsukia,Tinsukia Market,Sponge gourd,Sponge gourd,FAQ,2026-09-20,2500.0,3500.0,3000.0
Assam,Tinsukia,Tinsukia Market,Ashgourd,Ashgourd,FAQ,2026-09-20,1500.0,2000.0,1800.0
Tamil Nadu,Nagercoil (Kannyiakumari),Vadaseri APMC,Garlic,Garlic,Local,2026-09-20,20000.0,22000.0,21000.0
Tamil Nadu,Nagercoil (Kannyiakumari),Vadaseri APMC,Cauliflower,Ranchi,Local,2026-09-20,5500.0,6000.0,5750.0
Tamil Nadu,Nagercoil (Kannyiakumari),Vadaseri APMC,Coriander(Leaves),I Sort,Local,2026-09-20,4500.0,5000.0,4750.0
Tamil Nadu,Nagercoil (Kannyiakumari),Vadaseri APMC,Papaya,Papaya,Local,2026-09-20,3500.0,4000.0,3750.0
Tamil Nadu,Nagercoil (Kannyiakumari),Vadaseri APMC,Bhindi(Ladies Finger),Bhindi,Local,2026-09-20,4500.0,5000.0,4750.0
Tamil Nadu,Nagercoil (Kannyiakumari),Vadaseri APMC,Amaranthus,Amaranthus,Local,2026-09-20,1500.0,2000.0,1750.0
Tamil Nadu,Nagercoil (Kannyiakumari),Vadaseri APMC,Snakeguard,Snakeguard,Local,2026-09-20,3500.0,4000.0,3750.0
Tamil Nadu,Nagercoil (Kannyiakumari),Vadaseri APMC,Raddish,Raddish,Local,2026-09-20,4000.0,4500.0,4250.0
Tamil Nadu,Nagercoil (Kannyiakumari),Vadaseri APMC,Mango(Raw-Ripe),Mango - Raw-Ripe,Local,2026-09-20,9000.0,10000.0,9500.0
Tamil Nadu,Nagercoil (Kannyiakumari),Vadaseri APMC,Lime,Lime,Local,2026-09-20,4500.0,5000.0,4750.0
Tamil Nadu,Nagercoil (Kannyiakumari),Vadaseri APMC,Elephant Yam(Suran)/Amorphophallus,Elephant Yam (Suran),Local,2026-09-20,5500.0,6000.0,5750.0
Maharashtra,Ahilyanagar,APMC Rahata,Papaya,Other,Local,2026-09-20,1500.0,1500.0,1500.0
Maharashtra,Ahilyanagar,APMC Rahata,Bottle gourd,Other,Local,2026-09-20,500.0,700.0,600.0
Maharashtra,Ahilyanagar,APMC Rahata,Cauliflower,Other,Local,2026-09-20,1000.0,2000.0,1500.0
Maharashtra,Ahilyanagar,APMC Rahata,Onion,Unhali,Local,2026-09-20,700.0,5500.0,3900.0
Maharashtra,Ahilyanagar,APMC Rahata,Chilly Capsicum,Other,Local,2026-09-20,1000.0,3500.0,2250.0
Maharashtra,Ahilyanagar,APMC Rahata,Drumstick,Other,Local,2026-09-20,3000.0,5000.0,4000.0
Maharashtra,Ahilyanagar,APMC Rahata,Ridgeguard(Tori),Other,Local,2026-09-20,1000.0,2000.0,1500.0
Maharashtra,Ahilyanagar,APMC Rahata,Brinjal,Other,Local,2026-09-20,500.0,1500.0,1000.0
Maharashtra,Ahilyanagar,APMC Rahata,Green Chilli,Other,Local,2026-09-20,1500.0,2000.0,1750.0
Maharashtra,Raigad,APMC Murud,Rice,Other,Local,2026-09-20,4000.0,4500.0,4250.0
Madhya Pradesh,Morena,Kailaras APMC,Ginger(Dry),Other,FAQ,2026-09-20,6500.0,6500.0,6500.0
Madhya Pradesh,Mandla,Mandla APMC,Green Peas,Pea,Non-FAQ,2026-09-20,3600.0,3800.0,3800.0
Madhya Pradesh,Badwani,Badwani APMC,Cotton,H4,FAQ,2026-09-20,7000.0,7000.0,7000.0
Madhya Pradesh,Agar Malwa,Nalkheda APMC,Wheat,Wheat,FAQ,2026-09-20,2530.0,2653.0,2604.0
Tamil Nadu,Vellore,Thirupathur APMC,Garlic,Garlic,Local,2026-09-20,26000.0,26000.0,26000.0
Tamil Nadu,Vellore,Thirupathur APMC,Tomato,Deshi,Local,2026-09-20,3000.0,3000.0,3000.0
Tamil Nadu,Vellore,Thirupathur APMC,Pumpkin,Pumpkin,Local,2026-09-20,2000.0,2000.0,2000.0
Tamil Nadu,Vellore,Thirupathur APMC,Beans,Beans (Whole),Local,2026-09-20,7000.0,7000.0,7000.0
Tamil Nadu,Vellore,Thirupathur APMC,Sweet Potato,Hosur Red,Local,2026-09-20,4000.0,4000.0,4000.0
Tamil Nadu,Vellore,Thirupathur APMC,Jack Fruit(Ripe),Jack Fruit,Local,2026-09-20,3000.0,3000.0,3000.0
Tamil Nadu,Vellore,Thirupathur APMC,Guava,Guava Allahabad,Local,2026-09-20,5000.0,5000.0,5000.0
Tamil Nadu,Vellore,Vellore APMC,Groundnut,Big (With Shell),Local,2026-09-20,8000.0,8000.0,8000.0
Tamil Nadu,Vellore,Vellore APMC,Cauliflower,Ranchi,Local,2026-09-20,2500.0,2500.0,2500.0
Tamil Nadu,Vellore,Vellore APMC,Coriander(Leaves),I Sort,Local,2026-09-20,3000.0,3000.0,3000.0
Tamil Nadu,Vellore,Vellore APMC,Ashgourd,Gouard,Local,2026-09-20,2500.0,2500.0,2500.0
Tamil Nadu,Vellore,Vellore APMC,Bhindi(Ladies Finger),Bhindi,Local,2026-09-20,4000.0,4000.0,4000.0
Tamil Nadu,Vellore,Vellore APMC,Banana - Green,Banana - Green,Local,2026-09-20,3500.0,3500.0,3500.0
Tamil Nadu,Vellore,Vellore APMC,Coconut,Coconut,Local,2026-09-20,3500.0,3500.0,3500.0
Tamil Nadu,Vellore,Vellore APMC,Sweet Potato,Hosur Red,Local,2026-09-20,3000.0,3000.0,3000.0
Tamil Nadu,Vellore,Vellore APMC,Carrot,Pusakesar,Local,2026-09-20,4600.0,4600.0,4600.0
Tamil Nadu,Vellore,Vellore APMC,Green Avare(W),Green Avare (W),Local,2026-09-20,5500.0,5500.0,5500.0
Tamil Nadu,Vellore,Vellore APMC,Tender Coconut,Tender Coconut,Local,2026-09-20,3500.0,3500.0,3500.0
Tamil Nadu,Vellore,Vellore APMC,Custard Apple(Sharifa),Custard Apple(Sharifa),Local,2026-09-20,5000.0,5000.0,5000.0
Tamil Nadu,Vellore,Vellore APMC,Mint(Pudina),Mint(Pudina),Local,2026-09-20,4500.0,4500.0,4500.0
Tamil Nadu,Vellore,Vellore APMC,Rose(Local),Rose (Local),Local,2026-09-20,15000.0,15000.0,15000.0
Bihar,Sheikhpura,Shekhpura APMC,Bottle gourd,Bottle Gourd,FAQ,2026-09-20,2980.0,3110.0,3040.0
Madhya Pradesh,Rajgarh,Biaora APMC,Bengal Gram(Gram)(Whole),Gram,FAQ,2026-09-20,4800.0,5525.0,5525.0
Madhya Pradesh,Raisen,Silvani APMC,Bengal Gram(Gram)(Whole),Gram,FAQ,2026-09-20,6050.0,6075.0,6075.0
Tamil Nadu,Dharmapuri,Harur(Uzhavar Sandhai ),Brinjal,Round,Local,2026-09-20,2500.0,3000.0,2750.0
Tamil Nadu,Dharmapuri,Harur(Uzhavar Sandhai ),Bhindi(Ladies Finger),Bhindi,Local,2026-09-20,2000.0,2500.0,2250.0
Tamil Nadu,Dharmapuri,Harur(Uzhavar Sandhai ),Ridgeguard(Tori),Ridgeguard(Tori),Local,2026-09-20,3500.0,4000.0,3750.0
Tamil Nadu,Dharmapuri,Harur(Uzhavar Sandhai ),Thondekai,Thondekai,Local,2026-09-20,4500.0,5000.0,4750.0
Tamil Nadu,Dharmapuri,Harur(Uzhavar Sandhai ),Lemon,Lemon,Local,2026-09-20,14000.0,15000.0,14500.0
Tamil Nadu,Krishnagiri,Kaveripattinam(Uzhavar Sandhai ),Banana,Besrai,Local,2026-09-20,4000.0,7000.0,5500.0
Tamil Nadu,Krishnagiri,Kaveripattinam(Uzhavar Sandhai ),Onion,Bellary,Local,2026-09-20,5500.0,5500.0,5500.0
Tamil Nadu,Krishnagiri,Kaveripattinam(Uzhavar Sandhai ),Coriander(Leaves),I Sort,Local,2026-09-20,5500.0,5500.0,5500.0
Tamil Nadu,Krishnagiri,Kaveripattinam(Uzhavar Sandhai ),Bottle gourd,Bottle Gourd,Local,2026-09-20,3000.0,3000.0,3000.0
Tamil Nadu,Krishnagiri,Kaveripattinam(Uzhavar Sandhai ),Amaranthus,Amaranthus,Local,2026-09-20,2000.0,2500.0,2250.0
Tamil Nadu,Krishnagiri,Kaveripattinam(Uzhavar Sandhai ),Onion Green,Onion Green,Local,2026-09-20,8000.0,8000.0,8000.0
Tamil Nadu,The Nilgiris,Coonoor(Uzhavar Sandhai ),Tomato,Local,Local,2026-09-20,3000.0,3300.0,3150.0
Tamil Nadu,The Nilgiris,Coonoor(Uzhavar Sandhai ),Bottle gourd,Bottle Gourd,Local,2026-09-20,3000.0,3300.0,3150.0
Tamil Nadu,The Nilgiris,Coonoor(Uzhavar Sandhai ),Ashgourd,Gouard,Local,2026-09-20,2400.0,2700.0,2550.0
Tamil Nadu,The Nilgiris,Coonoor(Uzhavar Sandhai ),Pumpkin,Pumpkin,Local,2026-09-20,1800.0,2000.0,1900.0
Tamil Nadu,The Nilgiris,Coonoor(Uzhavar Sandhai ),Bhindi(Ladies Finger),Bhindi,Local,2026-09-20,4000.0,4400.0,4200.0
Tamil Nadu,The Nilgiris,Coonoor(Uzhavar Sandhai ),Cowpea(Veg),Cowpea (Veg),Local,2026-09-20,3500.0,3800.0,3650.0
Tamil Nadu,The Nilgiris,Coonoor(Uzhavar Sandhai ),Banana - Green,Banana - Green,Local,2026-09-20,4500.0,5000.0,4750.0
Tamil Nadu,The Nilgiris,Coonoor(Uzhavar Sandhai ),Raddish,Raddish,Local,2026-09-20,2000.0,2500.0,2250.0
Tamil Nadu,The Nilgiris,Coonoor(Uzhavar Sandhai ),Thondekai,Thondekai,Local,2026-09-20,3600.0,4000.0,3800.0
Tamil Nadu,The Nilgiris,Coonoor(Uzhavar Sandhai ),Green Avare(W),Other,Local,2026-09-20,5800.0,6200.0,6000.0
Tamil Nadu,The Nilgiris,Coonoor(Uzhavar Sandhai ),Drumstick,Drumstick,Local,2026-09-20,3000.0,3300.0,3150.0
Tamil Nadu,The Nilgiris,Gudalur(Uzhavar Sandhai ),Brinjal,Round,Local,2026-09-20,4000.0,4500.0,4250.0
Tamil Nadu,The Nilgiris,Gudalur(Uzhavar Sandhai ),Cluster beans,Cluster Beans,Local,2026-09-20,3500.0,4000.0,3750.0
Tamil Nadu,The Nilgiris,Gudalur(Uzhavar Sandhai ),Bitter gourd,Bitter Gourd,Local,2026-09-20,4500.0,5000.0,4750.0
Tamil Nadu,The Nilgiris,Gudalur(Uzhavar Sandhai ),Amaranthus,Amaranthus,Local,2026-09-20,5000.0,6000.0,5500.0
Tamil Nadu,The Nilgiris,Gudalur(Uzhavar Sandhai ),Tapioca,Tapioca,Local,2026-09-20,3000.0,3500.0,3250.0
Tamil Nadu,The Nilgiris,Gudalur(Uzhavar Sandhai ),Coconut,Coconut,Local,2026-09-20,6000.0,6500.0,6250.0
Tamil Nadu,The Nilgiris,Gudalur(Uzhavar Sandhai ),Raddish,Raddish,Local,2026-09-20,3000.0,3500.0,3250.0
Tamil Nadu,The Nilgiris,Gudalur(Uzhavar Sandhai ),Elephant Yam(Suran)/Amorphophallus,Elephant Yam (Suran),Local,2026-09-20,3500.0,4000.0,3750.0
Odisha,Angul,Angul APMC,Bitter gourd,Bitter Gourd,Grade B,2026-09-20,2500.0,2500.0,2500.0
Odisha,Angul,Angul APMC,Papaya(Raw),Other,Grade B,2026-09-20,1500.0,1500.0,1500.0
Odisha,Bargarh,Attabira APMC,Bottle gourd,Bottle Gourd,Local,2026-09-20,2050.0,2400.0,2200.0
Odisha,Bargarh,Attabira APMC,Cauliflower,Other,Local,2026-09-20,3450.0,3800.0,3600.0
Himachal Pradesh,Kullu,SMY Bhuntar,Tomato,Other,FAQ,2026-09-20,1200.0,2800.0,2000.0
Himachal Pradesh,Kullu,SMY Bhuntar,Cauliflower,Other,FAQ,2026-09-20,3000.0,3500.0,3200.0
Himachal Pradesh,Kullu,SMY Bhuntar,Cucumbar(Kheera),Other,FAQ,2026-09-20,1000.0,2500.0,1700.0
Himachal Pradesh,Kullu,SMY Bhuntar,Garlic,Other,FAQ,2026-09-20,6000.0,18000.0,12000.0
Himachal Pradesh,Kullu,SMY Bhuntar,Water Melon,Other,Medium,2026-09-20,3800.0,4000.0,3900.0
Himachal Pradesh,Kullu,SMY Bhuntar,Persimon(Japani Fal),Other,Medium,2026-09-20,6000.0,13500.0,9000.0
Punjab,Tarntaran,Patti APMC,Apple,Other,Grade B,2026-09-20,1000.0,1000.0,1000.0
Punjab,Tarntaran,Patti APMC,Cucumbar(Kheera),Cucumbar,Local,2026-09-20,0.04,0.04,0.04
Punjab,Tarntaran,Patti APMC,Spinach,Other,Local,2026-09-20,400.0,400.0,400.0
Uttarakhand,Dehradoon,Vikasnagar APMC,Lemon,Other,Medium,2026-09-20,3200.0,3500.0,3500.0
Uttarakhand,Dehradoon,Vikasnagar APMC,Cucumbar(Kheera),Other,Medium,2026-09-20,500.0,1200.0,1200.0
Uttarakhand,Dehradoon,Vikasnagar APMC,Cabbage,Cabbage,Medium,2026-09-20,600.0,1500.0,1500.0
Uttarakhand,Dehradoon,Vikasnagar APMC,Potato,Other,Medium,2026-09-20,900.0,1000.0,1000.0
Uttarakhand,Dehradoon,Vikasnagar APMC,Papaya,Papaya,Medium,2026-09-20,1600.0,1600.0,1600.0
Haryana,Faridabad,Ballabhgarh APMC,Raddish,Other,FAQ,2026-09-20,1200.0,1600.0,1400.0
Haryana,Faridabad,Ballabhgarh APMC,Green Chilli,Green Chilly,FAQ,2026-09-20,2000.0,2600.0,2400.0
Haryana,Faridabad,Ballabhgarh APMC,Mousambi(Sweet Lime),Mousambi,Grade A,2026-09-20,3000.0,4000.0,3500.0
Haryana,Hissar,Hansi APMC,Colacasia,Other,FAQ,2026-09-20,2500.0,3000.0,2750.0
Haryana,Hissar,Hansi APMC,Ginger(Dry),Other,FAQ,2026-09-20,8000.0,10000.0,9000.0
Telangana,Medchal Malkajgiri,"Kukatpally,RBZ",Brinjal,Brinjal,Local,2026-09-20,3500.0,3500.0,3500.0
Telangana,Medchal Malkajgiri,"Kukatpally,RBZ",Bitter gourd,Bitter Gourd,Local,2026-09-20,3200.0,3200.0,3200.0
Telangana,Medchal Malkajgiri,"Kukatpally,RBZ",Cluster beans,Cluster Beans,Local,2026-09-20,4000.0,4000.0,4000.0
Telangana,Medchal Malkajgiri,"Kukatpally,RBZ",Cabbage,Cabbage,Local,2026-09-20,1300.0,1300.0,1300.0
Telangana,Medchal Malkajgiri,"Kukatpally,RBZ",Onion,1st Sort,Local,2026-09-20,4000.0,4000.0,4000.0
Telangana,Medchal Malkajgiri,"Kukatpally,RBZ",Snakeguard,Other,Local,2026-09-20,1800.0,1800.0,1800.0
Telangana,Medchal Malkajgiri,"Kukatpally,RBZ",Banana - Green,Banana - Green,Local,2026-09-20,1000.0,1000.0,1000.0
Telangana,Medchal Malkajgiri,"Kukatpally,RBZ",Field Bean(Anumulu),Field Bean(Anumulu),Grade A,2026-09-20,4500.0,4500.0,4500.0
Telangana,Medchal Malkajgiri,"Kukatpally,RBZ",Leafy Vegetable,Leafy Vegetables,Local,2026-09-20,3000.0,3000.0,3000.0
Telangana,Medchal Malkajgiri,"Kukatpally,RBZ",French Beans(Frasbean),French Beans (Frasbean),Local,2026-09-20,5500.0,5500.0,5500.0
Uttar Pradesh,Maharajganj,Partaval APMC,Wheat,Dara,FAQ,2026-09-20,2400.0,2400.0,2400.0
Uttarakhand,Udhamsinghnagar,Jaspur(UC) APMC,Bottle gourd,Other,FAQ,2026-09-20,1300.0,1300.0,1300.0
Uttarakhand,Udhamsinghnagar,Jaspur(UC) APMC,Cucumbar(Kheera),Cucumbar,FAQ,2026-09-20,1800.0,1800.0,1800.0
Uttarakhand,Dehradoon,Chakrata APMC,Colacasia,Other,FAQ,2026-09-20,1200.0,1400.0,1300.0
Keralam,Kollam,Chathanoor Market,Bhindi(Ladies Finger),Other,FAQ,2026-09-20,5000.0,6000.0,5500.0
Keralam,Kollam,Chathanoor Market,Bitter gourd,Other,FAQ,2026-09-20,7500.0,9000.0,8300.0
Keralam,Kollam,Chathanoor Market,Cowpea(Veg),Other,FAQ,2026-09-20,5500.0,6500.0,6000.0
Keralam,Kollam,Chathanoor Market,Drumstick,Other,FAQ,2026-09-20,4000.0,5000.0,4500.0
Keralam,Kollam,Chathanoor Market,Little gourd(Kundru),Other,FAQ,2026-09-20,5500.0,6500.0,6000.0
Keralam,Kollam,Chathanoor Market,Ginger(Green),Other,FAQ,2026-09-20,20000.0,22500.0,21200.0
Keralam,Kollam,Chathanoor Market,Banana,Red Banana,Medium,2026-09-20,8000.0,9000.0,8500.0
Keralam,Kollam,Chathanoor Market,Banana,Robusta,Medium,2026-09-20,3000.0,4000.0,3500.0
Himachal Pradesh,Kullu,SMY Shatt,Apple,Apple,Medium,2026-09-20,2000.0,7000.0,5000.0
Andhra Pradesh,Prakasam,Maddipadu APMC,Bengal Gram(Gram)(Whole),Gulabi,FAQ,2026-09-20,6000.0,6000.0,6000.0
Keralam,Kozhikode(Calicut),Mukkom Market,Cowpea(Veg),Cowpea (Veg),FAQ,2026-09-20,6800.0,7200.0,7000.0
Keralam,Kozhikode(Calicut),Mukkom Market,Amaranthus,Amaranthus,FAQ,2026-09-20,3400.0,3600.0,3500.0
Keralam,Kozhikode(Calicut),Mukkom Market,Onion,Onion,FAQ,2026-09-20,5200.0,5600.0,5400.0
Keralam,Kozhikode(Calicut),Mukkom Market,Grapes,Other,Large,2026-09-20,8000.0,9000.0,8500.0
Telangana,Ranga Reddy,"Saroornagar,RBZ",Colacasia,Colacasia,Medium,2026-09-20,2800.0,2800.0,2800.0
Telangana,Ranga Reddy,"Saroornagar,RBZ",Cluster beans,Cluster Beans,Medium,2026-09-20,4000.0,4000.0,4000.0
Telangana,Ranga Reddy,"Saroornagar,RBZ",Cucumbar(Kheera),Cucumbar,Medium,2026-09-20,2300.0,2300.0,2300.0
Andhra Pradesh,Nandyal,Allagadda APMC,Maize,Local,FAQ,2026-09-20,1980.0,2100.0,2050.0
Uttar Pradesh,Banda,Banda APMC,Firewood,Firewood,FAQ,2026-09-20,430.0,430.0,430.0
Telangana,Hyderabad,RYTHU BAZAR FALAKNUMA,Ridgeguard(Tori),Ridgeguard(Tori),Grade A,2026-09-20,3500.0,3500.0,3500.0
Telangana,Hyderabad,RYTHU BAZAR FALAKNUMA,Little gourd(Kundru),Little gourd (Kundru),Grade A,2026-09-20,3500.0,3500.0,3500.0
Telangana,Hyderabad,RYTHU BAZAR FALAKNUMA,Carrot,Carrot,Grade A,2026-09-20,5000.0,5000.0,5000.0
Telangana,Hyderabad,RYTHU BAZAR FALAKNUMA,Onion,Onion,Grade A,2026-09-20,4000.0,4000.0,4000.0
Telangana,Hyderabad,RYTHU BAZAR FALAKNUMA,Cucumbar(Kheera),Cucumbar,Grade A,2026-09-20,2300.0,2300.0,2300.0
Keralam,Idukki,Kattappana Market,Bitter gourd,Other,Medium,2026-09-20,4800.0,5800.0,5500.0
Keralam,Idukki,Kattappana Market,Carrot,Other,Medium,2026-09-20,6500.0,7800.0,7000.0
Keralam,Idukki,Kattappana Market,Cucumbar(Kheera),Other,Medium,2026-09-20,2800.0,3200.0,3000.0
Haryana,Rewari,Kosli APMC,Cabbage,Other,FAQ,2026-09-20,2000.0,2000.0,2000.0
Haryana,Rewari,Kosli APMC,Raddish,Other,FAQ,2026-09-20,1000.0,1000.0,1000.0
Haryana,Sonipat,Ganaur APMC,Onion,Onion,FAQ,2026-09-20,4000.0,4500.0,4200.0
Haryana,Sonipat,Ganaur APMC,Tomato,Tomato,FAQ,2026-09-20,2500.0,3000.0,2800.0
Haryana,Sonipat,Ganaur APMC,Raddish,Raddish,Medium,2026-09-20,2000.0,3000.0,2500.0
Haryana,Sonipat,Ganaur APMC,Pumpkin,Pumpkin,Medium,2026-09-20,2500.0,3000.0,2800.0
Haryana,Sonipat,Ganaur APMC,Potato,Potato,FAQ,2026-09-20,1000.0,1500.0,1200.0
Keralam,Kollam,Anchal Market,Bitter gourd,Bitter Gourd,Local,2026-09-20,7500.0,7500.0,7500.0
Keralam,Kollam,Anchal Market,Cauliflower,Cauliflower,Medium,2026-09-20,7000.0,7000.0,7000.0
Keralam,Kollam,Anchal Market,Pumpkin,Pumpkin,Local,2026-09-20,3400.0,3400.0,3400.0
Keralam,Kollam,Anchal Market,Snakeguard,Snakeguard,Local,2026-09-20,4600.0,4600.0,4600.0
Rajasthan,Jalore,Jalore APMC,Onion Green,Onion Green,Local,2026-09-20,3500.0,4000.0,3800.0
Madhya Pradesh,Dewas,Haatpipliya (F&V) APMC,Brinjal,Brinjal,Local,2026-09-20,600.0,1000.0,800.0
Keralam,Kollam,Sasthamkotta Market,Snakeguard,Snakeguard,Local,2026-09-20,2200.0,2200.0,2200.0
Keralam,Kollam,Sasthamkotta Market,Mashrooms,Mashrooms,Local,2026-09-20,8000.0,8000.0,8000.0
Keralam,Kollam,Sasthamkotta Market,Banana,Red Banana,Local,2026-09-20,5000.0,5000.0,5000.0
Keralam,Alappuzha,Harippad Market,Bitter gourd,Other,FAQ,2026-09-20,7500.0,8000.0,7500.0
Keralam,Alappuzha,Harippad Market,Bhindi(Ladies Finger),Other,FAQ,2026-09-20,4500.0,5000.0,4500.0
Andhra Pradesh,Nandyal,Koilkunta APMC,Jowar(Sorghum),Jowar ( White),FAQ,2026-09-20,3000.0,3400.0,3200.0
Punjab,Patiala,Rajpura APMC,Onion,Local,Grade B,2026-09-20,3000.0,3300.0,3200.0
Punjab,Sangrur,Sangrur APMC,Peas Wet,Peas Wet,Grade B,2026-09-20,6000.0,13000.0,7500.0
Punjab,Sangrur,Sangrur APMC,Bitter gourd,Bitter Gourd,Grade B,2026-09-20,2000.0,3000.0,2500.0
Punjab,Sangrur,Sangrur APMC,Capsicum,Capsicum,Grade B,2026-09-20,1800.0,3200.0,2000.0
Punjab,Sangrur,Sangrur APMC,Cucumbar(Kheera),Cucumbar,Grade B,2026-09-20,2000.0,3500.0,3000.0
Punjab,Sangrur,Sangrur APMC,Pomegranate,Pomogranate,Grade B,2026-09-20,8000.0,12000.0,10000.0
Punjab,Sangrur,Sangrur APMC,Mousambi(Sweet Lime),Mousambi,Grade B,2026-09-20,2000.0,3500.0,3000.0
Punjab,Sangrur,Sangrur APMC,Pineapple,Pine Apple,Grade B,2026-09-20,2000.0,3100.0,2500.0
Punjab,Sangrur,Sangrur APMC,Orange,Orange,Grade B,2026-09-20,8000.0,15000.0,10000.0
Tamil Nadu,Thirupur,Tiruppur (South) (Uzhavar Sandhai ),Banana,Red Banana,Local,2026-09-20,5000.0,6000.0,5500.0
Tamil Nadu,Thirupur,Tiruppur (South) (Uzhavar Sandhai ),Pumpkin,Pumpkin,Local,2026-09-20,1000.0,1500.0,1250.0
Tamil Nadu,Thirupur,Tiruppur (South) (Uzhavar Sandhai ),Amaranthus,Amaranthus,Local,2026-09-20,2500.0,3000.0,2750.0
Tamil Nadu,Thirupur,Tiruppur (South) (Uzhavar Sandhai ),Banana - Green,Banana - Green,Local,2026-09-20,2500.0,3000.0,2750.0
Tamil Nadu,Thirupur,Tiruppur (South) (Uzhavar Sandhai ),Beetroot,Beetroot,Local,2026-09-20,4000.0,5000.0,4500.0
Tamil Nadu,Thirupur,Tiruppur (South) (Uzhavar Sandhai ),Green Avare(W),Other,Local,2026-09-20,5000.0,6000.0,5500.0
Tamil Nadu,Thirupur,Tiruppur (South) (Uzhavar Sandhai ),Onion Green,Onion Green,Local,2026-09-20,8000.0,10000.0,9000.0
Tamil Nadu,Erode,Perundurai(Uzhavar Sandhai ),Onion,Bellary,Local,2026-09-20,6000.0,6500.0,6250.0
Tamil Nadu,Erode,Perundurai(Uzhavar Sandhai ),Chikoos(Sapota),Sapota,Local,2026-09-20,3600.0,4000.0,3800.0
Tamil Nadu,Erode,Perundurai(Uzhavar Sandhai ),Papaya,Papaya,Local,2026-09-20,3000.0,3500.0,3250.0
Tamil Nadu,Erode,Perundurai(Uzhavar Sandhai ),Cluster beans,Cluster Beans,Local,2026-09-20,3000.0,3400.0,3200.0
Tamil Nadu,Erode,Perundurai(Uzhavar Sandhai ),Bhindi(Ladies Finger),Bhindi,Local,2026-09-20,3500.0,3800.0,3650.0
Tamil Nadu,Erode,Perundurai(Uzhavar Sandhai ),Amaranthus,Amaranthus,Local,2026-09-20,4000.0,4400.0,4200.0
Tamil Nadu,Erode,Perundurai(Uzhavar Sandhai ),Banana - Green,Banana - Green,Local,2026-09-20,2500.0,2800.0,2650.0
Tamil Nadu,Erode,Perundurai(Uzhavar Sandhai ),Green Avare(W),Green Avare (W),Local,2026-09-20,5500.0,6000.0,5750.0
Tamil Nadu,Dharmapuri,Dharmapuri(Uzhavar Sandhai ),Onion,Bellary,Local,2026-09-20,6200.0,6400.0,6300.0
Tamil Nadu,Dharmapuri,Dharmapuri(Uzhavar Sandhai ),Papaya,Papaya,Local,2026-09-20,3500.0,3800.0,3650.0
Tamil Nadu,Dharmapuri,Dharmapuri(Uzhavar Sandhai ),Bhindi(Ladies Finger),Bhindi,Local,2026-09-20,1500.0,1600.0,1550.0
Tamil Nadu,Dharmapuri,Dharmapuri(Uzhavar Sandhai ),Tapioca,Tapioca,Local,2026-09-20,2800.0,3000.0,2900.0
Tamil Nadu,Dharmapuri,Dharmapuri(Uzhavar Sandhai ),Coconut,Coconut,Local,2026-09-20,7000.0,7400.0,7200.0
Tamil Nadu,Dharmapuri,Dharmapuri(Uzhavar Sandhai ),Snakeguard,Snakeguard,Local,2026-09-20,2400.0,2500.0,2450.0
Tamil Nadu,Dharmapuri,Dharmapuri(Uzhavar Sandhai ),Tamarind Fruit,Tamarind Fruit,Local,2026-09-20,11000.0,11600.0,11300.0
Tamil Nadu,Dharmapuri,Dharmapuri(Uzhavar Sandhai ),Onion Green,Onion Green,Local,2026-09-20,6500.0,7000.0,6750.0
Tamil Nadu,Dharmapuri,Dharmapuri(Uzhavar Sandhai ),Mint(Pudina),Mint(Pudina),Local,2026-09-20,7500.0,8000.0,7750.0
Tamil Nadu,Dharmapuri,Palacode(Uzhavar Sandhai ),Banana,Poovan,Local,2026-09-20,5000.0,5500.0,5250.0
Tamil Nadu,Dharmapuri,Palacode(Uzhavar Sandhai ),Potato,Other,Local,2026-09-20,2500.0,2800.0,2650.0
Tamil Nadu,Dharmapuri,Palacode(Uzhavar Sandhai ),Coriander(Leaves),I Sort,Local,2026-09-20,4600.0,5000.0,4800.0
Tamil Nadu,Dharmapuri,Palacode(Uzhavar Sandhai ),Bottle gourd,Bottle Gourd,Local,2026-09-20,1800.0,2000.0,1900.0
Tamil Nadu,Dharmapuri,Palacode(Uzhavar Sandhai ),Cowpea(Veg),Cowpea (Veg),Local,2026-09-20,5800.0,6000.0,5900.0
Tamil Nadu,Dharmapuri,Palacode(Uzhavar Sandhai ),Banana - Green,Banana - Green,Local,2026-09-20,2000.0,2500.0,2250.0
Tamil Nadu,Dharmapuri,Palacode(Uzhavar Sandhai ),Beans,Beans (Whole),Local,2026-09-20,8600.0,9000.0,8800.0
Tamil Nadu,Dharmapuri,Palacode(Uzhavar Sandhai ),Carrot,Pusakesar,Local,2026-09-20,6000.0,6400.0,6200.0
Tamil Nadu,Dharmapuri,Palacode(Uzhavar Sandhai ),Beetroot,Beetroot,Local,2026-09-20,4600.0,5000.0,4800.0
Tamil Nadu,Dharmapuri,Palacode(Uzhavar Sandhai ),Thondekai,Thondekai,Local,2026-09-20,4200.0,4500.0,4350.0
Tamil Nadu,Dharmapuri,Palacode(Uzhavar Sandhai ),Guava,Guava Allahabad,Local,2026-09-20,6600.0,7000.0,6800.0
Tamil Nadu,Dharmapuri,Palacode(Uzhavar Sandhai ),Tamarind Fruit,Tamarind Fruit,Local,2026-09-20,10500.0,11000.0,10750.0
Tamil Nadu,Dharmapuri,Palacode(Uzhavar Sandhai ),Onion Green,Onion Green,Local,2026-09-20,6500.0,7000.0,6750.0
Tamil Nadu,Dharmapuri,Pennagaram(Uzhavar Sandhai ),Coriander(Leaves),I Sort,Local,2026-09-20,7500.0,8000.0,7750.0
Tamil Nadu,Dharmapuri,Pennagaram(Uzhavar Sandhai ),Tomato,Deshi,Local,2026-09-20,2800.0,3000.0,2900.0
Tamil Nadu,Dharmapuri,Pennagaram(Uzhavar Sandhai ),Cluster beans,Cluster Beans,Local,2026-09-20,2800.0,3000.0,2900.0
Tamil Nadu,Dharmapuri,Pennagaram(Uzhavar Sandhai ),Bitter gourd,Bitter Gourd,Local,2026-09-20,3800.0,4000.0,3900.0
Tamil Nadu,Dharmapuri,Pennagaram(Uzhavar Sandhai ),Bhindi(Ladies Finger),Bhindi,Local,2026-09-20,2500.0,2800.0,2650.0
Tamil Nadu,Dharmapuri,Pennagaram(Uzhavar Sandhai ),Coconut,Coconut,Local,2026-09-20,5500.0,6000.0,5750.0
Tamil Nadu,Dharmapuri,Pennagaram(Uzhavar Sandhai ),Carrot,Pusakesar,Local,2026-09-20,7000.0,7500.0,7250.0
Tamil Nadu,Dharmapuri,Pennagaram(Uzhavar Sandhai ),Cabbage,Cabbage,Local,2026-09-20,3000.0,3500.0,3250.0
Tamil Nadu,Dharmapuri,Pennagaram(Uzhavar Sandhai ),Thondekai,Thondekai,Local,2026-09-20,5500.0,6000.0,5750.0
Tamil Nadu,Dharmapuri,Pennagaram(Uzhavar Sandhai ),Knool Khol,Knool Khol,Local,2026-09-20,4500.0,5000.0,4750.0
Tamil Nadu,Dharmapuri,Pennagaram(Uzhavar Sandhai ),Mint(Pudina),Mint(Pudina),Local,2026-09-20,5500.0,6000.0,5750.0
Tamil Nadu,Dindigul,Chinnalapatti(Uzhavar Sandhai ),Onion,Bellary,Local,2026-09-20,6500.0,7000.0,6750.0
Tamil Nadu,Dindigul,Chinnalapatti(Uzhavar Sandhai ),Bottle gourd,Bottle Gourd,Local,2026-09-20,2500.0,3000.0,2750.0
Tamil Nadu,Dindigul,Chinnalapatti(Uzhavar Sandhai ),Pumpkin,Pumpkin,Local,2026-09-20,1600.0,2000.0,1800.0
Tamil Nadu,Dindigul,Chinnalapatti(Uzhavar Sandhai ),Amaranthus,Amaranthus,Local,2026-09-20,2500.0,3000.0,2750.0
Tamil Nadu,Dindigul,Chinnalapatti(Uzhavar Sandhai ),Coconut,Coconut,Local,2026-09-20,6500.0,7000.0,6750.0
Tamil Nadu,Dindigul,Chinnalapatti(Uzhavar Sandhai ),Cabbage,Cabbage,Local,2026-09-20,3600.0,4000.0,3800.0
Tamil Nadu,Dindigul,Chinnalapatti(Uzhavar Sandhai ),Drumstick,Drumstick,Local,2026-09-20,3000.0,4000.0,3500.0
Tamil Nadu,Dindigul,Chinnalapatti(Uzhavar Sandhai ),Yam(Ratalu),Yam (Ratalu),Local,2026-09-20,7600.0,8000.0,7800.0
Tamil Nadu,Dindigul,Chinnalapatti(Uzhavar Sandhai ),Amla(Nelli Kai),Amla,Local,2026-09-20,6000.0,6000.0,6000.0
Tamil Nadu,Dindigul,Dindigul(Uzhavar Sandhai ),Cauliflower,Ranchi,Local,2026-09-20,4000.0,5000.0,4500.0
Tamil Nadu,Dindigul,Dindigul(Uzhavar Sandhai ),Coriander(Leaves),I Sort,Local,2026-09-20,3000.0,3500.0,3250.0
Tamil Nadu,Dindigul,Dindigul(Uzhavar Sandhai ),Cluster beans,Cluster Beans,Local,2026-09-20,3000.0,4000.0,3500.0
Tamil Nadu,Dindigul,Dindigul(Uzhavar Sandhai ),Bhindi(Ladies Finger),Bhindi,Local,2026-09-20,3000.0,4000.0,3500.0
Tamil Nadu,Dindigul,Dindigul(Uzhavar Sandhai ),Banana - Green,Banana - Green,Local,2026-09-20,1500.0,2000.0,1750.0
Tamil Nadu,Dindigul,Dindigul(Uzhavar Sandhai ),Snakeguard,Snakeguard,Local,2026-09-20,5000.0,6000.0,5500.0
Tamil Nadu,Dindigul,Dindigul(Uzhavar Sandhai ),Raddish,Raddish,Local,2026-09-20,3000.0,4000.0,3500.0
Tamil Nadu,Dindigul,Dindigul(Uzhavar Sandhai ),Capsicum,Capsicum,Local,2026-09-20,7000.0,8000.0,7500.0
Tamil Nadu,Dindigul,Dindigul(Uzhavar Sandhai ),Green Avare(W),Green Avare (W),Local,2026-09-20,8000.0,10000.0,9000.0
Tamil Nadu,Dindigul,Dindigul(Uzhavar Sandhai ),Guava,Guava Allahabad,Local,2026-09-20,6000.0,8000.0,7000.0
Tamil Nadu,Dindigul,Dindigul(Uzhavar Sandhai ),Tamarind Fruit,Tamarind Fruit,Local,2026-09-20,14000.0,15000.0,14500.0
Tamil Nadu,Dindigul,Dindigul(Uzhavar Sandhai ),Indian Beans(Seam),Indian Beans (Seam),Local,2026-09-20,7000.0,8000.0,7500.0
Tamil Nadu,Dindigul,Dindigul(Uzhavar Sandhai ),Mashrooms,Mashrooms,Local,2026-09-20,20000.0,25000.0,22500.0
Tamil Nadu,Dindigul,Dindigul(Uzhavar Sandhai ),Onion Green,Onion Green,Local,2026-09-20,8000.0,9000.0,8500.0
Tamil Nadu,Dindigul,Dindigul(Uzhavar Sandhai ),Sweet Corn,Sweet Corn,Local,2026-09-20,4000.0,5000.0,4500.0
Tamil Nadu,Dindigul,Palani(Uzhavar Sandhai ),Onion,Bellary,Local,2026-09-20,6000.0,7000.0,6500.0
Tamil Nadu,Dindigul,Palani(Uzhavar Sandhai ),Potato,Other,Local,2026-09-20,4000.0,4500.0,4250.0
Tamil Nadu,Dindigul,Palani(Uzhavar Sandhai ),Bottle gourd,Bottle Gourd,Local,2026-09-20,1000.0,1400.0,1200.0
Tamil Nadu,Dindigul,Palani(Uzhavar Sandhai ),Pumpkin,Pumpkin,Local,2026-09-20,1400.0,1600.0,1500.0
Tamil Nadu,Dindigul,Palani(Uzhavar Sandhai ),Green Chilli,Green Chilly,Local,2026-09-20,4000.0,5000.0,4500.0
Tamil Nadu,Dindigul,Palani(Uzhavar Sandhai ),Cowpea(Veg),Cowpea (Veg),Local,2026-09-20,2500.0,3000.0,2750.0
Tamil Nadu,Erode,Periyar Nagar(Uzhavar Sandhai ),Brinjal,Round,Local,2026-09-20,2000.0,2500.0,2250.0
Tamil Nadu,Erode,Periyar Nagar(Uzhavar Sandhai ),Bottle gourd,Bottle Gourd,Local,2026-09-20,1000.0,1200.0,1100.0
Tamil Nadu,Erode,Periyar Nagar(Uzhavar Sandhai ),Ridgeguard(Tori),Ridgeguard(Tori),Local,2026-09-20,3000.0,3600.0,3300.0
Tamil Nadu,Erode,Periyar Nagar(Uzhavar Sandhai ),Green Avare(W),Green Avare (W),Local,2026-09-20,5500.0,6000.0,5750.0
Tamil Nadu,Erode,Periyar Nagar(Uzhavar Sandhai ),Tender Coconut,Tender Coconut,Local,2026-09-20,3500.0,4000.0,3750.0
Tamil Nadu,Kallakuruchi,Sankarapuram(Uzhavar Sandhai ),Banana,Besrai,Local,2026-09-20,4000.0,4000.0,4000.0
Tamil Nadu,Kallakuruchi,Sankarapuram(Uzhavar Sandhai ),Potato,Red Nanital,Local,2026-09-20,3500.0,3500.0,3500.0
Tamil Nadu,Kallakuruchi,Sankarapuram(Uzhavar Sandhai ),Brinjal,Round,Local,2026-09-20,4000.0,4000.0,4000.0
Tamil Nadu,Kallakuruchi,Sankarapuram(Uzhavar Sandhai ),Tomato,Deshi,Local,2026-09-20,2500.0,2500.0,2500.0
Tamil Nadu,Kallakuruchi,Sankarapuram(Uzhavar Sandhai ),Cluster beans,Cluster Beans,Local,2026-09-20,5000.0,5000.0,5000.0
Tamil Nadu,Kallakuruchi,Sankarapuram(Uzhavar Sandhai ),Bitter gourd,Bitter Gourd,Local,2026-09-20,6000.0,7000.0,6500.0
Tamil Nadu,Kallakuruchi,Sankarapuram(Uzhavar Sandhai ),Ashgourd,Gouard,Local,2026-09-20,1500.0,1500.0,1500.0
Tamil Nadu,Kallakuruchi,Sankarapuram(Uzhavar Sandhai ),Pumpkin,Pumpkin,Local,2026-09-20,2000.0,2000.0,2000.0
Tamil Nadu,Kallakuruchi,Sankarapuram(Uzhavar Sandhai ),Green Chilli,Green Chilly,Local,2026-09-20,6000.0,6000.0,6000.0
Tamil Nadu,Kallakuruchi,Sankarapuram(Uzhavar Sandhai ),Banana - Green,Banana - Green,Local,2026-09-20,3000.0,3000.0,3000.0
Tamil Nadu,Kallakuruchi,Sankarapuram(Uzhavar Sandhai ),Beans,Beans (Whole),Local,2026-09-20,10000.0,10000.0,10000.0
Tamil Nadu,Kallakuruchi,Sankarapuram(Uzhavar Sandhai ),Coconut,Coconut,Local,2026-09-20,6000.0,6000.0,6000.0
Tamil Nadu,Kallakuruchi,Sankarapuram(Uzhavar Sandhai ),Beetroot,Beetroot,Local,2026-09-20,6000.0,6000.0,6000.0
Tamil Nadu,Kallakuruchi,Sankarapuram(Uzhavar Sandhai ),Jack Fruit(Ripe),Jack Fruit,Local,2026-09-20,2000.0,2000.0,2000.0
Tamil Nadu,Kallakuruchi,Sankarapuram(Uzhavar Sandhai ),Custard Apple(Sharifa),Custard Apple(Sharifa),Local,2026-09-20,5000.0,5000.0,5000.0
Tamil Nadu,Kallakuruchi,Sankarapuram(Uzhavar Sandhai ),Onion Green,Onion Green,Local,2026-09-20,7000.0,7000.0,7000.0
Tamil Nadu,Kallakuruchi,Sankarapuram(Uzhavar Sandhai ),Mint(Pudina),Mint(Pudina),Local,2026-09-20,3000.0,3000.0,3000.0
Tamil Nadu,Kallakuruchi,Sankarapuram(Uzhavar Sandhai ),Baby Corn,Baby Corn,Grade A,2026-09-20,3000.0,3000.0,3000.0
Tamil Nadu,Kancheepuram,Kundrathur(Uzhavar Sandhai ),Onion,Bellary,Local,2026-09-20,5000.0,6000.0,5500.0
Tamil Nadu,Kancheepuram,Kundrathur(Uzhavar Sandhai ),Cauliflower,Ranchi,Local,2026-09-20,3000.0,3500.0,3250.0
Tamil Nadu,Kancheepuram,Kundrathur(Uzhavar Sandhai ),Brinjal,Other,Local,2026-09-20,3500.0,4000.0,3750.0
Tamil Nadu,Kancheepuram,Kundrathur(Uzhavar Sandhai ),Bottle gourd,Bottle Gourd,Local,2026-09-20,3000.0,3000.0,3000.0
Tamil Nadu,Kancheepuram,Kundrathur(Uzhavar Sandhai ),Coconut,Coconut,Local,2026-09-20,5000.0,6000.0,5500.0
Tamil Nadu,Kancheepuram,Kundrathur(Uzhavar Sandhai ),Beetroot,Beetroot,Local,2026-09-20,4000.0,4000.0,4000.0
Tamil Nadu,Kancheepuram,Kundrathur(Uzhavar Sandhai ),Pomegranate,Pomogranate,Local,2026-09-20,15000.0,15000.0,15000.0
Tamil Nadu,Kancheepuram,Sunguvarchatram(Uzhavar Sandhai ),Onion,Bellary,Local,2026-09-20,5000.0,5000.0,5000.0
Tamil Nadu,Kancheepuram,Sunguvarchatram(Uzhavar Sandhai ),Cauliflower,Ranchi,Local,2026-09-20,3000.0,3500.0,3250.0
Tamil Nadu,Kancheepuram,Sunguvarchatram(Uzhavar Sandhai ),Cabbage,Cabbage,Local,2026-09-20,3000.0,3000.0,3000.0
Tamil Nadu,Kancheepuram,Sunguvarchatram(Uzhavar Sandhai ),Raddish,Raddish,Local,2026-09-20,3000.0,3000.0,3000.0
Tamil Nadu,Krishnagiri,Avallapalli(Uzhavar Sandhai ),Brinjal,Round,Local,2026-09-20,2500.0,3000.0,2750.0
Tamil Nadu,Krishnagiri,Avallapalli(Uzhavar Sandhai ),Tomato,Deshi,Local,2026-09-20,2000.0,2500.0,2250.0
Tamil Nadu,Krishnagiri,Avallapalli(Uzhavar Sandhai ),Bottle gourd,Bottle Gourd,Local,2026-09-20,2000.0,2500.0,2250.0
Tamil Nadu,Krishnagiri,Avallapalli(Uzhavar Sandhai ),Ashgourd,Gouard,Local,2026-09-20,2000.0,2500.0,2250.0
Tamil Nadu,Krishnagiri,Avallapalli(Uzhavar Sandhai ),Green Chilli,Green Chilly,Local,2026-09-20,5500.0,6000.0,5750.0
Tamil Nadu,Krishnagiri,Avallapalli(Uzhavar Sandhai ),Beans,Beans (Whole),Local,2026-09-20,6000.0,7000.0,6500.0
Tamil Nadu,Krishnagiri,Avallapalli(Uzhavar Sandhai ),Thondekai,Thondekai,Local,2026-09-20,2500.0,3000.0,2750.0
Tamil Nadu,Krishnagiri,Avallapalli(Uzhavar Sandhai ),Tamarind Fruit,Tamarind Fruit,Local,2026-09-20,9000.0,10000.0,9500.0
Tamil Nadu,Dharmapuri,Karimangalam(Uzhavar Sandhai),Banana,Karpura,Local,2026-09-20,6500.0,7000.0,6750.0
Tamil Nadu,Dharmapuri,Karimangalam(Uzhavar Sandhai),Brinjal,Other,Local,2026-09-20,2300.0,2500.0,2400.0
Tamil Nadu,Dharmapuri,Karimangalam(Uzhavar Sandhai),Bottle gourd,Bottle Gourd,Local,2026-09-20,1800.0,2000.0,1900.0
Tamil Nadu,Dharmapuri,Karimangalam(Uzhavar Sandhai),Green Chilli,Green Chilly,Local,2026-09-20,3800.0,4000.0,3900.0
Tamil Nadu,Dharmapuri,Karimangalam(Uzhavar Sandhai),Banana - Green,Banana - Green,Local,2026-09-20,2800.0,3000.0,2900.0
Tamil Nadu,Dharmapuri,Karimangalam(Uzhavar Sandhai),Cabbage,Cabbage,Local,2026-09-20,2800.0,3000.0,2900.0
Tamil Nadu,Dharmapuri,Karimangalam(Uzhavar Sandhai),Green Avare(W),Other,Local,2026-09-20,5000.0,5500.0,5250.0
Tamil Nadu,Dharmapuri,Karimangalam(Uzhavar Sandhai),Drumstick,Drumstick,Local,2026-09-20,2300.0,2500.0,2400.0
Tamil Nadu,Dharmapuri,Karimangalam(Uzhavar Sandhai),Lemon,Lemon,Local,2026-09-20,20000.0,22000.0,21000.0
Tamil Nadu,Dharmapuri,Karimangalam(Uzhavar Sandhai),Onion Green,Onion Green,Local,2026-09-20,6500.0,7000.0,6750.0
Tamil Nadu,Krishnagiri,Denkanikottai(Uzhavar Sandhai ),Cauliflower,Ranchi,Local,2026-09-20,3000.0,3500.0,3250.0
Tamil Nadu,Krishnagiri,Denkanikottai(Uzhavar Sandhai ),Brinjal,Round,Local,2026-09-20,2500.0,3000.0,2750.0
Tamil Nadu,Krishnagiri,Denkanikottai(Uzhavar Sandhai ),Ridgeguard(Tori),Ridgeguard(Tori),Local,2026-09-20,2500.0,3000.0,2750.0
Tamil Nadu,Krishnagiri,Denkanikottai(Uzhavar Sandhai ),Thondekai,Thondekai,Local,2026-09-20,2500.0,3000.0,2750.0
Tamil Nadu,Krishnagiri,Denkanikottai(Uzhavar Sandhai ),Knool Khol,Knool Khol,Local,2026-09-20,2000.0,2500.0,2250.0
Tamil Nadu,Krishnagiri,Hosur(Uzhavar Sandhai ),Potato,Red Nanital,Local,2026-09-20,2000.0,2500.0,2250.0
Tamil Nadu,Krishnagiri,Hosur(Uzhavar Sandhai ),Brinjal,Round,Local,2026-09-20,2500.0,3000.0,2750.0
Tamil Nadu,Krishnagiri,Hosur(Uzhavar Sandhai ),Coriander(Leaves),I Sort,Local,2026-09-20,6500.0,7000.0,6750.0
Tamil Nadu,Krishnagiri,Hosur(Uzhavar Sandhai ),Green Peas,Green Peas,Local,2026-09-20,12000.0,14000.0,13000.0
Tamil Nadu,Krishnagiri,Hosur(Uzhavar Sandhai ),Ashgourd,Gouard,Local,2026-09-20,2500.0,3000.0,2750.0
Tamil Nadu,Krishnagiri,Hosur(Uzhavar Sandhai ),Amaranthus,Amaranthus,Local,2026-09-20,5500.0,6000.0,5750.0
Tamil Nadu,Krishnagiri,Hosur(Uzhavar Sandhai ),Green Chilli,Green Chilly,Local,2026-09-20,5500.0,6000.0,5750.0
Tamil Nadu,Krishnagiri,Hosur(Uzhavar Sandhai ),Beans,Beans (Whole),Local,2026-09-20,6500.0,7000.0,6750.0
Tamil Nadu,Krishnagiri,Hosur(Uzhavar Sandhai ),Betal Leaves,Mysore,Local,2026-09-20,10000.0,12000.0,11000.0
Tamil Nadu,Krishnagiri,Hosur(Uzhavar Sandhai ),Sweet Potato,Hosur Red,Local,2026-09-20,6500.0,7000.0,6750.0
Tamil Nadu,Krishnagiri,Hosur(Uzhavar Sandhai ),Carrot,Pusakesar,Local,2026-09-20,3500.0,4000.0,3750.0
Tamil Nadu,Krishnagiri,Hosur(Uzhavar Sandhai ),Ridgeguard(Tori),Ridgeguard(Tori),Local,2026-09-20,3000.0,3500.0,3250.0
Tamil Nadu,Krishnagiri,Hosur(Uzhavar Sandhai ),Chow Chow,Chow Chow,Local,2026-09-20,2000.0,2500.0,2250.0
Tamil Nadu,Krishnagiri,Hosur(Uzhavar Sandhai ),Tender Coconut,Tender Coconut,Local,2026-09-20,4500.0,5000.0,4750.0
Tamil Nadu,Krishnagiri,Hosur(Uzhavar Sandhai ),Rose(Local),Rose (Local),Local,2026-09-20,8000.0,10000.0,9000.0
Tamil Nadu,Madurai,Anaiyur(Uzhavar Sandhai ),Cauliflower,Ranchi,Local,2026-09-20,2500.0,3000.0,2750.0
Tamil Nadu,Madurai,Anaiyur(Uzhavar Sandhai ),Bottle gourd,Bottle Gourd,Local,2026-09-20,2000.0,2600.0,2300.0
Tamil Nadu,Madurai,Anaiyur(Uzhavar Sandhai ),Pumpkin,Pumpkin,Local,2026-09-20,1600.0,2000.0,1800.0
Tamil Nadu,Madurai,Anaiyur(Uzhavar Sandhai ),Amaranthus,Amaranthus,Local,2026-09-20,3000.0,3600.0,3300.0
Tamil Nadu,Madurai,Anaiyur(Uzhavar Sandhai ),Beans,Beans (Whole),Local,2026-09-20,8000.0,9000.0,8500.0
Tamil Nadu,Madurai,Anaiyur(Uzhavar Sandhai ),Tapioca,Tapioca,Local,2026-09-20,3600.0,4000.0,3800.0
Tamil Nadu,Madurai,Anaiyur(Uzhavar Sandhai ),Sweet Potato,Hosur Red,Local,2026-09-20,5500.0,6000.0,5750.0
Tamil Nadu,Madurai,Anaiyur(Uzhavar Sandhai ),Beetroot,Beetroot,Local,2026-09-20,4000.0,5000.0,4500.0
Tamil Nadu,Madurai,Anaiyur(Uzhavar Sandhai ),Elephant Yam(Suran)/Amorphophallus,Elephant Yam (Suran),Local,2026-09-20,4000.0,5000.0,4500.0
Tamil Nadu,Madurai,Anaiyur(Uzhavar Sandhai ),Mashrooms,Mashrooms,Local,2026-09-20,25000.0,30000.0,27500.0
Tamil Nadu,Madurai,Anaiyur(Uzhavar Sandhai ),Onion Green,Onion Green,Local,2026-09-20,8000.0,9000.0,8500.0
Tamil Nadu,Madurai,Usilampatti(Uzhavar Sandhai ),Tomato,Deshi,Local,2026-09-20,2400.0,2800.0,2600.0
Tamil Nadu,Madurai,Usilampatti(Uzhavar Sandhai ),Amaranthus,Amaranthus,Local,2026-09-20,3000.0,3600.0,3300.0
Tamil Nadu,Madurai,Usilampatti(Uzhavar Sandhai ),Mint(Pudina),Mint(Pudina),Local,2026-09-20,5500.0,6000.0,5750.0
Tamil Nadu,Nagapattinam,Sirkali(Uzhavar Sandhai ),Onion,Bellary,Local,2026-09-20,5500.0,6000.0,5750.0
Tamil Nadu,Nagapattinam,Sirkali(Uzhavar Sandhai ),Bitter gourd,Bitter Gourd,Local,2026-09-20,5500.0,6000.0,5750.0
Tamil Nadu,Nagapattinam,Sirkali(Uzhavar Sandhai ),Bottle gourd,Bottle Gourd,Local,2026-09-20,2500.0,3000.0,2750.0
Tamil Nadu,Nagapattinam,Sirkali(Uzhavar Sandhai ),Pumpkin,Pumpkin,Local,2026-09-20,2500.0,3000.0,2750.0
Tamil Nadu,Nagapattinam,Sirkali(Uzhavar Sandhai ),Bhindi(Ladies Finger),Bhindi,Local,2026-09-20,4500.0,5000.0,4750.0
Tamil Nadu,Nagapattinam,Sirkali(Uzhavar Sandhai ),Banana - Green,Banana - Green,Local,2026-09-20,2500.0,3000.0,2750.0
Tamil Nadu,Nagapattinam,Sirkali(Uzhavar Sandhai ),Tender Coconut,Tender Coconut,Local,2026-09-20,2000.0,2500.0,2250.0
Tamil Nadu,Nagapattinam,Sirkali(Uzhavar Sandhai ),Tamarind Fruit,Tamarind Fruit,Local,2026-09-20,15000.0,15000.0,15000.0
Tamil Nadu,Namakkal,Kumarapalayam(Uzhavar Sandhai ),Potato,Other,Local,2026-09-20,3300.0,3500.0,3400.0
Tamil Nadu,Namakkal,Kumarapalayam(Uzhavar Sandhai ),Chikoos(Sapota),Sapota,Local,2026-09-20,3500.0,4000.0,3750.0
Tamil Nadu,Namakkal,Kumarapalayam(Uzhavar Sandhai ),Cluster beans,Cluster Beans,Local,2026-09-20,2800.0,3200.0,3000.0
Tamil Nadu,Namakkal,Kumarapalayam(Uzhavar Sandhai ),Pumpkin,Pumpkin,Local,2026-09-20,1600.0,2000.0,1800.0
Tamil Nadu,Namakkal,Kumarapalayam(Uzhavar Sandhai ),Beans,Beans (Whole),Local,2026-09-20,8000.0,9000.0,8500.0
Tamil Nadu,Namakkal,Kumarapalayam(Uzhavar Sandhai ),Guava,Guava Allahabad,Local,2026-09-20,6500.0,7500.0,7000.0
Tamil Nadu,Namakkal,Kumarapalayam(Uzhavar Sandhai ),Tender Coconut,Tender Coconut,Local,2026-09-20,3000.0,3500.0,3250.0
Tamil Nadu,Namakkal,Mohanur(Uzhavar Sandhai ),Banana,Red Banana,Local,2026-09-20,7000.0,8000.0,7500.0
Tamil Nadu,Namakkal,Mohanur(Uzhavar Sandhai ),Onion,Bellary,Local,2026-09-20,5500.0,6500.0,6000.0
Tamil Nadu,Namakkal,Mohanur(Uzhavar Sandhai ),Potato,Other,Local,2026-09-20,3000.0,3500.0,3250.0
Tamil Nadu,Namakkal,Mohanur(Uzhavar Sandhai ),Coriander(Leaves),I Sort,Local,2026-09-20,7000.0,8000.0,7500.0
Tamil Nadu,Namakkal,Mohanur(Uzhavar Sandhai ),Cluster beans,Cluster Beans,Local,2026-09-20,3500.0,4000.0,3750.0
Tamil Nadu,Namakkal,Mohanur(Uzhavar Sandhai ),Ashgourd,Gouard,Local,2026-09-20,2000.0,2500.0,2250.0
Tamil Nadu,Namakkal,Mohanur(Uzhavar Sandhai ),Banana - Green,Banana - Green,Local,2026-09-20,4000.0,4500.0,4250.0
Tamil Nadu,Namakkal,Mohanur(Uzhavar Sandhai ),Tapioca,Tapioca,Local,2026-09-20,3500.0,4000.0,3750.0
Tamil Nadu,Namakkal,Mohanur(Uzhavar Sandhai ),Chow Chow,Chow Chow,Local,2026-09-20,3500.0,4000.0,3750.0
Tamil Nadu,Namakkal,Mohanur(Uzhavar Sandhai ),Mint(Pudina),Mint(Pudina),Local,2026-09-20,5000.0,6000.0,5500.0
Tamil Nadu,Namakkal,Namakkal(Uzhavar Sandhai ),Banana,Red Banana,Local,2026-09-20,7000.0,7500.0,7250.0
Tamil Nadu,Namakkal,Namakkal(Uzhavar Sandhai ),Brinjal,Other,Local,2026-09-20,4500.0,4800.0,4650.0
Tamil Nadu,Namakkal,Namakkal(Uzhavar Sandhai ),Bhindi(Ladies Finger),Bhindi,Local,2026-09-20,3500.0,4000.0,3750.0
Tamil Nadu,Namakkal,Namakkal(Uzhavar Sandhai ),Cowpea(Veg),Cowpea (Veg),Local,2026-09-20,4500.0,5000.0,4750.0
Tamil Nadu,Namakkal,Namakkal(Uzhavar Sandhai ),Tapioca,Tapioca,Local,2026-09-20,3000.0,3500.0,3250.0
Tamil Nadu,Namakkal,Namakkal(Uzhavar Sandhai ),Ginger(Green),Green Ginger,Local,2026-09-20,17000.0,18000.0,17500.0
Tamil Nadu,Namakkal,Namakkal(Uzhavar Sandhai ),Ridgeguard(Tori),Ridgeguard(Tori),Local,2026-09-20,6000.0,6500.0,6250.0
Tamil Nadu,Namakkal,Namakkal(Uzhavar Sandhai ),Raddish,Raddish,Local,2026-09-20,3000.0,3400.0,3200.0
Tamil Nadu,Namakkal,Namakkal(Uzhavar Sandhai ),Tender Coconut,Tender Coconut,Local,2026-09-20,2000.0,3500.0,2750.0
Tamil Nadu,Namakkal,Namakkal(Uzhavar Sandhai ),Elephant Yam(Suran)/Amorphophallus,Elephant Yam (Suran),Local,2026-09-20,3000.0,3500.0,3250.0
Tamil Nadu,Namakkal,Namakkal(Uzhavar Sandhai ),Yam(Ratalu),Yam (Ratalu),Local,2026-09-20,7500.0,8000.0,7750.0
Tamil Nadu,Namakkal,Namakkal(Uzhavar Sandhai ),Mashrooms,Mashrooms,Local,2026-09-20,20000.0,25000.0,22500.0
Tamil Nadu,Namakkal,Paramathivelur(Uzhavar Sandhai ),Banana,Karpura,Local,2026-09-20,4500.0,5500.0,5000.0
Tamil Nadu,Namakkal,Paramathivelur(Uzhavar Sandhai ),Brinjal,Round,Local,2026-09-20,5500.0,6000.0,5750.0
Tamil Nadu,Namakkal,Paramathivelur(Uzhavar Sandhai ),Pumpkin,Pumpkin,Local,2026-09-20,1000.0,2000.0,1500.0
Tamil Nadu,Namakkal,Paramathivelur(Uzhavar Sandhai ),Amaranthus,Amaranthus,Local,2026-09-20,3000.0,3500.0,3250.0
Tamil Nadu,Namakkal,Paramathivelur(Uzhavar Sandhai ),Tapioca,Tapioca,Local,2026-09-20,3000.0,3500.0,3250.0
Tamil Nadu,Namakkal,Paramathivelur(Uzhavar Sandhai ),Ginger(Green),Green Ginger,Local,2026-09-20,16000.0,17500.0,16750.0
Tamil Nadu,Namakkal,Paramathivelur(Uzhavar Sandhai ),Coconut,Coconut,Local,2026-09-20,6000.0,6400.0,6200.0
Tamil Nadu,Namakkal,Paramathivelur(Uzhavar Sandhai ),Raddish,Raddish,Local,2026-09-20,4000.0,4500.0,4250.0
Tamil Nadu,Namakkal,Paramathivelur(Uzhavar Sandhai ),Amla(Nelli Kai),Amla,Local,2026-09-20,7000.0,8000.0,7500.0
Tamil Nadu,Namakkal,Rasipuram(Uzhavar Sandhai ),Banana,Red Banana,Local,2026-09-20,7000.0,7500.0,7250.0
Tamil Nadu,Namakkal,Rasipuram(Uzhavar Sandhai ),Chikoos(Sapota),Sapota,Local,2026-09-20,4000.0,4500.0,4250.0
Tamil Nadu,Namakkal,Rasipuram(Uzhavar Sandhai ),Mousambi(Sweet Lime),Mousambi,Local,2026-09-20,3500.0,4000.0,3750.0
Tamil Nadu,Namakkal,Rasipuram(Uzhavar Sandhai ),Ginger(Green),Green Ginger,Local,2026-09-20,17000.0,18000.0,17500.0
Tamil Nadu,Thanjavur,Tirukattupalli(Uzhavar Sandhai ),Onion Green,Onion Green,Local,2026-09-20,8800.0,8800.0,8800.0
Tamil Nadu,Madurai,Palanganatham(Uzhavar Sandhai ),Soyabean,Local,Local,2026-09-20,9000.0,10000.0,9500.0
Tamil Nadu,Madurai,Palanganatham(Uzhavar Sandhai ),Apple,American,Local,2026-09-20,20000.0,27000.0,23500.0
Tamil Nadu,Madurai,Palanganatham(Uzhavar Sandhai ),Green Peas,Green Peas,Local,2026-09-20,12000.0,14000.0,13000.0
Tamil Nadu,Madurai,Palanganatham(Uzhavar Sandhai ),Tomato,Other,Local,2026-09-20,2400.0,2800.0,2600.0
Tamil Nadu,Madurai,Palanganatham(Uzhavar Sandhai ),Pumpkin,Pumpkin,Local,2026-09-20,1800.0,2000.0,1900.0
Tamil Nadu,Madurai,Palanganatham(Uzhavar Sandhai ),Amaranthus,Amaranthus,Local,2026-09-20,3000.0,3600.0,3300.0
Tamil Nadu,Madurai,Palanganatham(Uzhavar Sandhai ),Snakeguard,Snakeguard,Local,2026-09-20,3600.0,4000.0,3800.0
Tamil Nadu,Madurai,Palanganatham(Uzhavar Sandhai ),Raddish,Raddish,Local,2026-09-20,2400.0,2800.0,2600.0
Tamil Nadu,Madurai,Palanganatham(Uzhavar Sandhai ),Drumstick,Drumstick,Local,2026-09-20,5000.0,6000.0,5500.0
Tamil Nadu,Madurai,Palanganatham(Uzhavar Sandhai ),Lime,Lime,Local,2026-09-20,10000.0,13000.0,11500.0
Tamil Nadu,Madurai,Palanganatham(Uzhavar Sandhai ),Guava,Guava Allahabad,Local,2026-09-20,6000.0,7000.0,6500.0
Tamil Nadu,Madurai,Anna nagar(Uzhavar Sandhai ),Banana,Red Banana,Local,2026-09-20,9000.0,9000.0,9000.0
Tamil Nadu,Madurai,Anna nagar(Uzhavar Sandhai ),Grapes,Annabesahai,Local,2026-09-20,10500.0,10500.0,10500.0
Tamil Nadu,Madurai,Anna nagar(Uzhavar Sandhai ),Brinjal,Other,Local,2026-09-20,2000.0,2600.0,2300.0
Tamil Nadu,Madurai,Anna nagar(Uzhavar Sandhai ),Coriander(Leaves),I Sort,Local,2026-09-20,3600.0,3600.0,3600.0
Tamil Nadu,Madurai,Anna nagar(Uzhavar Sandhai ),Green Peas,Green Peas,Local,2026-09-20,16000.0,16000.0,16000.0
Tamil Nadu,Madurai,Anna nagar(Uzhavar Sandhai ),Ginger(Green),Green Ginger,Local,2026-09-20,18000.0,18000.0,18000.0
Tamil Nadu,Madurai,Anna nagar(Uzhavar Sandhai ),Snakeguard,Snakeguard,Local,2026-09-20,3600.0,4000.0,3800.0
Tamil Nadu,Madurai,Anna nagar(Uzhavar Sandhai ),Elephant Yam(Suran)/Amorphophallus,Elephant Yam (Suran),Local,2026-09-20,3800.0,3800.0,3800.0
Tamil Nadu,Madurai,Anna nagar(Uzhavar Sandhai ),Mint(Pudina),Mint(Pudina),Local,2026-09-20,6600.0,6600.0,6600.0
Tamil Nadu,Perambalur,Perambalur(Uzhavar Sandhai ),Coriander(Leaves),I Sort,Local,2026-09-20,3600.0,3800.0,3700.0
Tamil Nadu,Perambalur,Perambalur(Uzhavar Sandhai ),Cluster beans,Cluster Beans,Local,2026-09-20,4000.0,4000.0,4000.0
Tamil Nadu,Perambalur,Perambalur(Uzhavar Sandhai ),Bitter gourd,Other,Local,2026-09-20,5200.0,6000.0,5600.0
Tamil Nadu,Perambalur,Perambalur(Uzhavar Sandhai ),Cowpea(Veg),Cowpea (Veg),Local,2026-09-20,4000.0,4000.0,4000.0
Tamil Nadu,Perambalur,Perambalur(Uzhavar Sandhai ),Carrot,Pusakesar,Local,2026-09-20,6000.0,6400.0,6200.0
Tamil Nadu,Perambalur,Perambalur(Uzhavar Sandhai ),Cabbage,Cabbage,Local,2026-09-20,3000.0,3200.0,3100.0
Tamil Nadu,Perambalur,Perambalur(Uzhavar Sandhai ),Beetroot,Beetroot,Local,2026-09-20,5000.0,6000.0,5500.0
Tamil Nadu,Perambalur,Perambalur(Uzhavar Sandhai ),Cucumbar(Kheera),Cucumbar,Local,2026-09-20,5200.0,5200.0,5200.0
Tamil Nadu,Perambalur,Perambalur(Uzhavar Sandhai ),Green Avare(W),Other,Local,2026-09-20,8000.0,8400.0,8200.0
Tamil Nadu,Perambalur,Perambalur(Uzhavar Sandhai ),Drumstick,Drumstick,Local,2026-09-20,3000.0,3600.0,3300.0
Tamil Nadu,Perambalur,Perambalur(Uzhavar Sandhai ),Mango(Raw-Ripe),Mango - Raw-Ripe,Local,2026-09-20,11600.0,16800.0,14200.0
Tamil Nadu,Perambalur,Perambalur(Uzhavar Sandhai ),Guava,Guava Allahabad,Local,2026-09-20,6000.0,7000.0,6500.0
Tamil Nadu,Perambalur,Perambalur(Uzhavar Sandhai ),Pomegranate,Pomogranate,Local,2026-09-20,16000.0,18000.0,17000.0
Tamil Nadu,Perambalur,Perambalur(Uzhavar Sandhai ),Colacasia,Colacasia,Local,2026-09-20,6000.0,6000.0,6000.0
Tamil Nadu,Salem,Mecheri(Uzhavar Sandhai),Banana,Karpura,Local,2026-09-20,4500.0,5000.0,4750.0
Tamil Nadu,Salem,Mecheri(Uzhavar Sandhai),Papaya,Papaya,Local,2026-09-20,2500.0,3000.0,2750.0
Tamil Nadu,Salem,Mecheri(Uzhavar Sandhai),Amaranthus,Amaranthus,Local,2026-09-20,2000.0,2500.0,2250.0
Tamil Nadu,Salem,Mecheri(Uzhavar Sandhai),Snakeguard,Snakeguard,Local,2026-09-20,3000.0,3500.0,3250.0
Tamil Nadu,Salem,Mecheri(Uzhavar Sandhai),Raddish,Raddish,Local,2026-09-20,2000.0,2500.0,2250.0
Tamil Nadu,Salem,Mecheri(Uzhavar Sandhai),Drumstick,Drumstick,Local,2026-09-20,2500.0,3000.0,2750.0
Tamil Nadu,Salem,Mecheri(Uzhavar Sandhai),Onion Green,Onion Green,Local,2026-09-20,7500.0,8000.0,7750.0
Tamil Nadu,Ranipet,Arcot(Uzhavar Sandhai ),Cauliflower,Ranchi,Local,2026-09-20,3000.0,4000.0,3500.0
Tamil Nadu,Ranipet,Arcot(Uzhavar Sandhai ),Papaya,Papaya,Local,2026-09-20,5000.0,5000.0,5000.0
Tamil Nadu,Ranipet,Arcot(Uzhavar Sandhai ),Bitter gourd,Bitter Gourd,Local,2026-09-20,4000.0,4000.0,4000.0
Tamil Nadu,Ranipet,Arcot(Uzhavar Sandhai ),Pumpkin,Pumpkin,Local,2026-09-20,2000.0,2000.0,2000.0
Tamil Nadu,Ranipet,Arcot(Uzhavar Sandhai ),Carrot,Pusakesar,Local,2026-09-20,6000.0,6000.0,6000.0
Tamil Nadu,Ranipet,Arcot(Uzhavar Sandhai ),Knool Khol,Knool Khol,Local,2026-09-20,4000.0,4000.0,4000.0
Tamil Nadu,Ranipet,Arcot(Uzhavar Sandhai ),Tender Coconut,Tender Coconut,Local,2026-09-20,2500.0,3000.0,2750.0
Tamil Nadu,Ranipet,Arcot(Uzhavar Sandhai ),Colacasia,Colacasia,Local,2026-09-20,4000.0,4000.0,4000.0
Tamil Nadu,Ranipet,Arcot(Uzhavar Sandhai ),Onion Green,Onion Green,Local,2026-09-20,9000.0,9000.0,9000.0
Tamil Nadu,Ranipet,Ranipettai(Uzhavar Sandhai ),Coriander(Leaves),I Sort,Local,2026-09-20,3000.0,3000.0,3000.0
Tamil Nadu,Ranipet,Ranipettai(Uzhavar Sandhai ),Bitter gourd,Other,Local,2026-09-20,3600.0,3600.0,3600.0
Tamil Nadu,Ranipet,Ranipettai(Uzhavar Sandhai ),Green Chilli,Green Chilly,Local,2026-09-20,5000.0,7000.0,6000.0
Tamil Nadu,Ranipet,Ranipettai(Uzhavar Sandhai ),Banana - Green,Banana - Green,Local,2026-09-20,5000.0,6000.0,5500.0
Tamil Nadu,Ranipet,Ranipettai(Uzhavar Sandhai ),Beans,Beans (Whole),Local,2026-09-20,7000.0,9000.0,8000.0
Tamil Nadu,Ranipet,Ranipettai(Uzhavar Sandhai ),Tapioca,Tapioca,Local,2026-09-20,4000.0,4000.0,4000.0
Tamil Nadu,Ranipet,Ranipettai(Uzhavar Sandhai ),Snakeguard,Snakeguard,Local,2026-09-20,3000.0,3000.0,3000.0
Tamil Nadu,Salem,Ammapet(Uzhavar Sandhai ),Onion,Bellary,Local,2026-09-20,6000.0,6500.0,6250.0
Tamil Nadu,Salem,Ammapet(Uzhavar Sandhai ),Potato,Other,Local,2026-09-20,4600.0,5000.0,4800.0
Tamil Nadu,Salem,Ammapet(Uzhavar Sandhai ),Cauliflower,Ranchi,Local,2026-09-20,2500.0,3000.0,2750.0
Tamil Nadu,Salem,Ammapet(Uzhavar Sandhai ),Coriander(Leaves),I Sort,Local,2026-09-20,1800.0,2000.0,1900.0
Tamil Nadu,Salem,Ammapet(Uzhavar Sandhai ),Papaya,Papaya,Local,2026-09-20,3800.0,4000.0,3900.0
Tamil Nadu,Salem,Ammapet(Uzhavar Sandhai ),Mousambi(Sweet Lime),Mousambi,Local,2026-09-20,3600.0,4000.0,3800.0
Tamil Nadu,Salem,Ammapet(Uzhavar Sandhai ),Bottle gourd,Bottle Gourd,Local,2026-09-20,2000.0,2500.0,2250.0
Tamil Nadu,Salem,Ammapet(Uzhavar Sandhai ),Sweet Potato,Hosur Red,Local,2026-09-20,4600.0,5000.0,4800.0
Tamil Nadu,Salem,Ammapet(Uzhavar Sandhai ),Snakeguard,Snakeguard,Local,2026-09-20,3200.0,3500.0,3350.0
Tamil Nadu,Salem,Ammapet(Uzhavar Sandhai ),Chow Chow,Chow Chow,Local,2026-09-20,3800.0,4000.0,3900.0
Tamil Nadu,Salem,Ammapet(Uzhavar Sandhai ),Guava,Guava Allahabad,Local,2026-09-20,5000.0,6000.0,5500.0
Tamil Nadu,Salem,Ammapet(Uzhavar Sandhai ),Elephant Yam(Suran)/Amorphophallus,Elephant Yam (Suran),Local,2026-09-20,4600.0,5000.0,4800.0
Tamil Nadu,Salem,Mettur(Uzhavar Sandhai ),Brinjal,Other,Local,2026-09-20,2500.0,3000.0,2750.0
Tamil Nadu,Salem,Mettur(Uzhavar Sandhai ),Water Melon,Water Melon,Local,2026-09-20,1500.0,2000.0,1750.0
Tamil Nadu,Salem,Mettur(Uzhavar Sandhai ),Mousambi(Sweet Lime),Mousambi,Local,2026-09-20,2500.0,3000.0,2750.0
Tamil Nadu,Salem,Mettur(Uzhavar Sandhai ),Cluster beans,Cluster Beans,Local,2026-09-20,3000.0,3500.0,3250.0
Tamil Nadu,Salem,Mettur(Uzhavar Sandhai ),Bitter gourd,Bitter Gourd,Local,2026-09-20,4000.0,4500.0,4250.0
Tamil Nadu,Salem,Mettur(Uzhavar Sandhai ),Pumpkin,Pumpkin,Local,2026-09-20,1500.0,2000.0,1750.0
Tamil Nadu,Salem,Mettur(Uzhavar Sandhai ),Bhindi(Ladies Finger),Bhindi,Local,2026-09-20,2000.0,2500.0,2250.0
Tamil Nadu,Salem,Mettur(Uzhavar Sandhai ),Tapioca,Tapioca,Local,2026-09-20,3000.0,3500.0,3250.0
Tamil Nadu,Salem,Mettur(Uzhavar Sandhai ),Coconut,Coconut,Local,2026-09-20,5500.0,6000.0,5750.0
Tamil Nadu,Salem,Mettur(Uzhavar Sandhai ),Cucumbar(Kheera),Cucumbar,Local,2026-09-20,3500.0,4000.0,3750.0
Tamil Nadu,Salem,Mettur(Uzhavar Sandhai ),Capsicum,Capsicum,Local,2026-09-20,6500.0,7000.0,6750.0
Tamil Nadu,Salem,Mettur(Uzhavar Sandhai ),Chow Chow,Chow Chow,Local,2026-09-20,3500.0,4000.0,3750.0
Tamil Nadu,Salem,Mettur(Uzhavar Sandhai ),Guava,Guava Allahabad,Local,2026-09-20,5000.0,6000.0,5500.0
Tamil Nadu,Salem,Mettur(Uzhavar Sandhai ),Marigold(Calcutta),Marigold(Calcutta),Local,2026-09-20,16000.0,18000.0,17000.0
Tamil Nadu,Salem,Mettur(Uzhavar Sandhai ),Lemon,Lemon,Local,2026-09-20,11000.0,12000.0,11500.0
Tamil Nadu,Salem,Mettur(Uzhavar Sandhai ),Onion Green,Onion Green,Local,2026-09-20,7000.0,8000.0,7500.0
Tamil Nadu,Salem,Mettur(Uzhavar Sandhai ),Sweet Corn,Sweet Corn,Local,2026-09-20,3500.0,4000.0,3750.0
Tamil Nadu,Salem,Sooramangalam(Uzhavar Sandhai ),Cauliflower,Ranchi,Local,2026-09-20,2500.0,3000.0,2750.0
Tamil Nadu,Salem,Sooramangalam(Uzhavar Sandhai ),Green Peas,Green Peas,Local,2026-09-20,15000.0,15400.0,15200.0
Tamil Nadu,Salem,Sooramangalam(Uzhavar Sandhai ),Ashgourd,Gouard,Local,2026-09-20,1500.0,1800.0,1650.0
Tamil Nadu,Salem,Sooramangalam(Uzhavar Sandhai ),Pumpkin,Pumpkin,Local,2026-09-20,1500.0,1800.0,1650.0
Tamil Nadu,Salem,Sooramangalam(Uzhavar Sandhai ),Beetroot,Beetroot,Local,2026-09-20,6500.0,6800.0,6650.0
Tamil Nadu,Salem,Sooramangalam(Uzhavar Sandhai ),Thondekai,Thondekai,Local,2026-09-20,4000.0,4500.0,4250.0
Tamil Nadu,Salem,Sooramangalam(Uzhavar Sandhai ),Marigold(Calcutta),Marigold(Calcutta),Local,2026-09-20,14000.0,15000.0,14500.0
Tamil Nadu,Salem,Sooramangalam(Uzhavar Sandhai ),Elephant Yam(Suran)/Amorphophallus,Elephant Yam (Suran),Local,2026-09-20,4500.0,5000.0,4750.0
Tamil Nadu,Salem,Sooramangalam(Uzhavar Sandhai ),Colacasia,Colacasia,Local,2026-09-20,6500.0,7000.0,6750.0
Tamil Nadu,Salem,Sooramangalam(Uzhavar Sandhai ),Rose(Local),Rose (Local),Local,2026-09-20,8000.0,10000.0,9000.0
Tamil Nadu,Salem,Sooramangalam(Uzhavar Sandhai ),Sweet Corn,Sweet Corn,Local,2026-09-20,3000.0,3500.0,3250.0
Tamil Nadu,Thiruchirappalli,Thuraiyur APMC,Papaya,Papaya,Local,2026-09-20,3000.0,4000.0,3500.0
Tamil Nadu,Thiruchirappalli,Thuraiyur APMC,Cluster beans,Cluster Beans,Local,2026-09-20,3000.0,3500.0,3250.0
Tamil Nadu,Thiruchirappalli,Thuraiyur APMC,Ginger(Green),Green Ginger,Local,2026-09-20,18000.0,20000.0,19000.0
Tamil Nadu,Thiruchirappalli,Thuraiyur APMC,Beetroot,Beetroot,Local,2026-09-20,4500.0,5000.0,4750.0
Tamil Nadu,Thiruchirappalli,Thuraiyur APMC,Chow Chow,Chow Chow,Local,2026-09-20,3500.0,4000.0,3750.0
Tamil Nadu,Thiruchirappalli,Thuraiyur APMC,Knool Khol,Knool Khol,Local,2026-09-20,3000.0,3500.0,3250.0
Tamil Nadu,Salem,Thammampatti (Uzhavar Sandhai ),Banana,Red Banana,Local,2026-09-20,6500.0,7000.0,6750.0
Tamil Nadu,Salem,Thammampatti (Uzhavar Sandhai ),Cluster beans,Cluster Beans,Local,2026-09-20,4000.0,4000.0,4000.0
Tamil Nadu,Salem,Thammampatti (Uzhavar Sandhai ),Bhindi(Ladies Finger),Bhindi,Local,2026-09-20,2000.0,2400.0,2200.0
Tamil Nadu,Salem,Thammampatti (Uzhavar Sandhai ),Amaranthus,Amaranthus,Local,2026-09-20,2000.0,2500.0,2250.0
Tamil Nadu,Salem,Thammampatti (Uzhavar Sandhai ),Green Chilli,Green Chilly,Local,2026-09-20,4000.0,4500.0,4250.0
Tamil Nadu,Salem,Thammampatti (Uzhavar Sandhai ),Ginger(Green),Green Ginger,Local,2026-09-20,7500.0,18000.0,12750.0
Tamil Nadu,Salem,Thammampatti (Uzhavar Sandhai ),Raddish,Raddish,Local,2026-09-20,1500.0,2000.0,1750.0
Tamil Nadu,Salem,Thammampatti (Uzhavar Sandhai ),Capsicum,Capsicum,Local,2026-09-20,6000.0,6000.0,6000.0
Tamil Nadu,Salem,Thammampatti (Uzhavar Sandhai ),Drumstick,Drumstick,Local,2026-09-20,3500.0,4000.0,3750.0
Tamil Nadu,Salem,Thammampatti (Uzhavar Sandhai ),Lime,Lime,Local,2026-09-20,3000.0,3000.0,3000.0
Tamil Nadu,Salem,Thammampatti (Uzhavar Sandhai ),Guava,Guava Allahabad,Local,2026-09-20,6000.0,6000.0,6000.0
Tamil Nadu,Salem,Thammampatti (Uzhavar Sandhai ),Custard Apple(Sharifa),Custard Apple(Sharifa),Local,2026-09-20,4000.0,4000.0,4000.0
Tamil Nadu,Salem,Thammampatti (Uzhavar Sandhai ),Onion Green,Onion Green,Local,2026-09-20,5000.0,7000.0,6000.0
Tamil Nadu,Salem,Thathakapatti(Uzhavar Sandhai ),Garlic,Garlic,Local,2026-09-20,25000.0,28000.0,26500.0
Tamil Nadu,Salem,Thathakapatti(Uzhavar Sandhai ),Cauliflower,Ranchi,Local,2026-09-20,2000.0,2500.0,2250.0
Tamil Nadu,Salem,Thathakapatti(Uzhavar Sandhai ),Brinjal,Round,Local,2026-09-20,2800.0,3400.0,3100.0
Tamil Nadu,Salem,Thathakapatti(Uzhavar Sandhai ),Bottle gourd,Bottle Gourd,Local,2026-09-20,2500.0,3000.0,2750.0
Tamil Nadu,Salem,Thathakapatti(Uzhavar Sandhai ),Bhindi(Ladies Finger),Bhindi,Local,2026-09-20,2800.0,3000.0,2900.0
Tamil Nadu,Salem,Thathakapatti(Uzhavar Sandhai ),Beetroot,Beetroot,Local,2026-09-20,6000.0,6500.0,6250.0
Tamil Nadu,Salem,Thathakapatti(Uzhavar Sandhai ),Ridgeguard(Tori),Ridgeguard(Tori),Local,2026-09-20,3000.0,4000.0,3500.0
Tamil Nadu,Salem,Thathakapatti(Uzhavar Sandhai ),Capsicum,Capsicum,Local,2026-09-20,5500.0,6000.0,5750.0
Tamil Nadu,Salem,Thathakapatti(Uzhavar Sandhai ),Green Avare(W),Green Avare (W),Local,2026-09-20,6000.0,6500.0,6250.0
Tamil Nadu,Salem,Thathakapatti(Uzhavar Sandhai ),Lime,Lime,Local,2026-09-20,3500.0,4000.0,3750.0
Tamil Nadu,Salem,Thathakapatti(Uzhavar Sandhai ),Kakada,Kakada,Local,2026-09-20,20000.0,24000.0,22000.0
Tamil Nadu,Salem,Thathakapatti(Uzhavar Sandhai ),Indian Beans(Seam),Indian Beans (Seam),Local,2026-09-20,6000.0,6500.0,6250.0
Tamil Nadu,Salem,Thathakapatti(Uzhavar Sandhai ),Colacasia,Colacasia,Local,2026-09-20,5500.0,6000.0,5750.0
Tamil Nadu,Salem,Thathakapatti(Uzhavar Sandhai ),Custard Apple(Sharifa),Custard Apple(Sharifa),Local,2026-09-20,4000.0,5000.0,4500.0
Tamil Nadu,Salem,Thathakapatti(Uzhavar Sandhai ),Onion Green,Onion Green,Local,2026-09-20,7000.0,8000.0,7500.0
Tamil Nadu,Salem,Thathakapatti(Uzhavar Sandhai ),Mint(Pudina),Mint(Pudina),Local,2026-09-20,4000.0,5000.0,4500.0
Tamil Nadu,Theni,Chinnamanur(Uzhavar Sandhai ),Coriander(Leaves),I Sort,Local,2026-09-20,3000.0,3000.0,3000.0
Tamil Nadu,Theni,Chinnamanur(Uzhavar Sandhai ),Carrot,Pusakesar,Local,2026-09-20,3400.0,3400.0,3400.0
Tamil Nadu,Theni,Chinnamanur(Uzhavar Sandhai ),Ridgeguard(Tori),Ridgeguard(Tori),Local,2026-09-20,3800.0,3800.0,3800.0
Tamil Nadu,Theni,Chinnamanur(Uzhavar Sandhai ),Raddish,Raddish,Local,2026-09-20,2400.0,2400.0,2400.0
Tamil Nadu,Theni,Chinnamanur(Uzhavar Sandhai ),Capsicum,Capsicum,Local,2026-09-20,5000.0,5000.0,5000.0
Tamil Nadu,Theni,Chinnamanur(Uzhavar Sandhai ),Drumstick,Drumstick,Local,2026-09-20,4400.0,4500.0,4450.0
Tamil Nadu,Theni,Chinnamanur(Uzhavar Sandhai ),Mint(Pudina),Mint(Pudina),Local,2026-09-20,5500.0,5500.0,5500.0
Tamil Nadu,Theni,Kambam(Uzhavar Sandhai ),Potato,Other,Local,2026-09-20,3000.0,3000.0,3000.0
Tamil Nadu,Theni,Kambam(Uzhavar Sandhai ),Cluster beans,Cluster Beans,Local,2026-09-20,3000.0,3000.0,3000.0
Tamil Nadu,Theni,Kambam(Uzhavar Sandhai ),Bitter gourd,Other,Local,2026-09-20,3800.0,3800.0,3800.0
Tamil Nadu,Theni,Kambam(Uzhavar Sandhai ),Cowpea(Veg),Cowpea (Veg),Local,2026-09-20,4500.0,4500.0,4500.0
Tamil Nadu,Theni,Kambam(Uzhavar Sandhai ),Ginger(Green),Green Ginger,Local,2026-09-20,16500.0,16500.0,16500.0
Tamil Nadu,Theni,Kambam(Uzhavar Sandhai ),Thondekai,Thondekai,Local,2026-09-20,3600.0,3600.0,3600.0
Tamil Nadu,Theni,Kambam(Uzhavar Sandhai ),Knool Khol,Knool Khol,Local,2026-09-20,3400.0,3400.0,3400.0
Tamil Nadu,Theni,Kambam(Uzhavar Sandhai ),Indian Beans(Seam),Indian Beans (Seam),Local,2026-09-20,6000.0,6000.0,6000.0
Tamil Nadu,Theni,Kambam(Uzhavar Sandhai ),Mashrooms,Mashrooms,Local,2026-09-20,25000.0,25000.0,25000.0
Tamil Nadu,Theni,Kambam(Uzhavar Sandhai ),Onion Green,Onion Green,Local,2026-09-20,8000.0,8000.0,8000.0
Tamil Nadu,Theni,Theni(Uzhavar Sandhai ),Apple,American,Local,2026-09-20,14000.0,26000.0,20000.0
Tamil Nadu,Theni,Theni(Uzhavar Sandhai ),Onion,Bellary,Local,2026-09-20,6000.0,6500.0,6250.0
Tamil Nadu,Theni,Theni(Uzhavar Sandhai ),Garlic,Garlic,Local,2026-09-20,10000.0,20000.0,15000.0
Tamil Nadu,Theni,Theni(Uzhavar Sandhai ),Green Peas,Green Peas,Local,2026-09-20,13500.0,13500.0,13500.0
Tamil Nadu,Theni,Theni(Uzhavar Sandhai ),Bottle gourd,Bottle Gourd,Local,2026-09-20,1000.0,1400.0,1200.0
Tamil Nadu,Theni,Theni(Uzhavar Sandhai ),Bhindi(Ladies Finger),Bhindi,Local,2026-09-20,3800.0,3800.0,3800.0
Tamil Nadu,Theni,Theni(Uzhavar Sandhai ),Betal Leaves,Mysore,Local,2026-09-20,22000.0,22000.0,22000.0
Tamil Nadu,Theni,Theni(Uzhavar Sandhai ),Carrot,Pusakesar,Local,2026-09-20,2500.0,3400.0,2950.0
Tamil Nadu,Theni,Theni(Uzhavar Sandhai ),Ridgeguard(Tori),Ridgeguard(Tori),Local,2026-09-20,3500.0,3800.0,3650.0
Tamil Nadu,Theni,Theni(Uzhavar Sandhai ),Green Avare(W),Other,Local,2026-09-20,6800.0,9000.0,7900.0
Tamil Nadu,Theni,Theni(Uzhavar Sandhai ),Baby Corn,Baby Corn,Grade A,2026-09-20,5000.0,5000.0,5000.0
Tamil Nadu,Thirunelveli,Kandiyaperi(Uzhavar Sandhai ),Brinjal,Other,Local,2026-09-20,2000.0,2500.0,2250.0
Tamil Nadu,Thirunelveli,Kandiyaperi(Uzhavar Sandhai ),Coriander(Leaves),I Sort,Local,2026-09-20,4000.0,4500.0,4250.0
Tamil Nadu,Thirunelveli,Kandiyaperi(Uzhavar Sandhai ),Green Chilli,Green Chilly,Local,2026-09-20,4000.0,5000.0,4500.0
Tamil Nadu,Thirunelveli,Kandiyaperi(Uzhavar Sandhai ),Coconut,Coconut,Local,2026-09-20,5600.0,6000.0,5800.0
Tamil Nadu,Thirunelveli,Kandiyaperi(Uzhavar Sandhai ),Onion Green,Onion Green,Local,2026-09-20,6500.0,10600.0,8550.0
Tamil Nadu,Thirunelveli,NGO Colony(Uzhavar Sandhai ),Cluster beans,Cluster Beans,Local,2026-09-20,1200.0,2000.0,1600.0
Tamil Nadu,Thirunelveli,NGO Colony(Uzhavar Sandhai ),Lemon,Lemon,Local,2026-09-20,18000.0,20000.0,19000.0
Tamil Nadu,Thirunelveli,Palayamkottai(Uzhavar Sandhai ),Banana,Red Banana,Local,2026-09-20,10000.0,11000.0,10500.0
Tamil Nadu,Thirunelveli,Palayamkottai(Uzhavar Sandhai ),Potato,Other,Local,2026-09-20,2500.0,2900.0,2700.0
Tamil Nadu,Thirunelveli,Palayamkottai(Uzhavar Sandhai ),Papaya,Papaya,Local,2026-09-20,3500.0,4000.0,3750.0
Tamil Nadu,Thirunelveli,Palayamkottai(Uzhavar Sandhai ),Bitter gourd,Bitter Gourd,Local,2026-09-20,5000.0,6000.0,5500.0
Tamil Nadu,Thirunelveli,Palayamkottai(Uzhavar Sandhai ),Coconut,Coconut,Local,2026-09-20,5600.0,6000.0,5800.0
Tamil Nadu,Thirunelveli,Palayamkottai(Uzhavar Sandhai ),Snakeguard,Snakeguard,Local,2026-09-20,1800.0,2000.0,1900.0
Tamil Nadu,Thirunelveli,Palayamkottai(Uzhavar Sandhai ),Ridgeguard(Tori),Ridgeguard(Tori),Local,2026-09-20,3500.0,4000.0,3750.0
Tamil Nadu,Thirunelveli,Palayamkottai(Uzhavar Sandhai ),Drumstick,Drumstick,Local,2026-09-20,2800.0,3000.0,2900.0
Tamil Nadu,Thirupur,Kangayam(Uzhavar Sandhai ),Coriander(Leaves),I Sort,Local,2026-09-20,4400.0,4800.0,4600.0
Tamil Nadu,Thirupur,Kangayam(Uzhavar Sandhai ),Cluster beans,Cluster Beans,Local,2026-09-20,3500.0,4000.0,3750.0
Tamil Nadu,Thirupur,Kangayam(Uzhavar Sandhai ),Amaranthus,Amaranthus,Local,2026-09-20,2500.0,2700.0,2600.0
Tamil Nadu,Thirupur,Kangayam(Uzhavar Sandhai ),Onion Green,Onion Green,Local,2026-09-20,6500.0,7200.0,6850.0
Tamil Nadu,Thirupur,Kangayam(Uzhavar Sandhai ),Mint(Pudina),Mint(Pudina),Local,2026-09-20,4000.0,4200.0,4100.0
Tamil Nadu,Thirupur,Tiruppur (North) (Uzhavar Sandhai ),Coriander(Leaves),I Sort,Local,2026-09-20,4500.0,5000.0,4750.0
Tamil Nadu,Thirupur,Tiruppur (North) (Uzhavar Sandhai ),Ashgourd,Gouard,Local,2026-09-20,1500.0,2000.0,1750.0
Tamil Nadu,Thirupur,Tiruppur (North) (Uzhavar Sandhai ),Amaranthus,Amaranthus,Local,2026-09-20,2000.0,2500.0,2250.0
Tamil Nadu,Thirupur,Tiruppur (North) (Uzhavar Sandhai ),Green Chilli,Green Chilly,Local,2026-09-20,4500.0,5000.0,4750.0
Tamil Nadu,Thirupur,Tiruppur (North) (Uzhavar Sandhai ),Mint(Pudina),Mint(Pudina),Local,2026-09-20,2000.0,2500.0,2250.0
Tamil Nadu,Thiruvannamalai,Chengam(Uzhavar Sandhai ),Banana,Besrai,Local,2026-09-20,5000.0,6000.0,5500.0
Tamil Nadu,Thiruvannamalai,Chengam(Uzhavar Sandhai ),Papaya,Papaya,Local,2026-09-20,3300.0,4000.0,3650.0
Tamil Nadu,Thiruvannamalai,Chengam(Uzhavar Sandhai ),Tomato,Deshi,Local,2026-09-20,2000.0,2500.0,2250.0
Tamil Nadu,Thiruvannamalai,Chengam(Uzhavar Sandhai ),Amaranthus,Amaranthus,Local,2026-09-20,1200.0,1500.0,1350.0
Tamil Nadu,Thiruvannamalai,Chengam(Uzhavar Sandhai ),Carrot,Pusakesar,Local,2026-09-20,6000.0,7200.0,6600.0
Tamil Nadu,Thiruvannamalai,Chengam(Uzhavar Sandhai ),Ridgeguard(Tori),Ridgeguard(Tori),Local,2026-09-20,3300.0,4000.0,3650.0
Tamil Nadu,Thiruvannamalai,Chengam(Uzhavar Sandhai ),Knool Khol,Knool Khol,Local,2026-09-20,4200.0,5000.0,4600.0
Tamil Nadu,Thiruvannamalai,Chengam(Uzhavar Sandhai ),Custard Apple(Sharifa),Custard Apple(Sharifa),Local,2026-09-20,4200.0,5000.0,4600.0
Tamil Nadu,Thiruvannamalai,Chengam(Uzhavar Sandhai ),Amla(Nelli Kai),Amla,Local,2026-09-20,8000.0,10000.0,9000.0
Tamil Nadu,Thiruvannamalai,Chengam(Uzhavar Sandhai ),Onion Green,Onion Green,Local,2026-09-20,7000.0,8000.0,7500.0
Tamil Nadu,Thiruvannamalai,Tamarainagar(Uzhavar Sandhai ),Brinjal,Round,Local,2026-09-20,5000.0,6000.0,5500.0
Tamil Nadu,Thiruvannamalai,Tamarainagar(Uzhavar Sandhai ),Bitter gourd,Bitter Gourd,Local,2026-09-20,3500.0,4000.0,3750.0
Tamil Nadu,Thiruvannamalai,Tamarainagar(Uzhavar Sandhai ),Banana - Green,Banana - Green,Local,2026-09-20,4000.0,5000.0,4500.0
Tamil Nadu,Thiruvannamalai,Tamarainagar(Uzhavar Sandhai ),Ridgeguard(Tori),Ridgeguard(Tori),Local,2026-09-20,3500.0,4000.0,3750.0
Tamil Nadu,Thiruvannamalai,Tamarainagar(Uzhavar Sandhai ),Raddish,Raddish,Local,2026-09-20,2500.0,3000.0,2750.0
Tamil Nadu,Thiruvannamalai,Tamarainagar(Uzhavar Sandhai ),Fig(Anjura/Anjeer),Anjura,Local,2026-09-20,5000.0,6000.0,5500.0
Tamil Nadu,Thiruvannamalai,Tamarainagar(Uzhavar Sandhai ),Elephant Yam(Suran)/Amorphophallus,Elephant Yam (Suran),Local,2026-09-20,5000.0,6000.0,5500.0
Tamil Nadu,Thiruvannamalai,Tamarainagar(Uzhavar Sandhai ),Colacasia,Colacasia,Local,2026-09-20,3500.0,4000.0,3750.0
Tamil Nadu,Thiruvannamalai,Tamarainagar(Uzhavar Sandhai ),Rose(Local),Rose (Local),Local,2026-09-20,25000.0,30000.0,27500.0
Tamil Nadu,Thiruvannamalai,Vandavasi(Uzhavar Sandhai ),Cluster beans,Cluster Beans,Local,2026-09-20,3600.0,4200.0,3900.0
Tamil Nadu,Thiruvannamalai,Vandavasi(Uzhavar Sandhai ),Ashgourd,Gouard,Local,2026-09-20,2000.0,2500.0,2250.0
Tamil Nadu,Thiruvannamalai,Vandavasi(Uzhavar Sandhai ),Bhindi(Ladies Finger),Bhindi,Local,2026-09-20,2500.0,3000.0,2750.0
Tamil Nadu,Thiruvannamalai,Vandavasi(Uzhavar Sandhai ),Yam(Ratalu),Yam (Ratalu),Local,2026-09-20,6000.0,7000.0,6500.0
Tamil Nadu,Thiruvannamalai,Vandavasi(Uzhavar Sandhai ),Mint(Pudina),Mint(Pudina),Local,2026-09-20,3800.0,4500.0,4150.0
Tamil Nadu,Thiruvarur,Muthupettai(Uzhavar Sandhai ),Lime,Lime,Local,2026-09-20,3000.0,3000.0,3000.0
Tamil Nadu,Coimbatore,Sulur(Uzhavar Sandhai ),Garlic,Garlic,Local,2026-09-20,20000.0,24000.0,22000.0
Tamil Nadu,Coimbatore,Sulur(Uzhavar Sandhai ),Brinjal,Round,Local,2026-09-20,3600.0,5000.0,4300.0
Tamil Nadu,Coimbatore,Sulur(Uzhavar Sandhai ),Papaya,Papaya,Local,2026-09-20,4600.0,5400.0,5000.0
Tamil Nadu,Coimbatore,Sulur(Uzhavar Sandhai ),Tomato,Deshi,Local,2026-09-20,2400.0,2800.0,2600.0
Tamil Nadu,Coimbatore,Sulur(Uzhavar Sandhai ),Bitter gourd,Bitter Gourd,Local,2026-09-20,4400.0,5000.0,4700.0
Tamil Nadu,Coimbatore,Sulur(Uzhavar Sandhai ),Amaranthus,Amaranthus,Local,2026-09-20,5000.0,6000.0,5500.0
Tamil Nadu,Coimbatore,Sulur(Uzhavar Sandhai ),Cowpea(Veg),Cowpea (Veg),Local,2026-09-20,3600.0,4000.0,3800.0
Tamil Nadu,Coimbatore,Sulur(Uzhavar Sandhai ),Banana - Green,Banana - Green,Local,2026-09-20,4000.0,4500.0,4250.0
Tamil Nadu,Coimbatore,Sulur(Uzhavar Sandhai ),Snakeguard,Snakeguard,Local,2026-09-20,3000.0,3400.0,3200.0
Tamil Nadu,Coimbatore,Sulur(Uzhavar Sandhai ),Beetroot,Beetroot,Local,2026-09-20,4000.0,5800.0,4900.0
Tamil Nadu,Coimbatore,Sulur(Uzhavar Sandhai ),Ridgeguard(Tori),Ridgeguard(Tori),Local,2026-09-20,4000.0,4500.0,4250.0
Tamil Nadu,Coimbatore,Sulur(Uzhavar Sandhai ),Knool Khol,Knool Khol,Local,2026-09-20,3800.0,4200.0,4000.0
Tamil Nadu,Pudukkottai,Gandarvakottai(Uzhavar Sandhai ),Mint(Pudina),Mint(Pudina),Local,2026-09-20,4500.0,5000.0,4750.0
Tamil Nadu,Cuddalore,Panruti(Uzhavar Sandhai ),Banana,Besrai,Local,2026-09-20,4000.0,8000.0,6000.0
Tamil Nadu,Cuddalore,Panruti(Uzhavar Sandhai ),Potato,Red Nanital,Local,2026-09-20,3500.0,3500.0,3500.0
Tamil Nadu,Cuddalore,Panruti(Uzhavar Sandhai ),Bitter gourd,Bitter Gourd,Local,2026-09-20,5000.0,5000.0,5000.0
Tamil Nadu,Cuddalore,Panruti(Uzhavar Sandhai ),Bottle gourd,Bottle Gourd,Local,2026-09-20,3000.0,3000.0,3000.0
Tamil Nadu,Cuddalore,Vadalur(Uzhavar Sandhai ),Potato,Other,Local,2026-09-20,3000.0,4000.0,3500.0
Tamil Nadu,Cuddalore,Vadalur(Uzhavar Sandhai ),Pumpkin,Pumpkin,Local,2026-09-20,2500.0,2500.0,2500.0
Tamil Nadu,Cuddalore,Vadalur(Uzhavar Sandhai ),Amaranthus,Amaranthus,Local,2026-09-20,3000.0,3500.0,3250.0
Tamil Nadu,Cuddalore,Vadalur(Uzhavar Sandhai ),Green Chilli,Green Chilly,Local,2026-09-20,5000.0,6000.0,5500.0
Tamil Nadu,Cuddalore,Vadalur(Uzhavar Sandhai ),Ginger(Green),Green Ginger,Local,2026-09-20,7000.0,7000.0,7000.0
Tamil Nadu,Cuddalore,Vadalur(Uzhavar Sandhai ),Carrot,Pusakesar,Local,2026-09-20,6000.0,6000.0,6000.0
Tamil Nadu,Cuddalore,Vadalur(Uzhavar Sandhai ),Beetroot,Beetroot,Local,2026-09-20,4000.0,5000.0,4500.0
Tamil Nadu,Cuddalore,Vadalur(Uzhavar Sandhai ),Ridgeguard(Tori),Ridgeguard(Tori),Local,2026-09-20,6000.0,6000.0,6000.0
Tamil Nadu,Cuddalore,Vadalur(Uzhavar Sandhai ),Drumstick,Drumstick,Local,2026-09-20,3000.0,3000.0,3000.0
Tamil Nadu,Cuddalore,Vadalur(Uzhavar Sandhai ),Yam(Ratalu),Yam (Ratalu),Local,2026-09-20,6000.0,6000.0,6000.0
Tamil Nadu,Dharmapuri,AJattihalli(Uzhavar Sandhai ),Papaya,Papaya,Local,2026-09-20,3500.0,4000.0,3750.0
Tamil Nadu,Dharmapuri,AJattihalli(Uzhavar Sandhai ),Coconut,Coconut,Local,2026-09-20,6500.0,7400.0,6950.0
Tamil Nadu,Dharmapuri,AJattihalli(Uzhavar Sandhai ),Cucumbar(Kheera),Cucumbar,Local,2026-09-20,4500.0,4500.0,4500.0
Tamil Nadu,Dharmapuri,AJattihalli(Uzhavar Sandhai ),Elephant Yam(Suran)/Amorphophallus,Elephant Yam (Suran),Local,2026-09-20,6400.0,6400.0,6400.0
Tamil Nadu,Dharmapuri,AJattihalli(Uzhavar Sandhai ),Mint(Pudina),Mint(Pudina),Local,2026-09-20,7000.0,8000.0,7500.0
Tamil Nadu,Thanjavur,Peravurani(Uzhavar Sandhai),Snakeguard,Snakeguard,Local,2026-09-20,4400.0,4400.0,4400.0
Tamil Nadu,Thanjavur,Peravurani(Uzhavar Sandhai),Raddish,Raddish,Local,2026-09-20,4000.0,4000.0,4000.0
Tamil Nadu,Thanjavur,Peravurani(Uzhavar Sandhai),Drumstick,Drumstick,Local,2026-09-20,5000.0,5000.0,5000.0
Tamil Nadu,Karur,Pallapatti (Uzhavar Sandhai ),Banana,Other,Local,2026-09-20,6500.0,7000.0,6750.0
Tamil Nadu,Karur,Pallapatti (Uzhavar Sandhai ),Tomato,Other,Local,2026-09-20,2500.0,3000.0,2750.0
Tamil Nadu,Karur,Pallapatti (Uzhavar Sandhai ),Ashgourd,Gouard,Local,2026-09-20,2200.0,2500.0,2350.0
Tamil Nadu,Karur,Pallapatti (Uzhavar Sandhai ),Pumpkin,Pumpkin,Local,2026-09-20,2200.0,2500.0,2350.0
Tamil Nadu,Karur,Pallapatti (Uzhavar Sandhai ),Coconut,Coconut,Local,2026-09-20,5500.0,6000.0,5750.0
Tamil Nadu,Karur,Pallapatti (Uzhavar Sandhai ),Ridgeguard(Tori),Ridgeguard(Tori),Local,2026-09-20,5500.0,6000.0,5750.0
Tamil Nadu,Karur,Pallapatti (Uzhavar Sandhai ),Lime,Lime,Local,2026-09-20,3500.0,4000.0,3750.0
Tamil Nadu,Karur,Velayuthampalayam(Uzhavar Sandhai ),Cluster beans,Cluster Beans,Local,2026-09-20,3200.0,4000.0,3600.0
Tamil Nadu,Karur,Velayuthampalayam(Uzhavar Sandhai ),Bhindi(Ladies Finger),Bhindi,Local,2026-09-20,3200.0,4000.0,3600.0
Tamil Nadu,Karur,Vengamedu(Uzhavar Sandhai ),Banana,Red Banana,Local,2026-09-20,5000.0,6000.0,5500.0
Tamil Nadu,Karur,Vengamedu(Uzhavar Sandhai ),Tomato,Deshi,Local,2026-09-20,2500.0,3000.0,2750.0
Tamil Nadu,Karur,Vengamedu(Uzhavar Sandhai ),Ridgeguard(Tori),Ridgeguard(Tori),Local,2026-09-20,4000.0,4500.0,4250.0
Tamil Nadu,Theni,Devaram(Uzhavar Sandhai ),Coriander(Leaves),I Sort,Local,2026-09-20,3000.0,3000.0,3000.0
Tamil Nadu,Theni,Devaram(Uzhavar Sandhai ),Bottle gourd,Bottle Gourd,Local,2026-09-20,1600.0,1600.0,1600.0
Tamil Nadu,Theni,Devaram(Uzhavar Sandhai ),Ashgourd,Gouard,Local,2026-09-20,1500.0,1500.0,1500.0
Tamil Nadu,Theni,Devaram(Uzhavar Sandhai ),Ridgeguard(Tori),Ridgeguard(Tori),Local,2026-09-20,3800.0,3800.0,3800.0
Tamil Nadu,Theni,Devaram(Uzhavar Sandhai ),Indian Beans(Seam),Indian Beans (Seam),Local,2026-09-20,5400.0,5400.0,5400.0
Tamil Nadu,Theni,Devaram(Uzhavar Sandhai ),Mint(Pudina),Mint(Pudina),Local,2026-09-20,5500.0,5500.0,5500.0
Tamil Nadu,Salem,Attayampatti(Uzhavar Sandhai ),Banana,Red Banana,Local,2026-09-20,7500.0,8000.0,7750.0
Tamil Nadu,Salem,Attayampatti(Uzhavar Sandhai ),Coriander(Leaves),I Sort,Local,2026-09-20,2000.0,2000.0,2000.0
Tamil Nadu,Salem,Attayampatti(Uzhavar Sandhai ),Tomato,Deshi,Local,2026-09-20,2400.0,2800.0,2600.0
Tamil Nadu,Salem,Attayampatti(Uzhavar Sandhai ),Green Chilli,Green Chilly,Local,2026-09-20,4000.0,4500.0,4250.0
Tamil Nadu,Sivaganga,Sivagangai (Uzhavar Sandhai ),Soyabean,Local,Local,2026-09-20,10000.0,11000.0,10500.0
Tamil Nadu,Sivaganga,Sivagangai (Uzhavar Sandhai ),Onion,Bellary,Local,2026-09-20,5200.0,7000.0,6100.0
Tamil Nadu,Sivaganga,Sivagangai (Uzhavar Sandhai ),Bitter gourd,Other,Local,2026-09-20,5200.0,5600.0,5400.0
Tamil Nadu,Sivaganga,Sivagangai (Uzhavar Sandhai ),Bottle gourd,Bottle Gourd,Local,2026-09-20,2200.0,2800.0,2500.0
Tamil Nadu,Sivaganga,Sivagangai (Uzhavar Sandhai ),Banana - Green,Banana - Green,Local,2026-09-20,3000.0,3000.0,3000.0
Tamil Nadu,Sivaganga,Sivagangai (Uzhavar Sandhai ),Cabbage,Cabbage,Local,2026-09-20,2800.0,3200.0,3000.0
Tamil Nadu,Sivaganga,Sivagangai (Uzhavar Sandhai ),Snakeguard,Snakeguard,Local,2026-09-20,3800.0,4200.0,4000.0
Tamil Nadu,Sivaganga,Sivagangai (Uzhavar Sandhai ),Chow Chow,Chow Chow,Local,2026-09-20,2800.0,3200.0,3000.0
Tamil Nadu,Sivaganga,Sivagangai (Uzhavar Sandhai ),Guava,Guava Allahabad,Local,2026-09-20,6200.0,7200.0,6700.0
Tamil Nadu,Sivaganga,Devakottai (Uzhavar Sandhai ),Potato,Red Nanital,Local,2026-09-20,3200.0,3400.0,3300.0
Tamil Nadu,Sivaganga,Devakottai (Uzhavar Sandhai ),Cluster beans,Cluster Beans,Local,2026-09-20,3600.0,3800.0,3700.0
Tamil Nadu,Sivaganga,Devakottai (Uzhavar Sandhai ),Ashgourd,Gouard,Local,2026-09-20,2000.0,2200.0,2100.0
Tamil Nadu,Sivaganga,Devakottai (Uzhavar Sandhai ),Coconut,Coconut,Local,2026-09-20,6800.0,7200.0,7000.0
Tamil Nadu,Sivaganga,Devakottai (Uzhavar Sandhai ),Ridgeguard(Tori),Ridgeguard(Tori),Local,2026-09-20,3600.0,4400.0,4000.0
Tamil Nadu,Sivaganga,Devakottai (Uzhavar Sandhai ),Chow Chow,Chow Chow,Local,2026-09-20,3000.0,3400.0,3200.0
Tamil Nadu,Sivaganga,Devakottai (Uzhavar Sandhai ),Guava,Guava Allahabad,Local,2026-09-20,6400.0,7200.0,6800.0
Tamil Nadu,Sivaganga,Devakottai (Uzhavar Sandhai ),Onion Green,Onion Green,Local,2026-09-20,8000.0,9400.0,8700.0
Tamil Nadu,Salem,Edapadi (Uzhavar Sandhai ),Brinjal,Other,Local,2026-09-20,3200.0,3500.0,3350.0
Tamil Nadu,Salem,Edapadi (Uzhavar Sandhai ),Coriander(Leaves),I Sort,Local,2026-09-20,1800.0,2000.0,1900.0
Tamil Nadu,Salem,Edapadi (Uzhavar Sandhai ),Tomato,Other,Local,2026-09-20,2800.0,3000.0,2900.0
Tamil Nadu,Salem,Edapadi (Uzhavar Sandhai ),Cluster beans,Cluster Beans,Local,2026-09-20,3000.0,3500.0,3250.0
Tamil Nadu,Salem,Edapadi (Uzhavar Sandhai ),Bitter gourd,Other,Local,2026-09-20,4500.0,5000.0,4750.0
Tamil Nadu,Salem,Edapadi (Uzhavar Sandhai ),Bottle gourd,Bottle Gourd,Local,2026-09-20,2200.0,2500.0,2350.0
Tamil Nadu,Salem,Edapadi (Uzhavar Sandhai ),Ginger(Green),Green Ginger,Local,2026-09-20,17500.0,18000.0,17750.0
Tamil Nadu,Salem,Edapadi (Uzhavar Sandhai ),Beetroot,Beetroot,Local,2026-09-20,6500.0,7000.0,6750.0
Tamil Nadu,Salem,Edapadi (Uzhavar Sandhai ),Ridgeguard(Tori),Ridgeguard(Tori),Local,2026-09-20,3800.0,4000.0,3900.0
Tamil Nadu,Salem,Edapadi (Uzhavar Sandhai ),Thondekai,Thondekai,Local,2026-09-20,3500.0,4000.0,3750.0
Tamil Nadu,Salem,Edapadi (Uzhavar Sandhai ),Green Avare(W),Other,Local,2026-09-20,6500.0,7000.0,6750.0
Tamil Nadu,Salem,Elampillai(Uzhavar Sandhai ),Brinjal,Other,Local,2026-09-20,3000.0,3500.0,3250.0
Tamil Nadu,Salem,Elampillai(Uzhavar Sandhai ),Papaya,Papaya,Local,2026-09-20,2500.0,3000.0,2750.0
Tamil Nadu,Salem,Elampillai(Uzhavar Sandhai ),Bottle gourd,Bottle Gourd,Local,2026-09-20,2000.0,2500.0,2250.0
Tamil Nadu,Salem,Elampillai(Uzhavar Sandhai ),Ashgourd,Gouard,Local,2026-09-20,1800.0,2000.0,1900.0
Tamil Nadu,Salem,Elampillai(Uzhavar Sandhai ),Amaranthus,Amaranthus,Local,2026-09-20,2000.0,2500.0,2250.0
Tamil Nadu,Salem,Elampillai(Uzhavar Sandhai ),Green Chilli,Green Chilly,Local,2026-09-20,3500.0,4000.0,3750.0
Tamil Nadu,Salem,Elampillai(Uzhavar Sandhai ),Coconut,Coconut,Local,2026-09-20,6000.0,6500.0,6250.0
Tamil Nadu,Salem,Elampillai(Uzhavar Sandhai ),Marigold(Calcutta),Marigold(Calcutta),Local,2026-09-20,17000.0,18000.0,17500.0
Tamil Nadu,Salem,Hasthampatti(Uzhavar Sandhai ),Groundnut,Big (With Shell),Local,2026-09-20,6500.0,7000.0,6750.0
Tamil Nadu,Salem,Hasthampatti(Uzhavar Sandhai ),Apple,American,Local,2026-09-20,14000.0,15000.0,14500.0
Tamil Nadu,Salem,Hasthampatti(Uzhavar Sandhai ),Potato,Other,Local,2026-09-20,4500.0,5000.0,4750.0
Tamil Nadu,Salem,Hasthampatti(Uzhavar Sandhai ),Papaya,Papaya,Local,2026-09-20,3000.0,3500.0,3250.0
Tamil Nadu,Salem,Hasthampatti(Uzhavar Sandhai ),Bhindi(Ladies Finger),Bhindi,Local,2026-09-20,3000.0,3400.0,3200.0
Tamil Nadu,Salem,Hasthampatti(Uzhavar Sandhai ),Beans,Beans (Whole),Local,2026-09-20,7500.0,8000.0,7750.0
Tamil Nadu,Salem,Hasthampatti(Uzhavar Sandhai ),Ridgeguard(Tori),Ridgeguard(Tori),Local,2026-09-20,3500.0,4000.0,3750.0
Tamil Nadu,Salem,Hasthampatti(Uzhavar Sandhai ),Capsicum,Capsicum,Local,2026-09-20,5500.0,6000.0,5750.0
Tamil Nadu,Salem,Hasthampatti(Uzhavar Sandhai ),Green Avare(W),Other,Local,2026-09-20,5500.0,6000.0,5750.0
Tamil Nadu,Salem,Hasthampatti(Uzhavar Sandhai ),Chow Chow,Chow Chow,Local,2026-09-20,4000.0,4500.0,4250.0
Tamil Nadu,Salem,Hasthampatti(Uzhavar Sandhai ),Mango(Raw-Ripe),Mango - Raw-Ripe,Local,2026-09-20,7000.0,8000.0,7500.0
Tamil Nadu,Salem,Hasthampatti(Uzhavar Sandhai ),Lime,Lime,Local,2026-09-20,3500.0,4000.0,3750.0
Tamil Nadu,Salem,Hasthampatti(Uzhavar Sandhai ),Pear(Marasebu),Pears,Local,2026-09-20,10000.0,11000.0,10500.0
Tamil Nadu,Salem,Jalagandapuram(Uzhavar Sandhai ),Cauliflower,Ranchi,Local,2026-09-20,2000.0,2500.0,2250.0
Tamil Nadu,Salem,Jalagandapuram(Uzhavar Sandhai ),Bitter gourd,Other,Local,2026-09-20,4000.0,4500.0,4250.0
Tamil Nadu,Salem,Jalagandapuram(Uzhavar Sandhai ),Ashgourd,Gouard,Local,2026-09-20,1600.0,1800.0,1700.0
Tamil Nadu,Salem,Jalagandapuram(Uzhavar Sandhai ),Snakeguard,Snakeguard,Local,2026-09-20,3500.0,3800.0,3650.0
Tamil Nadu,Salem,Jalagandapuram(Uzhavar Sandhai ),Lime,Lime,Local,2026-09-20,3000.0,3500.0,3250.0
Tamil Nadu,Salem,Jalagandapuram(Uzhavar Sandhai ),Amla(Nelli Kai),Amla,Local,2026-09-20,7000.0,8000.0,7500.0
Tamil Nadu,Salem,Jalagandapuram(Uzhavar Sandhai ),Onion Green,Onion Green,Local,2026-09-20,7000.0,8000.0,7500.0
Tamil Nadu,Sivaganga,Singampunari(Uzhavar Sandhai ),Cauliflower,Ranchi,Local,2026-09-20,2600.0,3200.0,2900.0
Tamil Nadu,Sivaganga,Singampunari(Uzhavar Sandhai ),Coriander(Leaves),I Sort,Local,2026-09-20,4600.0,5000.0,4800.0
Tamil Nadu,Sivaganga,Singampunari(Uzhavar Sandhai ),Ashgourd,Gouard,Local,2026-09-20,1800.0,2000.0,1900.0
Tamil Nadu,Sivaganga,Singampunari(Uzhavar Sandhai ),Pumpkin,Pumpkin,Local,2026-09-20,1800.0,2200.0,2000.0
Tamil Nadu,Sivaganga,Singampunari(Uzhavar Sandhai ),Beans,Beans (Whole),Local,2026-09-20,8400.0,9200.0,8800.0
Tamil Nadu,Sivaganga,Singampunari(Uzhavar Sandhai ),Ginger(Green),Green Ginger,Local,2026-09-20,11000.0,20000.0,15500.0
Tamil Nadu,Sivaganga,Singampunari(Uzhavar Sandhai ),Coconut,Coconut,Local,2026-09-20,6600.0,7000.0,6800.0
Tamil Nadu,Sivaganga,Singampunari(Uzhavar Sandhai ),Carrot,Pusakesar,Local,2026-09-20,3000.0,4200.0,3600.0
Tamil Nadu,Sivaganga,Singampunari(Uzhavar Sandhai ),Cabbage,Cabbage,Local,2026-09-20,2800.0,3200.0,3000.0
Tamil Nadu,Sivaganga,Singampunari(Uzhavar Sandhai ),Ridgeguard(Tori),Ridgeguard(Tori),Local,2026-09-20,3200.0,3800.0,3500.0
Tamil Nadu,Sivaganga,Singampunari(Uzhavar Sandhai ),Drumstick,Drumstick,Local,2026-09-20,4400.0,6200.0,5300.0
Tamil Nadu,Sivaganga,Singampunari(Uzhavar Sandhai ),Guava,Guava Allahabad,Local,2026-09-20,6000.0,7000.0,6500.0
Tamil Nadu,Sivaganga,Karaikudi(Uzhavar Sandhai ),Onion,Bellary,Local,2026-09-20,5500.0,7500.0,6500.0
Tamil Nadu,Sivaganga,Karaikudi(Uzhavar Sandhai ),Brinjal,Other,Local,2026-09-20,3600.0,4000.0,3800.0
Tamil Nadu,Sivaganga,Karaikudi(Uzhavar Sandhai ),Coriander(Leaves),I Sort,Local,2026-09-20,5000.0,5200.0,5100.0
Tamil Nadu,Sivaganga,Karaikudi(Uzhavar Sandhai ),Amaranthus,Amaranthus,Local,2026-09-20,3500.0,4000.0,3750.0
Tamil Nadu,Sivaganga,Karaikudi(Uzhavar Sandhai ),Green Chilli,Green Chilly,Local,2026-09-20,4000.0,4500.0,4250.0
Tamil Nadu,Sivaganga,Karaikudi(Uzhavar Sandhai ),Ginger(Green),Green Ginger,Local,2026-09-20,21000.0,21000.0,21000.0
Tamil Nadu,Sivaganga,Karaikudi(Uzhavar Sandhai ),Beetroot,Beetroot,Local,2026-09-20,4500.0,6000.0,5250.0
Tamil Nadu,Sivaganga,Karaikudi(Uzhavar Sandhai ),Guava,Guava Allahabad,Local,2026-09-20,6500.0,7500.0,7000.0
Tamil Nadu,Sivaganga,Karaikudi(Uzhavar Sandhai ),Elephant Yam(Suran)/Amorphophallus,Elephant Yam (Suran),Local,2026-09-20,5000.0,5500.0,5250.0
Tamil Nadu,Sivaganga,Tirupatthur(Uzhavar Sandhai ),Cluster beans,Cluster Beans,Local,2026-09-20,4000.0,4500.0,4250.0
Tamil Nadu,Sivaganga,Tirupatthur(Uzhavar Sandhai ),Bitter gourd,Other,Local,2026-09-20,5500.0,6000.0,5750.0
Tamil Nadu,Sivaganga,Tirupatthur(Uzhavar Sandhai ),Ginger(Green),Green Ginger,Local,2026-09-20,11500.0,20500.0,16000.0
Tamil Nadu,Sivaganga,Tirupatthur(Uzhavar Sandhai ),Coconut,Coconut,Local,2026-09-20,7000.0,7500.0,7250.0
Tamil Nadu,Sivaganga,Tirupatthur(Uzhavar Sandhai ),Ridgeguard(Tori),Ridgeguard(Tori),Local,2026-09-20,3500.0,4000.0,3750.0
Tamil Nadu,Sivaganga,Tirupatthur(Uzhavar Sandhai ),Elephant Yam(Suran)/Amorphophallus,Elephant Yam (Suran),Local,2026-09-20,4500.0,5000.0,4750.0
Tamil Nadu,Sivaganga,Tirupatthur(Uzhavar Sandhai ),Lemon,Lemon,Local,2026-09-20,26400.0,28500.0,27450.0
Tamil Nadu,Thanjavur,Pattukottai(Uzhavar Sandhai ),Ashgourd,Gouard,Local,2026-09-20,3000.0,3000.0,3000.0
Tamil Nadu,Thanjavur,Pattukottai(Uzhavar Sandhai ),Amaranthus,Amaranthus,Local,2026-09-20,2000.0,2000.0,2000.0
Tamil Nadu,Thanjavur,Pattukottai(Uzhavar Sandhai ),Ginger(Green),Green Ginger,Local,2026-09-20,12000.0,18000.0,15000.0
Tamil Nadu,Thiruchirappalli,KKNagar(Uzhavar Sandhai ),Papaya,Papaya,Local,2026-09-20,5000.0,6000.0,5500.0
Tamil Nadu,Thiruchirappalli,KKNagar(Uzhavar Sandhai ),Snakeguard,Snakeguard,Local,2026-09-20,3600.0,3600.0,3600.0
Tamil Nadu,Thiruchirappalli,KKNagar(Uzhavar Sandhai ),Ridgeguard(Tori),Ridgeguard(Tori),Local,2026-09-20,4000.0,4600.0,4300.0
Tamil Nadu,Thiruchirappalli,KKNagar(Uzhavar Sandhai ),Green Avare(W),Other,Local,2026-09-20,9000.0,9000.0,9000.0
Tamil Nadu,Thiruchirappalli,KKNagar(Uzhavar Sandhai ),Lime,Lime,Local,2026-09-20,4000.0,5000.0,4500.0
Tamil Nadu,Thiruchirappalli,KKNagar(Uzhavar Sandhai ),Indian Beans(Seam),Indian Beans (Seam),Local,2026-09-20,7000.0,7000.0,7000.0
Tamil Nadu,Thiruchirappalli,KKNagar(Uzhavar Sandhai ),Onion Green,Onion Green,Local,2026-09-20,8000.0,10000.0,9000.0
Tamil Nadu,Thiruchirappalli,Lalgudi(Uzhavar Sandhai ),Banana,Poovan,Local,2026-09-20,4000.0,5000.0,4500.0
Tamil Nadu,Thiruchirappalli,Lalgudi(Uzhavar Sandhai ),Onion,Bellary,Local,2026-09-20,5000.0,6500.0,5750.0
Tamil Nadu,Thiruchirappalli,Lalgudi(Uzhavar Sandhai ),Tomato,Local,Local,2026-09-20,2800.0,2800.0,2800.0
Tamil Nadu,Thiruchirappalli,Lalgudi(Uzhavar Sandhai ),Bitter gourd,Other,Local,2026-09-20,6000.0,6000.0,6000.0
Tamil Nadu,Thiruchirappalli,Lalgudi(Uzhavar Sandhai ),Cowpea(Veg),Cowpea (Veg),Local,2026-09-20,3600.0,3600.0,3600.0
Tamil Nadu,Thiruchirappalli,Lalgudi(Uzhavar Sandhai ),Beans,Beans (Whole),Local,2026-09-20,7600.0,7600.0,7600.0
Tamil Nadu,Thiruchirappalli,Lalgudi(Uzhavar Sandhai ),Ginger(Green),Green Ginger,Local,2026-09-20,18000.0,18000.0,18000.0
Tamil Nadu,Thiruchirappalli,Lalgudi(Uzhavar Sandhai ),Coconut,Coconut,Local,2026-09-20,7000.0,7000.0,7000.0
Tamil Nadu,Thiruchirappalli,Lalgudi(Uzhavar Sandhai ),Lemon,Lemon,Local,2026-09-20,20000.0,20000.0,20000.0
Tamil Nadu,Thiruchirappalli,Manachanallur(Uzhavar Sandhai ),Potato,Other,Local,2026-09-20,3000.0,3500.0,3250.0
Tamil Nadu,Thiruchirappalli,Manachanallur(Uzhavar Sandhai ),Garlic,Garlic,Local,2026-09-20,16000.0,18000.0,17000.0
Tamil Nadu,Thiruchirappalli,Manachanallur(Uzhavar Sandhai ),Papaya,Papaya,Local,2026-09-20,3500.0,4000.0,3750.0
Tamil Nadu,Thiruchirappalli,Manachanallur(Uzhavar Sandhai ),Bhindi(Ladies Finger),Bhindi,Local,2026-09-20,3000.0,3500.0,3250.0
Tamil Nadu,Thiruchirappalli,Manachanallur(Uzhavar Sandhai ),Amaranthus,Amaranthus,Local,2026-09-20,1500.0,2000.0,1750.0
Tamil Nadu,Thiruchirappalli,Manachanallur(Uzhavar Sandhai ),Green Chilli,Green Chilly,Local,2026-09-20,3800.0,4400.0,4100.0
Tamil Nadu,Thiruchirappalli,Manachanallur(Uzhavar Sandhai ),Banana - Green,Banana - Green,Local,2026-09-20,2000.0,2500.0,2250.0
Tamil Nadu,Thiruchirappalli,Manachanallur(Uzhavar Sandhai ),Ridgeguard(Tori),Ridgeguard(Tori),Local,2026-09-20,4000.0,4500.0,4250.0
Tamil Nadu,Thiruchirappalli,Manachanallur(Uzhavar Sandhai ),Chow Chow,Chow Chow,Local,2026-09-20,3500.0,4000.0,3750.0
Tamil Nadu,Thiruchirappalli,Manachanallur(Uzhavar Sandhai ),Mint(Pudina),Mint(Pudina),Local,2026-09-20,6000.0,6500.0,6250.0
Tamil Nadu,Thiruchirappalli,Manapparai(Uzhavar Sandhai ),Brinjal,Other,Local,2026-09-20,2400.0,2400.0,2400.0
Tamil Nadu,Thiruchirappalli,Manapparai(Uzhavar Sandhai ),Bhindi(Ladies Finger),Bhindi,Local,2026-09-20,3000.0,3000.0,3000.0
Tamil Nadu,Thiruchirappalli,Manapparai(Uzhavar Sandhai ),Carrot,Pusakesar,Local,2026-09-20,5000.0,5000.0,5000.0
Tamil Nadu,Thiruchirappalli,Manapparai(Uzhavar Sandhai ),Drumstick,Drumstick,Local,2026-09-20,4000.0,4000.0,4000.0
Tamil Nadu,Thiruchirappalli,Manapparai(Uzhavar Sandhai ),Mint(Pudina),Mint(Pudina),Local,2026-09-20,6600.0,6600.0,6600.0
Tamil Nadu,Thiruchirappalli,Musiri(Uzhavar Sandhai ),Brinjal,Other,Local,2026-09-20,2000.0,2600.0,2300.0
Tamil Nadu,Thiruchirappalli,Musiri(Uzhavar Sandhai ),Ashgourd,Gouard,Local,2026-09-20,1500.0,2000.0,1750.0
Tamil Nadu,Thiruchirappalli,Musiri(Uzhavar Sandhai ),Amaranthus,Amaranthus,Local,2026-09-20,2000.0,2000.0,2000.0
Tamil Nadu,Thiruchirappalli,Musiri(Uzhavar Sandhai ),Snakeguard,Snakeguard,Local,2026-09-20,3000.0,3600.0,3300.0
Tamil Nadu,Thiruchirappalli,Musiri(Uzhavar Sandhai ),Beetroot,Beetroot,Local,2026-09-20,5000.0,6500.0,5750.0
Tamil Nadu,Thiruchirappalli,Musiri(Uzhavar Sandhai ),Raddish,Raddish,Local,2026-09-20,3000.0,3600.0,3300.0
Tamil Nadu,Thiruchirappalli,Musiri(Uzhavar Sandhai ),Tender Coconut,Tender Coconut,Local,2026-09-20,3500.0,4000.0,3750.0
Tamil Nadu,Thiruchirappalli,Musiri(Uzhavar Sandhai ),Colacasia,Colacasia,Local,2026-09-20,4500.0,5000.0,4750.0
Tamil Nadu,Thiruchirappalli,Musiri(Uzhavar Sandhai ),Turnip,Turnip,Local,2026-09-20,3000.0,3600.0,3300.0
Tamil Nadu,Thiruchirappalli,Musiri(Uzhavar Sandhai ),Amla(Nelli Kai),Amla,Local,2026-09-20,8000.0,9000.0,8500.0
Tamil Nadu,Thiruchirappalli,Thiruverumbur(Uzhavar Sandhai ),Onion,Bellary,Local,2026-09-20,5000.0,7000.0,6000.0
Tamil Nadu,Thiruchirappalli,Thiruverumbur(Uzhavar Sandhai ),Potato,Other,Local,2026-09-20,3000.0,4000.0,3500.0
Tamil Nadu,Thiruchirappalli,Thiruverumbur(Uzhavar Sandhai ),Cauliflower,Ranchi,Local,2026-09-20,5000.0,5000.0,5000.0
Tamil Nadu,Thiruchirappalli,Thiruverumbur(Uzhavar Sandhai ),Coriander(Leaves),I Sort,Local,2026-09-20,3600.0,3600.0,3600.0
Tamil Nadu,Thiruchirappalli,Thiruverumbur(Uzhavar Sandhai ),Bottle gourd,Bottle Gourd,Local,2026-09-20,2400.0,2400.0,2400.0
Tamil Nadu,Thiruchirappalli,Thiruverumbur(Uzhavar Sandhai ),Bhindi(Ladies Finger),Bhindi,Local,2026-09-20,3600.0,3600.0,3600.0
Tamil Nadu,Thiruchirappalli,Thiruverumbur(Uzhavar Sandhai ),Cowpea(Veg),Cowpea (Veg),Local,2026-09-20,3000.0,3000.0,3000.0
Tamil Nadu,Thiruchirappalli,Thiruverumbur(Uzhavar Sandhai ),Banana - Green,Banana - Green,Local,2026-09-20,2500.0,2500.0,2500.0
Tamil Nadu,Thiruchirappalli,Thiruverumbur(Uzhavar Sandhai ),Beans,Beans (Whole),Local,2026-09-20,8000.0,8000.0,8000.0
Tamil Nadu,Thiruchirappalli,Thiruverumbur(Uzhavar Sandhai ),Ginger(Green),Green Ginger,Local,2026-09-20,19000.0,19000.0,19000.0
Tamil Nadu,Thiruchirappalli,Thiruverumbur(Uzhavar Sandhai ),Beetroot,Beetroot,Local,2026-09-20,5600.0,5600.0,5600.0
Tamil Nadu,Thiruchirappalli,Thiruverumbur(Uzhavar Sandhai ),Thondekai,Thondekai,Local,2026-09-20,6000.0,6000.0,6000.0
Tamil Nadu,Thiruchirappalli,Thiruverumbur(Uzhavar Sandhai ),Drumstick,Drumstick,Local,2026-09-20,4000.0,4600.0,4300.0
Tamil Nadu,Virudhunagar,Rajapalayam(Uzhavar Sandhai ),Brinjal,Round,Local,2026-09-20,2500.0,3000.0,2750.0
Tamil Nadu,Virudhunagar,Rajapalayam(Uzhavar Sandhai ),Papaya,Papaya,Local,2026-09-20,3000.0,3500.0,3250.0
Tamil Nadu,Virudhunagar,Rajapalayam(Uzhavar Sandhai ),Green Chilli,Green Chilly,Local,2026-09-20,6000.0,6500.0,6250.0
Tamil Nadu,Virudhunagar,Rajapalayam(Uzhavar Sandhai ),Cabbage,Cabbage,Local,2026-09-20,3000.0,3500.0,3250.0
Tamil Nadu,Virudhunagar,Rajapalayam(Uzhavar Sandhai ),Beetroot,Beetroot,Local,2026-09-20,4500.0,5200.0,4850.0
Tamil Nadu,Virudhunagar,Sathur(Uzhavar Sandhai ),Tomato,Deshi,Local,2026-09-20,2000.0,2500.0,2250.0
Tamil Nadu,Virudhunagar,Sathur(Uzhavar Sandhai ),Amaranthus,Amaranthus,Local,2026-09-20,2500.0,3000.0,2750.0
Tamil Nadu,Virudhunagar,Sathur(Uzhavar Sandhai ),Coconut,Coconut,Local,2026-09-20,5500.0,6000.0,5750.0
Tamil Nadu,Virudhunagar,Sathur(Uzhavar Sandhai ),Cabbage,Cabbage,Local,2026-09-20,3500.0,4000.0,3750.0
Tamil Nadu,Virudhunagar,Sathur(Uzhavar Sandhai ),Chow Chow,Chow Chow,Local,2026-09-20,3500.0,4000.0,3750.0
Tamil Nadu,Virudhunagar,Sathur(Uzhavar Sandhai ),Drumstick,Drumstick,Local,2026-09-20,3500.0,4000.0,3750.0
Tamil Nadu,Virudhunagar,Thalavaipuram(Uzhavar Sandhai ),Potato,Red Nanital,Local,2026-09-20,2800.0,3500.0,3150.0
Tamil Nadu,Virudhunagar,Thalavaipuram(Uzhavar Sandhai ),Coriander(Leaves),I Sort,Local,2026-09-20,3600.0,4500.0,4050.0
Tamil Nadu,Virudhunagar,Thalavaipuram(Uzhavar Sandhai ),Beetroot,Beetroot,Local,2026-09-20,4000.0,5200.0,4600.0
Tamil Nadu,Virudhunagar,Thalavaipuram(Uzhavar Sandhai ),Colacasia,Colacasia,Local,2026-09-20,5500.0,7000.0,6250.0
Tamil Nadu,Virudhunagar,Thalavaipuram(Uzhavar Sandhai ),Onion Green,Onion Green,Local,2026-09-20,7000.0,8500.0,7750.0
Tamil Nadu,Virudhunagar,Virudhunagar(Uzhavar Sandhai ),Cabbage,Cabbage,Local,2026-09-20,3300.0,3400.0,3350.0
Tamil Nadu,Chengalpattu,Medavakkam(Uzhavar Sandhai ),Banana,Karpura,Local,2026-09-20,5000.0,5000.0,5000.0
Tamil Nadu,Chengalpattu,Medavakkam(Uzhavar Sandhai ),Garlic,Garlic,Local,2026-09-20,20000.0,20000.0,20000.0
Tamil Nadu,Chengalpattu,Medavakkam(Uzhavar Sandhai ),Chikoos(Sapota),Sapota,Local,2026-09-20,5000.0,5000.0,5000.0
Tamil Nadu,Chengalpattu,Medavakkam(Uzhavar Sandhai ),Tomato,Other,Local,2026-09-20,2000.0,2500.0,2250.0
Tamil Nadu,Chengalpattu,Medavakkam(Uzhavar Sandhai ),Coconut,Coconut,Local,2026-09-20,5000.0,5000.0,5000.0
Tamil Nadu,Chengalpattu,Medavakkam(Uzhavar Sandhai ),Green Avare(W),Other,Local,2026-09-20,6000.0,6000.0,6000.0
Tamil Nadu,Chengalpattu,Medavakkam(Uzhavar Sandhai ),Mint(Pudina),Mint(Pudina),Local,2026-09-20,3000.0,3000.0,3000.0
Tamil Nadu,Chengalpattu,Pallavaram(Uzhavar Sandhai ),Coriander(Leaves),I Sort,Local,2026-09-20,5000.0,6000.0,5500.0
Tamil Nadu,Chengalpattu,Pallavaram(Uzhavar Sandhai ),Beans,Beans (Whole),Local,2026-09-20,8000.0,9000.0,8500.0
Tamil Nadu,Chengalpattu,Pallavaram(Uzhavar Sandhai ),Ridgeguard(Tori),Ridgeguard(Tori),Local,2026-09-20,6000.0,7000.0,6500.0
Tamil Nadu,Chengalpattu,Pallavaram(Uzhavar Sandhai ),Knool Khol,Knool Khol,Local,2026-09-20,4000.0,5000.0,4500.0
Tamil Nadu,Chengalpattu,Pallavaram(Uzhavar Sandhai ),Elephant Yam(Suran)/Amorphophallus,Elephant Yam (Suran),Local,2026-09-20,5000.0,6000.0,5500.0
Tamil Nadu,Chengalpattu,Pallavaram(Uzhavar Sandhai ),Yam(Ratalu),Yam (Ratalu),Local,2026-09-20,6000.0,7000.0,6500.0
Tamil Nadu,Chengalpattu,Pallavaram(Uzhavar Sandhai ),Lemon,Lemon,Local,2026-09-20,23000.0,26000.0,24500.0
Tamil Nadu,Chengalpattu,Pallavaram(Uzhavar Sandhai ),Mashrooms,Mashrooms,Local,2026-09-20,24000.0,25000.0,24500.0
Tamil Nadu,Nagercoil (Kannyiakumari),Myladi(Uzhavar Sandhai ),Onion,Bellary,Local,2026-09-20,7000.0,7500.0,7250.0
Tamil Nadu,Nagercoil (Kannyiakumari),Myladi(Uzhavar Sandhai ),Brinjal,Round,Local,2026-09-20,5500.0,6000.0,5750.0
Tamil Nadu,Nagercoil (Kannyiakumari),Myladi(Uzhavar Sandhai ),Tomato,Deshi,Local,2026-09-20,2500.0,2800.0,2650.0
Tamil Nadu,Nagercoil (Kannyiakumari),Myladi(Uzhavar Sandhai ),Banana - Green,Banana - Green,Local,2026-09-20,5500.0,6000.0,5750.0
Tamil Nadu,Nagercoil (Kannyiakumari),Myladi(Uzhavar Sandhai ),Snakeguard,Snakeguard,Local,2026-09-20,3500.0,4000.0,3750.0
Tamil Nadu,Chengalpattu,Jameenrayapettai(Uzhavar Sandhai ),Apple,American,Local,2026-09-20,18000.0,20000.0,19000.0
Tamil Nadu,Chengalpattu,Jameenrayapettai(Uzhavar Sandhai ),Orange,Darjeeling,Local,2026-09-20,12000.0,13000.0,12500.0
Tamil Nadu,Chengalpattu,Jameenrayapettai(Uzhavar Sandhai ),Potato,Other,Local,2026-09-20,2500.0,3000.0,2750.0
Tamil Nadu,Chengalpattu,Jameenrayapettai(Uzhavar Sandhai ),Garlic,Garlic,Local,2026-09-20,24000.0,30000.0,27000.0
Tamil Nadu,Chengalpattu,Jameenrayapettai(Uzhavar Sandhai ),Coriander(Leaves),I Sort,Local,2026-09-20,5000.0,6000.0,5500.0
Tamil Nadu,Chengalpattu,Jameenrayapettai(Uzhavar Sandhai ),Bitter gourd,Other,Local,2026-09-20,6000.0,7000.0,6500.0
Tamil Nadu,Chengalpattu,Jameenrayapettai(Uzhavar Sandhai ),Carrot,Pusakesar,Local,2026-09-20,6000.0,7000.0,6500.0
Tamil Nadu,Chengalpattu,Jameenrayapettai(Uzhavar Sandhai ),Mango(Raw-Ripe),Mango - Raw-Ripe,Local,2026-09-20,7000.0,8000.0,7500.0
Tamil Nadu,Chengalpattu,Jameenrayapettai(Uzhavar Sandhai ),Marigold(Calcutta),Marigold(Calcutta),Local,2026-09-20,16000.0,18000.0,17000.0
Tamil Nadu,Chengalpattu,Jameenrayapettai(Uzhavar Sandhai ),Amla(Nelli Kai),Amla,Local,2026-09-20,10000.0,12000.0,11000.0
Karnataka,Koppal,Kustagi APMC,Bajra(Pearl Millet/Cumbu),Hybrid,FAQ,2026-09-20,2550.0,2651.0,2600.0
Maharashtra,Chattrapati Sambhajinagar,APMC Chattrapati Sambhajinagar,Mousambi(Sweet Lime),Other,Local,2026-09-20,1400.0,3100.0,2250.0
Maharashtra,Chattrapati Sambhajinagar,APMC Chattrapati Sambhajinagar,Apple,Other,Local,2026-09-20,8500.0,13000.0,10750.0
Maharashtra,Chattrapati Sambhajinagar,APMC Chattrapati Sambhajinagar,Potato,Other,Local,2026-09-20,650.0,1250.0,950.0
Maharashtra,Chattrapati Sambhajinagar,APMC Chattrapati Sambhajinagar,Garlic,Other,Local,2026-09-20,9500.0,24000.0,16750.0
Maharashtra,Chattrapati Sambhajinagar,APMC Chattrapati Sambhajinagar,Chilly Capsicum,Other,Local,2026-09-20,1000.0,4000.0,2500.0
Maharashtra,Chattrapati Sambhajinagar,APMC Chattrapati Sambhajinagar,Ridgeguard(Tori),Other,Local,2026-09-20,1600.0,3000.0,2300.0
Maharashtra,Jalgaon,APMC Bhusaval,Carrot,Other,Local,2026-09-20,1500.0,2000.0,2000.0
Maharashtra,Jalgaon,APMC Bhusaval,Guar,Other,Local,2026-09-20,3000.0,3000.0,3000.0
Maharashtra,Jalgaon,APMC Bhusaval,Onion,Unhali,Local,2026-09-20,4000.0,4500.0,4500.0
Maharashtra,Jalgaon,APMC Bhusaval,Bitter gourd,Other,Local,2026-09-20,1200.0,2000.0,1500.0
Maharashtra,Jalgaon,APMC Bhusaval,Peas Wet,Other,Local,2026-09-20,8000.0,8000.0,8000.0
Maharashtra,Jalgaon,APMC Bhusaval,Marigold(Calcutta),Other,Local,2026-09-20,1200.0,1500.0,1500.0
Tamil Nadu,Villupuram,Tindivanam APMC,Brinjal,Round,Local,2026-09-20,4000.0,5000.0,4500.0
Tamil Nadu,Villupuram,Tindivanam APMC,Coriander(Leaves),I Sort,Local,2026-09-20,4000.0,4000.0,4000.0
Tamil Nadu,Villupuram,Tindivanam APMC,Cluster beans,Cluster Beans,Local,2026-09-20,3500.0,3500.0,3500.0
Tamil Nadu,Villupuram,Tindivanam APMC,Pumpkin,Pumpkin,Local,2026-09-20,2000.0,2000.0,2000.0
Tamil Nadu,Villupuram,Tindivanam APMC,Green Chilli,Green Chilly,Local,2026-09-20,5500.0,5500.0,5500.0
Tamil Nadu,Villupuram,Tindivanam APMC,Cabbage,Cabbage,Local,2026-09-20,3500.0,3500.0,3500.0
Tamil Nadu,Villupuram,Tindivanam APMC,Thondekai,Thondekai,Local,2026-09-20,3000.0,3000.0,3000.0
Tamil Nadu,Villupuram,Tindivanam APMC,Capsicum,Capsicum,Local,2026-09-20,6000.0,6000.0,6000.0
Tamil Nadu,Villupuram,Tindivanam APMC,Mango(Raw-Ripe),Mango - Raw-Ripe,Local,2026-09-20,6000.0,6000.0,6000.0
Tamil Nadu,Villupuram,Tindivanam APMC,Tender Coconut,Tender Coconut,Local,2026-09-20,3500.0,4000.0,3750.0
Tamil Nadu,Villupuram,Tindivanam APMC,Fig(Anjura/Anjeer),Anjura,Local,2026-09-20,16000.0,16000.0,16000.0
Tamil Nadu,Villupuram,Tindivanam APMC,Yam(Ratalu),Yam (Ratalu),Local,2026-09-20,6000.0,6000.0,6000.0
Tamil Nadu,Villupuram,Tindivanam APMC,Mint(Pudina),Mint(Pudina),Local,2026-09-20,4000.0,4000.0,4000.0
Tamil Nadu,Villupuram,Ulundurpettai APMC,Potato,Red Nanital,Local,2026-09-20,4000.0,4000.0,4000.0
Tamil Nadu,Villupuram,Ulundurpettai APMC,Coriander(Leaves),I Sort,Local,2026-09-20,6000.0,6000.0,6000.0
Tamil Nadu,Villupuram,Ulundurpettai APMC,Bottle gourd,Bottle Gourd,Local,2026-09-20,2000.0,2000.0,2000.0
Tamil Nadu,Villupuram,Ulundurpettai APMC,Amaranthus,Amaranthus,Local,2026-09-20,2500.0,2500.0,2500.0
Tamil Nadu,Villupuram,Ulundurpettai APMC,Amla(Nelli Kai),Amla,Local,2026-09-20,8000.0,8000.0,8000.0
Uttar Pradesh,Raebarelli,Bachranwa APMC,Wood,Eucalyptus,FAQ,2026-09-20,550.0,550.0,550.0
Uttar Pradesh,Azamgarh,Azamgarh APMC,Wheat,Dara,FAQ,2026-09-20,2600.0,2710.0,2643.21
Uttar Pradesh,Badaun,Babrala APMC,Maize,Local,Local,2026-09-20,2130.0,2150.0,2140.0
Maharashtra,Kolhapur,APMC Kolhapur,Cabbage,Other,Local,2026-09-20,600.0,1000.0,800.0
Maharashtra,Kolhapur,APMC Kolhapur,Brinjal,Other,Local,2026-09-20,1000.0,3000.0,2000.0
Uttar Pradesh,Jhansi,Jhansi APMC,Wheat,Other,FAQ,2026-09-20,2350.0,2358.0,2352.4
Uttar Pradesh,Kasganj,Kasganj APMC,Wheat,C-83,FAQ,2026-09-20,2601.0,2601.0,2601.0
Madhya Pradesh,Chhindwara,Chhindwara APMC,Maize,Yellow,FAQ,2026-09-20,2500.0,2500.0,2500.0
Gujarat,Amreli,Damnagar APMC,Bhindi(Ladies Finger),Bhindi,Local,2026-09-20,4500.0,4500.0,4500.0
Gujarat,Amreli,Damnagar APMC,Ginger(Green),Green Ginger,Local,2026-09-20,7000.0,7000.0,7000.0
Gujarat,Amreli,Damnagar APMC,Brinjal,Other,Local,2026-09-20,3000.0,3000.0,3000.0
Gujarat,Rajkot,Gondal(Veg.market Gondal) APMC,Pomegranate,Pomogranate,Local,2026-09-20,1500.0,12000.0,6750.0
Gujarat,Rajkot,Gondal(Veg.market Gondal) APMC,Apple,Apple,Local,2026-09-20,2500.0,9000.0,5750.0
Gujarat,Rajkot,Gondal(Veg.market Gondal) APMC,Cucumbar(Kheera),Cucumbar,Local,2026-09-20,500.0,4000.0,2250.0
Tamil Nadu,Madurai,Chokkikulam(Uzhavar Sandhai ),Soyabean,Local,Local,2026-09-20,9000.0,10000.0,9500.0
Tamil Nadu,Madurai,Chokkikulam(Uzhavar Sandhai ),Onion,Bellary,Local,2026-09-20,6500.0,7000.0,6750.0
Tamil Nadu,Madurai,Chokkikulam(Uzhavar Sandhai ),Brinjal,Round,Local,2026-09-20,3600.0,4500.0,4050.0
Tamil Nadu,Madurai,Chokkikulam(Uzhavar Sandhai ),Coriander(Leaves),I Sort,Local,2026-09-20,4500.0,4800.0,4650.0
Tamil Nadu,Madurai,Chokkikulam(Uzhavar Sandhai ),Water Melon,Water Melon,Local,2026-09-20,2000.0,2500.0,2250.0
Tamil Nadu,Madurai,Chokkikulam(Uzhavar Sandhai ),Bitter gourd,Bitter Gourd,Local,2026-09-20,5500.0,6000.0,5750.0
Tamil Nadu,Madurai,Chokkikulam(Uzhavar Sandhai ),Ashgourd,Gouard,Local,2026-09-20,1600.0,1800.0,1700.0
Tamil Nadu,Madurai,Chokkikulam(Uzhavar Sandhai ),Snakeguard,Snakeguard,Local,2026-09-20,3600.0,4000.0,3800.0
Tamil Nadu,Madurai,Chokkikulam(Uzhavar Sandhai ),Ridgeguard(Tori),Ridgeguard(Tori),Local,2026-09-20,3600.0,4500.0,4050.0
Tamil Nadu,Madurai,Chokkikulam(Uzhavar Sandhai ),Thondekai,Thondekai,Local,2026-09-20,3600.0,4000.0,3800.0
Tamil Nadu,Madurai,Chokkikulam(Uzhavar Sandhai ),Drumstick,Drumstick,Local,2026-09-20,4000.0,6000.0,5000.0
Tamil Nadu,Madurai,Chokkikulam(Uzhavar Sandhai ),Mango(Raw-Ripe),Mango - Raw-Ripe,Local,2026-09-20,12000.0,13000.0,12500.0
Tamil Nadu,Madurai,Chokkikulam(Uzhavar Sandhai ),Knool Khol,Knool Khol,Local,2026-09-20,4500.0,4800.0,4650.0
Tamil Nadu,Madurai,Chokkikulam(Uzhavar Sandhai ),Indian Beans(Seam),Indian Beans (Seam),Local,2026-09-20,5500.0,6000.0,5750.0
Tamil Nadu,Madurai,Chokkikulam(Uzhavar Sandhai ),Amla(Nelli Kai),Amla,Local,2026-09-20,8000.0,9000.0,8500.0
Tamil Nadu,Madurai,Chokkikulam(Uzhavar Sandhai ),Onion Green,Onion Green,Local,2026-09-20,8000.0,9000.0,8500.0
Uttar Pradesh,Sambhal,Sambhal APMC,Potato,Other,FAQ,2026-09-20,500.0,500.0,500.0
Uttar Pradesh,Saharanpur,Saharanpur APMC,Potato,Other,FAQ,2026-09-20,790.0,800.0,795.81
Uttar Pradesh,Ambedkarnagar,Akbarpur APMC,Wheat,Medium Fine,FAQ,2026-09-20,2450.0,2450.0,2450.0
Telangana,Bhadradri Kothagudem,Dammapet APMC,Wood,Eucalyptus,FAQ,2026-09-20,400.0,500.0,450.0
Telangana,Bhadradri Kothagudem,Dammapet APMC,Paddy(Common),1001,FAQ,2026-09-20,2400.0,2500.0,2500.0
Andhra Pradesh,Prakasam,Kondapi APMC,Bengal Gram(Gram)(Whole),Average (Whole),Local,2026-09-20,5400.0,5800.0,5600.0
Andhra Pradesh,Ananthapuramu,Urvakonda APMC,Groundnut,Local,Local,2026-09-20,7000.0,8200.0,7500.0
Uttar Pradesh,Kanpur,Kanpur(Grain) APMC,Tomato,Other,FAQ,2026-09-20,2100.0,2100.0,2100.0
Uttar Pradesh,Lakhimpur,Lakhimpur APMC,Turmeric,Other,FAQ,2026-09-20,10050.0,10050.0,10050.0
Uttar Pradesh,Varanasi,Varanasi APMC,Onion,Other,FAQ,2026-09-20,3500.0,3500.0,3500.0
West Bengal,Bankura,Bankura Sadar APMC,Onion,Nasik,FAQ,2026-09-20,4800.0,5250.0,5050.0
West Bengal,Bankura,Bankura Sadar APMC,Potato,Jyoti,FAQ,2026-09-20,645.0,685.0,665.0
Maharashtra,Pune,Pune(Moshi),Spinach,Other,Local,2026-09-20,8.0,10.0,9.0
Maharashtra,Pune,Pune(Moshi),Mint(Pudina),Other,Local,2026-09-20,6.0,8.0,7.0
Maharashtra,Pune,Pune(Moshi),Drumstick,Other,Local,2026-09-20,3000.0,4000.0,3500.0
Maharashtra,Pune,Pune(Moshi),Ridgeguard(Tori),Other,Local,2026-09-20,2000.0,4000.0,3000.0
Maharashtra,Pune,Pune(Moshi),Tomato,Local,Local,2026-09-20,1000.0,1500.0,1250.0
Maharashtra,Nagpur,APMC Kalmeshwar,Tomato,Other,Local,2026-09-20,1300.0,2000.0,1500.0
Tamil Nadu,Erode,Thalavadi(Uzhavar Sandhai ),Potato,Red Nanital,Local,2026-09-20,3500.0,4000.0,3750.0
Tamil Nadu,Erode,Thalavadi(Uzhavar Sandhai ),Brinjal,Round,Local,2026-09-20,2800.0,3200.0,3000.0
Tamil Nadu,Erode,Thalavadi(Uzhavar Sandhai ),Coriander(Leaves),I Sort,Local,2026-09-20,4000.0,4400.0,4200.0
Tamil Nadu,Erode,Thalavadi(Uzhavar Sandhai ),Papaya,Papaya,Local,2026-09-20,2000.0,2400.0,2200.0
Tamil Nadu,Erode,Thalavadi(Uzhavar Sandhai ),Ashgourd,Gouard,Local,2026-09-20,1400.0,1800.0,1600.0
Tamil Nadu,Erode,Thalavadi(Uzhavar Sandhai ),Bhindi(Ladies Finger),Bhindi,Local,2026-09-20,2400.0,2800.0,2600.0
Tamil Nadu,Erode,Thalavadi(Uzhavar Sandhai ),Banana - Green,Banana - Green,Local,2026-09-20,3000.0,3500.0,3250.0
Tamil Nadu,Erode,Thalavadi(Uzhavar Sandhai ),Cabbage,Cabbage,Local,2026-09-20,1400.0,1800.0,1600.0
Tamil Nadu,Erode,Thalavadi(Uzhavar Sandhai ),Chow Chow,Chow Chow,Local,2026-09-20,2400.0,3000.0,2700.0
Tamil Nadu,Erode,Thalavadi(Uzhavar Sandhai ),Drumstick,Drumstick,Local,2026-09-20,4000.0,4400.0,4200.0
Tamil Nadu,Cuddalore,Viruthachalam(Uzhavar Sandhai ),Potato,Red Nanital,Local,2026-09-20,4000.0,4000.0,4000.0
Tamil Nadu,Cuddalore,Viruthachalam(Uzhavar Sandhai ),Brinjal,Round,Local,2026-09-20,4000.0,5000.0,4500.0
Tamil Nadu,Cuddalore,Viruthachalam(Uzhavar Sandhai ),Cluster beans,Cluster Beans,Local,2026-09-20,4000.0,4000.0,4000.0
Tamil Nadu,Cuddalore,Viruthachalam(Uzhavar Sandhai ),Bitter gourd,Bitter Gourd,Local,2026-09-20,5000.0,5000.0,5000.0
Tamil Nadu,Cuddalore,Viruthachalam(Uzhavar Sandhai ),Ashgourd,Gouard,Local,2026-09-20,2000.0,2000.0,2000.0
Tamil Nadu,Cuddalore,Viruthachalam(Uzhavar Sandhai ),Bhindi(Ladies Finger),Bhindi,Local,2026-09-20,2000.0,2000.0,2000.0
Tamil Nadu,Cuddalore,Viruthachalam(Uzhavar Sandhai ),Amaranthus,Amaranthus,Local,2026-09-20,2000.0,2500.0,2250.0
Tamil Nadu,Cuddalore,Viruthachalam(Uzhavar Sandhai ),Coconut,Coconut,Local,2026-09-20,6000.0,6000.0,6000.0
Tamil Nadu,Cuddalore,Viruthachalam(Uzhavar Sandhai ),Carrot,Pusakesar,Local,2026-09-20,6000.0,6000.0,6000.0
Tamil Nadu,Cuddalore,Viruthachalam(Uzhavar Sandhai ),Raddish,Raddish,Local,2026-09-20,3000.0,3000.0,3000.0
Tamil Nadu,Cuddalore,Viruthachalam(Uzhavar Sandhai ),Chow Chow,Chow Chow,Local,2026-09-20,4000.0,4000.0,4000.0
Tamil Nadu,Cuddalore,Viruthachalam(Uzhavar Sandhai ),Lemon,Lemon,Local,2026-09-20,15000.0,15000.0,15000.0
Tamil Nadu,Cuddalore,Viruthachalam(Uzhavar Sandhai ),Mint(Pudina),Mint(Pudina),Local,2026-09-20,5000.0,5000.0,5000.0
Maharashtra,Sangli,APMC Vita,Green Chilli,Other,Local,2026-09-20,3000.0,3500.0,3200.0
Maharashtra,Satara,APMC Satara,Ginger(Green),Other,Local,2026-09-20,5000.0,12000.0,8500.0
Maharashtra,Satara,APMC Satara,Cucumbar(Kheera),Other,Local,2026-09-20,1000.0,1500.0,1250.0
Tamil Nadu,Krishnagiri,Krishnagiri(Uzhavar Sandhai ),Cauliflower,Ranchi,Local,2026-09-20,3000.0,3500.0,3250.0
Tamil Nadu,Krishnagiri,Krishnagiri(Uzhavar Sandhai ),Brinjal,Round,Local,2026-09-20,1600.0,2000.0,1800.0
Tamil Nadu,Krishnagiri,Krishnagiri(Uzhavar Sandhai ),Cluster beans,Cluster Beans,Local,2026-09-20,2600.0,3000.0,2800.0
Tamil Nadu,Krishnagiri,Krishnagiri(Uzhavar Sandhai ),Banana - Green,Banana - Green,Local,2026-09-20,2600.0,3000.0,2800.0
Tamil Nadu,Krishnagiri,Krishnagiri(Uzhavar Sandhai ),Tapioca,Tapioca,Local,2026-09-20,2400.0,2800.0,2600.0
Tamil Nadu,Krishnagiri,Krishnagiri(Uzhavar Sandhai ),Sweet Potato,Hosur Red,Local,2026-09-20,2400.0,2800.0,2600.0
Tamil Nadu,Krishnagiri,Krishnagiri(Uzhavar Sandhai ),Lemon,Lemon,Local,2026-09-20,22000.0,24000.0,23000.0
Tamil Nadu,Krishnagiri,Krishnagiri(Uzhavar Sandhai ),Sweet Corn,Sweet Corn,Local,2026-09-20,2500.0,3000.0,2750.0
Tamil Nadu,Nagapattinam,Nagapattinam(Uzhavar Sandhai ),Onion,Bellary,Local,2026-09-20,3900.0,5000.0,4450.0
Tamil Nadu,Nagapattinam,Nagapattinam(Uzhavar Sandhai ),Potato,Red Nanital,Local,2026-09-20,4300.0,4300.0,4300.0
Tamil Nadu,Nagapattinam,Nagapattinam(Uzhavar Sandhai ),Papaya,Papaya,Local,2026-09-20,3900.0,3900.0,3900.0
Tamil Nadu,Nagapattinam,Nagapattinam(Uzhavar Sandhai ),Ashgourd,Gouard,Local,2026-09-20,2800.0,2800.0,2800.0
Tamil Nadu,Nagapattinam,Nagapattinam(Uzhavar Sandhai ),Banana - Green,Banana - Green,Local,2026-09-20,2800.0,3300.0,3050.0
Tamil Nadu,Nagapattinam,Nagapattinam(Uzhavar Sandhai ),Beans,Beans (Whole),Local,2026-09-20,9800.0,9800.0,9800.0
Tamil Nadu,Nagapattinam,Nagapattinam(Uzhavar Sandhai ),Onion Green,Onion Green,Local,2026-09-20,7000.0,8000.0,7500.0
Tamil Nadu,Nagapattinam,Nagapattinam(Uzhavar Sandhai ),Mint(Pudina),Mint(Pudina),Local,2026-09-20,3300.0,3300.0,3300.0
Uttar Pradesh,Ghazipur,Saidpur APMC,Wood,Eucalyptus,FAQ,2026-09-20,400.0,400.0,400.0
Uttar Pradesh,Ghazipur,Saidpur APMC,Rice,Common,FAQ,2026-09-20,3500.0,3500.0,3500.0
Uttar Pradesh,Sitapur,Sidhauli APMC,Wood,Eucalyptus,FAQ,2026-09-20,700.0,700.0,700.0
Tamil Nadu,Tenkasi,Sankarankoil(Uzhavar Sandhai ),Banana,Besrai,Local,2026-09-20,5000.0,5000.0,5000.0
Tamil Nadu,Tenkasi,Sankarankoil(Uzhavar Sandhai ),Onion,Bellary,Local,2026-09-20,5500.0,6500.0,6000.0
Tamil Nadu,Tenkasi,Sankarankoil(Uzhavar Sandhai ),Brinjal,Other,Local,2026-09-20,2500.0,3000.0,2750.0
Tamil Nadu,Tenkasi,Sankarankoil(Uzhavar Sandhai ),Beans,Beans (Whole),Local,2026-09-20,13000.0,13000.0,13000.0
Tamil Nadu,Tenkasi,Sankarankoil(Uzhavar Sandhai ),Tapioca,Tapioca,Local,2026-09-20,3500.0,4000.0,3750.0
Tamil Nadu,Tenkasi,Sankarankoil(Uzhavar Sandhai ),Raddish,Raddish,Local,2026-09-20,4000.0,4000.0,4000.0
Tamil Nadu,Tenkasi,Sankarankoil(Uzhavar Sandhai ),Thondekai,Thondekai,Local,2026-09-20,6000.0,6000.0,6000.0
Tamil Nadu,Tenkasi,Sankarankoil(Uzhavar Sandhai ),Guava,Guava Allahabad,Local,2026-09-20,5000.0,5000.0,5000.0
Tamil Nadu,Tenkasi,Tenkasi(Uzhavar Sandhai ),Coriander(Leaves),I Sort,Local,2026-09-20,3000.0,3000.0,3000.0
Tamil Nadu,Tenkasi,Tenkasi(Uzhavar Sandhai ),Bitter gourd,Other,Local,2026-09-20,5000.0,6000.0,5500.0
Tamil Nadu,Tenkasi,Tenkasi(Uzhavar Sandhai ),Bottle gourd,Bottle Gourd,Local,2026-09-20,1500.0,2000.0,1750.0
Tamil Nadu,Tenkasi,Tenkasi(Uzhavar Sandhai ),Ashgourd,Gouard,Local,2026-09-20,1200.0,1200.0,1200.0
Tamil Nadu,Tenkasi,Tenkasi(Uzhavar Sandhai ),Pumpkin,Pumpkin,Local,2026-09-20,1200.0,1200.0,1200.0
Tamil Nadu,Tenkasi,Tenkasi(Uzhavar Sandhai ),Amaranthus,Amaranthus,Local,2026-09-20,1500.0,2000.0,1750.0
Tamil Nadu,Tenkasi,Tenkasi(Uzhavar Sandhai ),Beetroot,Beetroot,Local,2026-09-20,4000.0,4000.0,4000.0
Tamil Nadu,Tenkasi,Tenkasi(Uzhavar Sandhai ),Raddish,Raddish,Local,2026-09-20,3000.0,3000.0,3000.0
Tamil Nadu,Tenkasi,Tenkasi(Uzhavar Sandhai ),Lemon,Lemon,Local,2026-09-20,15000.0,15000.0,15000.0
Tamil Nadu,Tenkasi,Tenkasi(Uzhavar Sandhai ),Mashrooms,Mashrooms,Local,2026-09-20,21000.0,21000.0,21000.0
Tamil Nadu,Tenkasi,Tenkasi(Uzhavar Sandhai ),Amla(Nelli Kai),Amla,Local,2026-09-20,6000.0,6000.0,6000.0
Tamil Nadu,Tenkasi,Tenkasi(Uzhavar Sandhai ),Onion Green,Onion Green,Local,2026-09-20,6000.0,7000.0,6500.0
Tamil Nadu,Pudukkottai,Pudukottai(Uzhavar Sandhai ),Banana,Red Banana,Local,2026-09-20,8000.0,9000.0,8500.0
Tamil Nadu,Pudukkottai,Pudukottai(Uzhavar Sandhai ),Onion,Bellary,Local,2026-09-20,7000.0,8000.0,7500.0
Tamil Nadu,Pudukkottai,Pudukottai(Uzhavar Sandhai ),Bottle gourd,Bottle Gourd,Local,2026-09-20,2000.0,2500.0,2250.0
Tamil Nadu,Pudukkottai,Pudukottai(Uzhavar Sandhai ),Beans,Beans (Whole),Local,2026-09-20,7000.0,8000.0,7500.0
Tamil Nadu,Pudukkottai,Pudukottai(Uzhavar Sandhai ),Ginger(Green),Green Ginger,Local,2026-09-20,18000.0,20000.0,19000.0
Tamil Nadu,Pudukkottai,Pudukottai(Uzhavar Sandhai ),Carrot,Pusakesar,Local,2026-09-20,5000.0,6000.0,5500.0
Tamil Nadu,Pudukkottai,Pudukottai(Uzhavar Sandhai ),Snakeguard,Snakeguard,Local,2026-09-20,3000.0,4000.0,3500.0
Tamil Nadu,Pudukkottai,Pudukottai(Uzhavar Sandhai ),Ridgeguard(Tori),Ridgeguard(Tori),Local,2026-09-20,6000.0,7000.0,6500.0
Tamil Nadu,Pudukkottai,Pudukottai(Uzhavar Sandhai ),Thondekai,Thondekai,Local,2026-09-20,5000.0,6000.0,5500.0
Tamil Nadu,Pudukkottai,Pudukottai(Uzhavar Sandhai ),Drumstick,Drumstick,Local,2026-09-20,5000.0,6000.0,5500.0
Tamil Nadu,Pudukkottai,Pudukottai(Uzhavar Sandhai ),Colacasia,Colacasia,Local,2026-09-20,5000.0,6000.0,5500.0
Tamil Nadu,Pudukkottai,Pudukottai(Uzhavar Sandhai ),Mint(Pudina),Mint(Pudina),Local,2026-09-20,4000.0,5000.0,4500.0
Tamil Nadu,Thanjavur,Kumbakonam (Uzhavar Sandhai ),Potato,Red Nanital,Local,2026-09-20,3000.0,3600.0,3300.0
Tamil Nadu,Thanjavur,Kumbakonam (Uzhavar Sandhai ),Garlic,Garlic,Local,2026-09-20,20000.0,20000.0,20000.0
Tamil Nadu,Thanjavur,Kumbakonam (Uzhavar Sandhai ),Bottle gourd,Bottle Gourd,Local,2026-09-20,2400.0,2400.0,2400.0
Tamil Nadu,Thanjavur,Kumbakonam (Uzhavar Sandhai ),Banana - Green,Banana - Green,Local,2026-09-20,4800.0,4800.0,4800.0
Tamil Nadu,Thanjavur,Kumbakonam (Uzhavar Sandhai ),Ginger(Green),Green Ginger,Local,2026-09-20,9600.0,21600.0,15600.0
Tamil Nadu,Thanjavur,Kumbakonam (Uzhavar Sandhai ),Coconut,Coconut,Local,2026-09-20,6000.0,6000.0,6000.0
Tamil Nadu,Thanjavur,Kumbakonam (Uzhavar Sandhai ),Snakeguard,Snakeguard,Local,2026-09-20,4800.0,4800.0,4800.0
Tamil Nadu,Thanjavur,Kumbakonam (Uzhavar Sandhai ),Beetroot,Beetroot,Local,2026-09-20,4800.0,4800.0,4800.0
Tamil Nadu,Thanjavur,Kumbakonam (Uzhavar Sandhai ),Raddish,Raddish,Local,2026-09-20,3600.0,3600.0,3600.0
Tamil Nadu,Thanjavur,Kumbakonam (Uzhavar Sandhai ),Green Avare(W),Green Avare (W),Local,2026-09-20,8400.0,10800.0,9600.0
Tamil Nadu,Thanjavur,Kumbakonam (Uzhavar Sandhai ),Colacasia,Colacasia,Local,2026-09-20,6000.0,6000.0,6000.0
Tamil Nadu,Thanjavur,Kumbakonam (Uzhavar Sandhai ),Mashrooms,Mashrooms,Local,2026-09-20,30000.0,30000.0,30000.0
Tamil Nadu,Thanjavur,Kumbakonam (Uzhavar Sandhai ),Amla(Nelli Kai),Amla,Local,2026-09-20,8000.0,8000.0,8000.0
Tamil Nadu,The Nilgiris,Udhagamandalam(Uzhavar Sandhai ),Orange,Darjeeling,Local,2026-09-20,10000.0,11000.0,10500.0
Tamil Nadu,The Nilgiris,Udhagamandalam(Uzhavar Sandhai ),Pineapple,Pine Apple,Local,2026-09-20,8000.0,9000.0,8500.0
Tamil Nadu,The Nilgiris,Udhagamandalam(Uzhavar Sandhai ),Grapes,Annabesahai,Local,2026-09-20,9000.0,10000.0,9500.0
Tamil Nadu,The Nilgiris,Udhagamandalam(Uzhavar Sandhai ),Potato,Red Nanital,Local,2026-09-20,5000.0,5200.0,5100.0
Tamil Nadu,The Nilgiris,Udhagamandalam(Uzhavar Sandhai ),Green Peas,Green Peas,Local,2026-09-20,11000.0,12000.0,11500.0
Tamil Nadu,The Nilgiris,Udhagamandalam(Uzhavar Sandhai ),Bitter gourd,Bitter Gourd,Local,2026-09-20,4500.0,5000.0,4750.0
Tamil Nadu,The Nilgiris,Udhagamandalam(Uzhavar Sandhai ),Bottle gourd,Bottle Gourd,Local,2026-09-20,2500.0,3000.0,2750.0
Tamil Nadu,The Nilgiris,Udhagamandalam(Uzhavar Sandhai ),Amaranthus,Amaranthus,Local,2026-09-20,6000.0,7000.0,6500.0
Tamil Nadu,The Nilgiris,Udhagamandalam(Uzhavar Sandhai ),Beans,Beans (Whole),Local,2026-09-20,7000.0,8000.0,7500.0
Tamil Nadu,The Nilgiris,Udhagamandalam(Uzhavar Sandhai ),Tapioca,Tapioca,Local,2026-09-20,3000.0,3500.0,3250.0
Tamil Nadu,The Nilgiris,Udhagamandalam(Uzhavar Sandhai ),Ginger(Green),Green Ginger,Local,2026-09-20,16000.0,17000.0,16500.0
Tamil Nadu,The Nilgiris,Udhagamandalam(Uzhavar Sandhai ),Sweet Potato,Hosur Red,Local,2026-09-20,4000.0,4500.0,4250.0
Tamil Nadu,The Nilgiris,Udhagamandalam(Uzhavar Sandhai ),Ridgeguard(Tori),Ridgeguard(Tori),Local,2026-09-20,4500.0,4800.0,4650.0
Tamil Nadu,The Nilgiris,Udhagamandalam(Uzhavar Sandhai ),Mango(Raw-Ripe),Mango - Raw-Ripe,Local,2026-09-20,9000.0,10000.0,9500.0
Tamil Nadu,The Nilgiris,Udhagamandalam(Uzhavar Sandhai ),Lime,Lime,Local,2026-09-20,11000.0,12000.0,11500.0
Tamil Nadu,The Nilgiris,Udhagamandalam(Uzhavar Sandhai ),Guava,Guava Allahabad,Local,2026-09-20,7000.0,8000.0,7500.0
Tamil Nadu,The Nilgiris,Udhagamandalam(Uzhavar Sandhai ),Turnip,Turnip,Local,2026-09-20,3500.0,4000.0,3750.0
Tamil Nadu,The Nilgiris,Udhagamandalam(Uzhavar Sandhai ),Onion Green,Onion Green,Local,2026-09-20,9000.0,9500.0,9250.0
Tamil Nadu,Theni,Andipatti(Uzhavar Sandhai ),Garlic,Garlic,Local,2026-09-20,23000.0,24000.0,23500.0
Tamil Nadu,Theni,Andipatti(Uzhavar Sandhai ),Coriander(Leaves),I Sort,Local,2026-09-20,3000.0,3000.0,3000.0
Tamil Nadu,Theni,Andipatti(Uzhavar Sandhai ),Carrot,Pusakesar,Local,2026-09-20,3200.0,3400.0,3300.0
Tamil Nadu,Theni,Andipatti(Uzhavar Sandhai ),Beetroot,Beetroot,Local,2026-09-20,3400.0,3600.0,3500.0
Tamil Nadu,Theni,Andipatti(Uzhavar Sandhai ),Drumstick,Drumstick,Local,2026-09-20,4000.0,4400.0,4200.0
Tamil Nadu,Theni,Bodinayakanur(Uzhavar Sandhai ),Pumpkin,Pumpkin,Local,2026-09-20,1500.0,1500.0,1500.0
Tamil Nadu,Theni,Bodinayakanur(Uzhavar Sandhai ),Tapioca,Tapioca,Local,2026-09-20,3500.0,3500.0,3500.0
Tamil Nadu,Theni,Bodinayakanur(Uzhavar Sandhai ),Coconut,Coconut,Local,2026-09-20,5800.0,5800.0,5800.0
Tamil Nadu,Theni,Bodinayakanur(Uzhavar Sandhai ),Snakeguard,Snakeguard,Local,2026-09-20,3800.0,3800.0,3800.0
Tamil Nadu,Theni,Bodinayakanur(Uzhavar Sandhai ),Knool Khol,Knool Khol,Local,2026-09-20,3600.0,3600.0,3600.0
Bihar,Bhagalpur,Bihpur APMC,Brinjal,Other,Medium,2026-09-20,4200.0,4200.0,4200.0
Bihar,Bhagalpur,Bihpur APMC,Pointed gourd(Parval),Other,Medium,2026-09-20,4000.0,4000.0,4000.0
Tamil Nadu,Thiruvarur,Needamangalam(Uzhavar Sandhai ),Coriander(Leaves),I Sort,Local,2026-09-20,4000.0,4000.0,4000.0
Tamil Nadu,Thiruvarur,Needamangalam(Uzhavar Sandhai ),Tomato,Deshi,Local,2026-09-20,2800.0,2800.0,2800.0
Tamil Nadu,Thiruvarur,Needamangalam(Uzhavar Sandhai ),Bitter gourd,Bitter Gourd,Local,2026-09-20,4600.0,4600.0,4600.0
Tamil Nadu,Thiruvarur,Needamangalam(Uzhavar Sandhai ),Onion Green,Onion Green,Local,2026-09-20,10800.0,10800.0,10800.0
Tamil Nadu,Thiruvarur,Needamangalam(Uzhavar Sandhai ),Mint(Pudina),Mint(Pudina),Local,2026-09-20,6500.0,6500.0,6500.0
Tamil Nadu,Thiruvarur,Tiruvarur(Uzhavar Sandhai ),Bottle gourd,Bottle Gourd,Local,2026-09-20,3000.0,3000.0,3000.0
Tamil Nadu,Thiruvarur,Tiruvarur(Uzhavar Sandhai ),Amaranthus,Amaranthus,Local,2026-09-20,2000.0,2000.0,2000.0
Tamil Nadu,Thiruvarur,Tiruvarur(Uzhavar Sandhai ),Coconut,Coconut,Local,2026-09-20,5000.0,5000.0,5000.0
Tamil Nadu,Thiruvarur,Tiruvarur(Uzhavar Sandhai ),Snakeguard,Snakeguard,Local,2026-09-20,3000.0,3000.0,3000.0
Tamil Nadu,Thiruvarur,Tiruvarur(Uzhavar Sandhai ),Raddish,Raddish,Local,2026-09-20,3600.0,3600.0,3600.0
Bihar,Sheikhpura,Barbigha APMC,Cucumbar(Kheera),Cucumbar,FAQ,2026-09-20,3900.0,4025.0,3960.0
NCT of Delhi,Delhi,"Fish,Poultry & Egg Market, Gazipur APMC",Fish,Singhra(Big),Local,2026-09-20,30000.0,40000.0,35000.0
NCT of Delhi,Delhi,"Fish,Poultry & Egg Market, Gazipur APMC",Hen,Boiler/Firm(White),Local,2026-09-20,3000.0,3600.0,3300.0
Tamil Nadu,Virudhunagar,Aruppukottai(Uzhavar Sandhai ),Onion,Bellary,Local,2026-09-20,6500.0,7000.0,6750.0
Tamil Nadu,Virudhunagar,Aruppukottai(Uzhavar Sandhai ),Potato,Red Nanital,Local,2026-09-20,3000.0,3500.0,3250.0
Tamil Nadu,Virudhunagar,Aruppukottai(Uzhavar Sandhai ),Brinjal,Round,Local,2026-09-20,3500.0,4000.0,3750.0
Tamil Nadu,Virudhunagar,Aruppukottai(Uzhavar Sandhai ),Chikoos(Sapota),Sapota,Local,2026-09-20,3500.0,4000.0,3750.0
Tamil Nadu,Virudhunagar,Aruppukottai(Uzhavar Sandhai ),Papaya,Papaya,Local,2026-09-20,3000.0,3500.0,3250.0
Tamil Nadu,Virudhunagar,Aruppukottai(Uzhavar Sandhai ),Pumpkin,Pumpkin,Local,2026-09-20,1500.0,2000.0,1750.0
Tamil Nadu,Virudhunagar,Aruppukottai(Uzhavar Sandhai ),Ginger(Green),Green Ginger,Local,2026-09-20,19000.0,20000.0,19500.0
Tamil Nadu,Virudhunagar,Aruppukottai(Uzhavar Sandhai ),Green Avare(W),Green Avare (W),Local,2026-09-20,11000.0,12000.0,11500.0
Tamil Nadu,Virudhunagar,Aruppukottai(Uzhavar Sandhai ),Tender Coconut,Tender Coconut,Local,2026-09-20,4500.0,5000.0,4750.0
Tamil Nadu,Virudhunagar,Aruppukottai(Uzhavar Sandhai ),Lemon,Lemon,Local,2026-09-20,21000.0,22000.0,21500.0
Tamil Nadu,Virudhunagar,Aruppukottai(Uzhavar Sandhai ),Colacasia,Colacasia,Local,2026-09-20,6500.0,7000.0,6750.0
Tamil Nadu,Villupuram,Gingee(Uzhavar Sandhai ),Banana,Karpura,Local,2026-09-20,5000.0,6000.0,5500.0
Tamil Nadu,Villupuram,Gingee(Uzhavar Sandhai ),Brinjal,Round,Local,2026-09-20,4000.0,5000.0,4500.0
Tamil Nadu,Villupuram,Gingee(Uzhavar Sandhai ),Tomato,Deshi,Local,2026-09-20,2500.0,2500.0,2500.0
Tamil Nadu,Villupuram,Gingee(Uzhavar Sandhai ),Cluster beans,Cluster Beans,Local,2026-09-20,3500.0,3500.0,3500.0
Tamil Nadu,Villupuram,Gingee(Uzhavar Sandhai ),Pumpkin,Pumpkin,Local,2026-09-20,2000.0,2000.0,2000.0
Tamil Nadu,Villupuram,Gingee(Uzhavar Sandhai ),Banana - Green,Banana - Green,Local,2026-09-20,4000.0,4000.0,4000.0
Tamil Nadu,Villupuram,Gingee(Uzhavar Sandhai ),Cabbage,Cabbage,Local,2026-09-20,4000.0,4000.0,4000.0
Tamil Nadu,Villupuram,Gingee(Uzhavar Sandhai ),Beetroot,Beetroot,Local,2026-09-20,5000.0,5000.0,5000.0
Tamil Nadu,Villupuram,Gingee(Uzhavar Sandhai ),Cucumbar(Kheera),Cucumbar,Local,2026-09-20,4500.0,4500.0,4500.0
Tamil Nadu,Villupuram,Gingee(Uzhavar Sandhai ),Knool Khol,Knool Khol,Local,2026-09-20,4000.0,4000.0,4000.0
Tamil Nadu,Villupuram,Gingee(Uzhavar Sandhai ),Lemon,Lemon,Local,2026-09-20,15000.0,15000.0,15000.0
Uttar Pradesh,Bareilly,Bareilly APMC,Potato,Other,FAQ,2026-09-20,500.0,500.0,500.0
Uttar Pradesh,Unnao,Bangarmau APMC,Wheat,Dara,FAQ,2026-09-20,2550.0,2600.0,2558.33
Uttar Pradesh,Barabanki,Barabanki APMC,Mentha Oil,Other,FAQ,2026-09-20,130500.0,130500.0,130500.0
Uttar Pradesh,Basti,Basti APMC,Wheat,Dara,FAQ,2026-09-20,2455.0,2570.0,2534.74
Tamil Nadu,Thiruvarur,Valangaiman APMC,Brinjal,Round,Local,2026-09-20,4000.0,4000.0,4000.0
Tamil Nadu,Thiruvarur,Valangaiman APMC,Cluster beans,Cluster Beans,Local,2026-09-20,4000.0,4000.0,4000.0
Tamil Nadu,Thiruvarur,Valangaiman APMC,Bottle gourd,Bottle Gourd,Local,2026-09-20,3000.0,3000.0,3000.0
Tamil Nadu,Thiruvarur,Valangaiman APMC,Pumpkin,Pumpkin,Local,2026-09-20,2400.0,2400.0,2400.0
Tamil Nadu,Thiruvarur,Valangaiman APMC,Coconut,Coconut,Local,2026-09-20,5000.0,5000.0,5000.0
Tamil Nadu,Thiruvarur,Valangaiman APMC,Mango(Raw-Ripe),Mango - Raw-Ripe,Local,2026-09-20,10000.0,10000.0,10000.0
Tamil Nadu,Virudhunagar,Kariyapatti(Uzhavar Sandhai ),Tomato,Deshi,Local,2026-09-20,2000.0,2500.0,2250.0
Tamil Nadu,Virudhunagar,Kariyapatti(Uzhavar Sandhai ),Bhindi(Ladies Finger),Bhindi,Local,2026-09-20,3500.0,4000.0,3750.0
Tamil Nadu,Virudhunagar,Kariyapatti(Uzhavar Sandhai ),Amaranthus,Amaranthus,Local,2026-09-20,3000.0,3500.0,3250.0
Tamil Nadu,Virudhunagar,Kariyapatti(Uzhavar Sandhai ),Beans,Beans (Whole),Local,2026-09-20,9000.0,10000.0,9500.0
Tamil Nadu,Virudhunagar,Kariyapatti(Uzhavar Sandhai ),Ginger(Green),Green Ginger,Local,2026-09-20,19000.0,20000.0,19500.0
Tamil Nadu,Virudhunagar,Kariyapatti(Uzhavar Sandhai ),Carrot,Pusakesar,Local,2026-09-20,5500.0,6000.0,5750.0
Tamil Nadu,Virudhunagar,Kariyapatti(Uzhavar Sandhai ),Snakeguard,Snakeguard,Local,2026-09-20,3500.0,4000.0,3750.0
Tamil Nadu,Virudhunagar,Kariyapatti(Uzhavar Sandhai ),Beetroot,Beetroot,Local,2026-09-20,4500.0,5000.0,4750.0
Tamil Nadu,Virudhunagar,Kariyapatti(Uzhavar Sandhai ),Ridgeguard(Tori),Ridgeguard(Tori),Local,2026-09-20,4500.0,5000.0,4750.0
Tamil Nadu,Virudhunagar,Kariyapatti(Uzhavar Sandhai ),Green Avare(W),Green Avare (W),Local,2026-09-20,11000.0,12000.0,11500.0
Tamil Nadu,Virudhunagar,Kariyapatti(Uzhavar Sandhai ),Lime,Lime,Local,2026-09-20,15000.0,16000.0,15500.0
Tamil Nadu,Virudhunagar,Kariyapatti(Uzhavar Sandhai ),Guava,Guava Allahabad,Local,2026-09-20,4500.0,5000.0,4750.0
Uttar Pradesh,Bulandshahar,Buland Shahr APMC,Onion,Other,FAQ,2026-09-20,2800.0,2800.0,2800.0
Tamil Nadu,Thiruvellore,Tiruvallur(Uzhavar Sandhai ),Bitter gourd,Bitter Gourd,Local,2026-09-20,4000.0,4000.0,4000.0
Tamil Nadu,Thiruvellore,Tiruvallur(Uzhavar Sandhai ),Bhindi(Ladies Finger),Bhindi,Local,2026-09-20,3000.0,3000.0,3000.0
Tamil Nadu,Thiruvellore,Tiruvallur(Uzhavar Sandhai ),Amaranthus,Amaranthus,Local,2026-09-20,3000.0,3000.0,3000.0
Tamil Nadu,Thiruvellore,Tiruvallur(Uzhavar Sandhai ),Snakeguard,Snakeguard,Local,2026-09-20,4000.0,4000.0,4000.0
Tamil Nadu,Thiruvellore,Tiruvallur(Uzhavar Sandhai ),Ridgeguard(Tori),Ridgeguard(Tori),Local,2026-09-20,4000.0,4000.0,4000.0
Madhya Pradesh,Dhar,Manawar(F&V) APMC,Onion,Onion,Grade B,2026-09-20,3000.0,3600.0,3444.0
Madhya Pradesh,Dhar,Manawar(F&V) APMC,Bhindi(Ladies Finger),Bhindi,Grade B,2026-09-20,1100.0,1400.0,1200.0
Tamil Nadu,Vellore,Katpadi (Uzhavar Sandhai ),Papaya,Papaya,Local,2026-09-20,4500.0,5000.0,4750.0
Tamil Nadu,Vellore,Katpadi (Uzhavar Sandhai ),Mousambi(Sweet Lime),Mousambi,Local,2026-09-20,8000.0,8000.0,8000.0
Tamil Nadu,Vellore,Katpadi (Uzhavar Sandhai ),Tomato,Deshi,Local,2026-09-20,2800.0,3000.0,2900.0
Tamil Nadu,Vellore,Katpadi (Uzhavar Sandhai ),Bitter gourd,Bitter Gourd,Local,2026-09-20,3000.0,4000.0,3500.0
Tamil Nadu,Vellore,Katpadi (Uzhavar Sandhai ),Pumpkin,Pumpkin,Local,2026-09-20,2500.0,2500.0,2500.0
Tamil Nadu,Vellore,Katpadi (Uzhavar Sandhai ),Carrot,Pusakesar,Local,2026-09-20,5000.0,6000.0,5500.0
Tamil Nadu,Vellore,Katpadi (Uzhavar Sandhai ),Beetroot,Beetroot,Local,2026-09-20,4500.0,4500.0,4500.0
Tamil Nadu,Vellore,Katpadi (Uzhavar Sandhai ),Cucumbar(Kheera),Cucumbar,Local,2026-09-20,3500.0,4000.0,3750.0
Tamil Nadu,Vellore,Katpadi (Uzhavar Sandhai ),Chow Chow,Chow Chow,Local,2026-09-20,3000.0,3000.0,3000.0
Tamil Nadu,Vellore,Katpadi (Uzhavar Sandhai ),Marigold(Calcutta),Marigold(Calcutta),Local,2026-09-20,20000.0,20000.0,20000.0
Tamil Nadu,Vellore,Katpadi (Uzhavar Sandhai ),Elephant Yam(Suran)/Amorphophallus,Elephant Yam (Suran),Local,2026-09-20,5500.0,5500.0,5500.0
Tamil Nadu,Vellore,Katpadi (Uzhavar Sandhai ),Colacasia,Colacasia,Local,2026-09-20,4000.0,4000.0,4000.0
Tamil Nadu,Vellore,Katpadi (Uzhavar Sandhai ),Mint(Pudina),Mint(Pudina),Local,2026-09-20,4500.0,4500.0,4500.0
Andhra Pradesh,Kakinada,Peddapuram APMC,Paddy(Common),1001,FAQ,2026-09-20,2369.0,2400.0,2390.0
Tamil Nadu,Madurai,Thirumangalam(Uzhavar Sandhai ),Amaranthus,Amaranthus,Local,2026-09-20,3000.0,3600.0,3300.0
Tamil Nadu,Madurai,Thirumangalam(Uzhavar Sandhai ),Drumstick,Drumstick,Local,2026-09-20,5000.0,6000.0,5500.0
Keralam,Pathanamthitta,Enadimangalam VFPCK Market,Banana,Nendra Bale,Grade A,2026-09-20,6000.0,6800.0,6500.0
Tamil Nadu,Madurai,Melur(Uzhavar Sandhai ),Brinjal,Round,Local,2026-09-20,3000.0,3600.0,3300.0
Tamil Nadu,Madurai,Melur(Uzhavar Sandhai ),Tomato,Deshi,Local,2026-09-20,2400.0,2800.0,2600.0
Tamil Nadu,Madurai,Melur(Uzhavar Sandhai ),Bitter gourd,Other,Local,2026-09-20,5000.0,5500.0,5250.0
Tamil Nadu,Madurai,Melur(Uzhavar Sandhai ),Bottle gourd,Bottle Gourd,Local,2026-09-20,1600.0,2000.0,1800.0
Tamil Nadu,Madurai,Melur(Uzhavar Sandhai ),Banana - Green,Banana - Green,Local,2026-09-20,1800.0,2200.0,2000.0
Tamil Nadu,Madurai,Melur(Uzhavar Sandhai ),Elephant Yam(Suran)/Amorphophallus,Elephant Yam (Suran),Local,2026-09-20,4000.0,4500.0,4250.0
Tamil Nadu,Madurai,Melur(Uzhavar Sandhai ),Lemon,Lemon,Local,2026-09-20,26000.0,28000.0,27000.0
Tamil Nadu,Karur,Gandhigramam(Uzhavar Sandhai),Brinjal,Other,Local,2026-09-20,3000.0,3500.0,3250.0
Tamil Nadu,Karur,Gandhigramam(Uzhavar Sandhai),Chikoos(Sapota),Sapota,Local,2026-09-20,5500.0,6000.0,5750.0
Tamil Nadu,Karur,Gandhigramam(Uzhavar Sandhai),Bottle gourd,Bottle Gourd,Local,2026-09-20,2000.0,2500.0,2250.0
Tamil Nadu,Karur,Gandhigramam(Uzhavar Sandhai),Pumpkin,Pumpkin,Local,2026-09-20,2200.0,2500.0,2350.0
Tamil Nadu,Karur,Gandhigramam(Uzhavar Sandhai),Cabbage,Cabbage,Local,2026-09-20,3500.0,4000.0,3750.0
Tamil Nadu,Karur,Gandhigramam(Uzhavar Sandhai),Snakeguard,Snakeguard,Local,2026-09-20,3000.0,3500.0,3250.0
Tamil Nadu,Karur,Gandhigramam(Uzhavar Sandhai),Ridgeguard(Tori),Ridgeguard(Tori),Local,2026-09-20,4000.0,4500.0,4250.0
Tamil Nadu,Karur,Gandhigramam(Uzhavar Sandhai),Mint(Pudina),Mint(Pudina),Local,2026-09-20,5500.0,6000.0,5750.0
Karnataka,Bengaluru South,Ramanagara APMC,Bitter gourd,Bitter Gourd,Local,2026-09-20,3000.0,4000.0,3600.0
Karnataka,Bengaluru South,Ramanagara APMC,Bottle gourd,Bottle Gourd,Local,2026-09-20,1500.0,2000.0,1800.0
Karnataka,Bengaluru South,Ramanagara APMC,Green Chilli,Green Chilly,Local,2026-09-20,3000.0,5000.0,4000.0
Karnataka,Bengaluru South,Ramanagara APMC,Ladies Finger,Ladies Finger,Local,2026-09-20,1600.0,3000.0,2400.0
Tamil Nadu,Salem,Vazhapadi(Uzhavar Sandhai),Groundnut,Big (With Shell),Local,2026-09-20,8000.0,8000.0,8000.0
Tamil Nadu,Salem,Vazhapadi(Uzhavar Sandhai),Pumpkin,Pumpkin,Local,2026-09-20,3000.0,3000.0,3000.0
Tamil Nadu,Salem,Vazhapadi(Uzhavar Sandhai),Drumstick,Drumstick,Local,2026-09-20,3500.0,3500.0,3500.0
Tamil Nadu,Pudukkottai,Aranthangi(Uzhavar Sandhai ),Potato,Other,Local,2026-09-20,5000.0,6000.0,5500.0
Tamil Nadu,Pudukkottai,Aranthangi(Uzhavar Sandhai ),Brinjal,Other,Local,2026-09-20,5000.0,6000.0,5500.0
Tamil Nadu,Pudukkottai,Aranthangi(Uzhavar Sandhai ),Tomato,Other,Local,2026-09-20,2500.0,3000.0,2750.0
Tamil Nadu,Pudukkottai,Aranthangi(Uzhavar Sandhai ),Bitter gourd,Other,Local,2026-09-20,6000.0,7000.0,6500.0
Tamil Nadu,Pudukkottai,Aranthangi(Uzhavar Sandhai ),Bhindi(Ladies Finger),Bhindi,Local,2026-09-20,2500.0,3000.0,2750.0
Tamil Nadu,Pudukkottai,Aranthangi(Uzhavar Sandhai ),Amaranthus,Amaranthus,Local,2026-09-20,1500.0,2000.0,1750.0
Tamil Nadu,Pudukkottai,Aranthangi(Uzhavar Sandhai ),Coconut,Coconut,Local,2026-09-20,3500.0,4000.0,3750.0
Tamil Nadu,Nagapattinam,Vedaranyam(Uzhavar Sandhai),Cluster beans,Cluster Beans,Local,2026-09-20,3400.0,3500.0,3450.0
Tamil Nadu,Nagapattinam,Vedaranyam(Uzhavar Sandhai),Bitter gourd,Bitter Gourd,Local,2026-09-20,5000.0,5500.0,5250.0
Tamil Nadu,Nagapattinam,Vedaranyam(Uzhavar Sandhai),Pumpkin,Pumpkin,Local,2026-09-20,2200.0,2400.0,2300.0
Tamil Nadu,Nagapattinam,Vedaranyam(Uzhavar Sandhai),Bhindi(Ladies Finger),Bhindi,Local,2026-09-20,4200.0,4500.0,4350.0
Tamil Nadu,Nagapattinam,Vedaranyam(Uzhavar Sandhai),Green Chilli,Green Chilly,Local,2026-09-20,3500.0,3800.0,3650.0
Tamil Nadu,Nagapattinam,Vedaranyam(Uzhavar Sandhai),Ginger(Green),Green Ginger,Local,2026-09-20,14500.0,15000.0,14750.0
Tamil Nadu,Nagapattinam,Vedaranyam(Uzhavar Sandhai),Cabbage,Cabbage,Local,2026-09-20,3200.0,3500.0,3350.0
Tamil Nadu,Vellore,Perampet(Uzhavar Sandhai),Green Chilli,Green Chilly,Local,2026-09-20,5000.0,6000.0,5500.0
Tamil Nadu,Vellore,Perampet(Uzhavar Sandhai),Beans,Beans (Whole),Local,2026-09-20,7000.0,7600.0,7300.0
Tamil Nadu,Vellore,Perampet(Uzhavar Sandhai),Ridgeguard(Tori),Ridgeguard(Tori),Local,2026-09-20,3000.0,3600.0,3300.0
Tamil Nadu,Vellore,Perampet(Uzhavar Sandhai),Raddish,Raddish,Local,2026-09-20,3000.0,3000.0,3000.0
Tamil Nadu,Vellore,Perampet(Uzhavar Sandhai),Green Avare(W),Green Avare (W),Local,2026-09-20,6000.0,6600.0,6300.0
Tamil Nadu,Vellore,Perampet(Uzhavar Sandhai),Chow Chow,Chow Chow,Local,2026-09-20,4000.0,4000.0,4000.0
Tamil Nadu,Vellore,Perampet(Uzhavar Sandhai),Elephant Yam(Suran)/Amorphophallus,Elephant Yam (Suran),Local,2026-09-20,4000.0,4600.0,4300.0
Madhya Pradesh,Badwani,Sendhwa(F&V) APMC,Bottle gourd,Bottle Gourd,Medium,2026-09-20,1000.0,1300.0,1100.0
Madhya Pradesh,Badwani,Sendhwa(F&V) APMC,Onion,Red,Medium,2026-09-20,1200.0,1700.0,1400.0
Madhya Pradesh,Badwani,Sendhwa(F&V) APMC,Bhindi(Ladies Finger),Bhindi,Local,2026-09-20,700.0,1000.0,800.0
Andhra Pradesh,Srikakulam,Etcherla APMC,Maize,Deshi White,Local,2026-09-20,2400.0,2400.0,2400.0
Andhra Pradesh,Srikakulam,Etcherla APMC,Paddy(Common),1121,FAQ,2026-09-20,2369.0,2369.0,2369.0
Tamil Nadu,Karur,Kulithalai(Uzhavar Sandhai ),Cauliflower,Ranchi,Local,2026-09-20,3500.0,4000.0,3750.0
Tamil Nadu,Karur,Kulithalai(Uzhavar Sandhai ),Coriander(Leaves),I Sort,Local,2026-09-20,2500.0,3000.0,2750.0
Tamil Nadu,Karur,Kulithalai(Uzhavar Sandhai ),Papaya,Papaya,Local,2026-09-20,2500.0,3000.0,2750.0
Tamil Nadu,Karur,Kulithalai(Uzhavar Sandhai ),Water Melon,Water Melon,Local,2026-09-20,2500.0,3000.0,2750.0
Tamil Nadu,Karur,Kulithalai(Uzhavar Sandhai ),Cluster beans,Cluster Beans,Local,2026-09-20,3200.0,3600.0,3400.0
Tamil Nadu,Karur,Kulithalai(Uzhavar Sandhai ),Ashgourd,Gouard,Local,2026-09-20,2500.0,3000.0,2750.0
Tamil Nadu,Karur,Kulithalai(Uzhavar Sandhai ),Cowpea(Veg),Cowpea (Veg),Local,2026-09-20,2500.0,3500.0,3000.0
Tamil Nadu,Karur,Kulithalai(Uzhavar Sandhai ),Ginger(Green),Green Ginger,Local,2026-09-20,18500.0,19000.0,18750.0
Tamil Nadu,Karur,Kulithalai(Uzhavar Sandhai ),Betal Leaves,Mysore,Local,2026-09-20,9000.0,10000.0,9500.0
Tamil Nadu,Karur,Kulithalai(Uzhavar Sandhai ),Raddish,Raddish,Local,2026-09-20,2800.0,3000.0,2900.0
Tamil Nadu,Karur,Kulithalai(Uzhavar Sandhai ),Onion Green,Onion Green,Local,2026-09-20,8500.0,9000.0,8750.0
Tamil Nadu,Karur,Kulithalai(Uzhavar Sandhai ),Sweet Corn,Sweet Corn,Local,2026-09-20,4500.0,5000.0,4750.0
Andhra Pradesh,East Godavari,Mandapeta APMC,Paddy(Common),1001,FAQ,2026-09-20,2369.0,2400.0,2389.0
Tamil Nadu,Chengalpattu,Guduvancheri(Uzhavar Sandhai ),Potato,Other,Local,2026-09-20,2500.0,3000.0,2750.0
Tamil Nadu,Chengalpattu,Guduvancheri(Uzhavar Sandhai ),Bhindi(Ladies Finger),Bhindi,Local,2026-09-20,3500.0,4000.0,3750.0
Tamil Nadu,Chengalpattu,Guduvancheri(Uzhavar Sandhai ),Cabbage,Cabbage,Local,2026-09-20,2200.0,2500.0,2350.0
Tamil Nadu,Chengalpattu,Guduvancheri(Uzhavar Sandhai ),Thondekai,Thondekai,Local,2026-09-20,5000.0,6000.0,5500.0
Tamil Nadu,Chengalpattu,Guduvancheri(Uzhavar Sandhai ),Guava,Guava Allahabad,Local,2026-09-20,5000.0,6000.0,5500.0
Tamil Nadu,Thirupur,Dharapuram(Uzhavar Sandhai ),Brinjal,Round,Local,2026-09-20,5000.0,5500.0,5250.0
Tamil Nadu,Thirupur,Dharapuram(Uzhavar Sandhai ),Papaya,Papaya,Local,2026-09-20,2500.0,3000.0,2750.0
Tamil Nadu,Thirupur,Dharapuram(Uzhavar Sandhai ),Cluster beans,Cluster Beans,Local,2026-09-20,4000.0,4500.0,4250.0
Tamil Nadu,Thirupur,Dharapuram(Uzhavar Sandhai ),Bitter gourd,Bitter Gourd,Local,2026-09-20,5500.0,6000.0,5750.0
Tamil Nadu,Thirupur,Dharapuram(Uzhavar Sandhai ),Bhindi(Ladies Finger),Bhindi,Local,2026-09-20,4800.0,5200.0,5000.0
Tamil Nadu,Thirupur,Dharapuram(Uzhavar Sandhai ),Cabbage,Cabbage,Local,2026-09-20,3000.0,3500.0,3250.0
Tamil Nadu,Thirupur,Dharapuram(Uzhavar Sandhai ),Raddish,Raddish,Local,2026-09-20,3000.0,3500.0,3250.0
Tamil Nadu,Thirupur,Palladam(Uzhavar Sandhai ),Papaya,Papaya,Local,2026-09-20,2500.0,3000.0,2750.0
Tamil Nadu,Thirupur,Palladam(Uzhavar Sandhai ),Pumpkin,Pumpkin,Local,2026-09-20,1500.0,2000.0,1750.0
Tamil Nadu,Thirupur,Palladam(Uzhavar Sandhai ),Green Chilli,Green Chilly,Local,2026-09-20,4000.0,5000.0,4500.0
Tamil Nadu,Thirupur,Palladam(Uzhavar Sandhai ),Banana - Green,Banana - Green,Local,2026-09-20,2500.0,3000.0,2750.0
Tamil Nadu,Thirupur,Palladam(Uzhavar Sandhai ),Ginger(Green),Green Ginger,Local,2026-09-20,15000.0,16000.0,15500.0
Tamil Nadu,Thirupur,Palladam(Uzhavar Sandhai ),Snakeguard,Snakeguard,Local,2026-09-20,3500.0,4000.0,3750.0
Tamil Nadu,Thirupur,Palladam(Uzhavar Sandhai ),Green Avare(W),Other,Local,2026-09-20,6000.0,7000.0,6500.0
Uttar Pradesh,Ghazipur,Jangipura APMC,Onion,Other,FAQ,2026-09-20,3500.0,3500.0,3500.0
Tamil Nadu,Kallakuruchi,Kallakurichi(Uzhavar Sandhai ),Onion,Bellary,Local,2026-09-20,7000.0,7000.0,7000.0
Tamil Nadu,Kallakuruchi,Kallakurichi(Uzhavar Sandhai ),Bhindi(Ladies Finger),Bhindi,Local,2026-09-20,3000.0,3000.0,3000.0
Tamil Nadu,Kallakuruchi,Kallakurichi(Uzhavar Sandhai ),Banana - Green,Banana - Green,Local,2026-09-20,3000.0,3000.0,3000.0
Tamil Nadu,Kallakuruchi,Kallakurichi(Uzhavar Sandhai ),Ginger(Green),Green Ginger,Local,2026-09-20,18000.0,18000.0,18000.0
Tamil Nadu,Kallakuruchi,Kallakurichi(Uzhavar Sandhai ),Onion Green,Onion Green,Local,2026-09-20,7000.0,7000.0,7000.0
Tamil Nadu,Kallakuruchi,Kallakurichi(Uzhavar Sandhai ),Mint(Pudina),Mint(Pudina),Local,2026-09-20,3000.0,3000.0,3000.0
Uttar Pradesh,Mahoba,Mahoba APMC,Gram Raw(Chholia),Other,FAQ,2026-09-20,5210.0,5230.0,5220.0
Uttar Pradesh,Mathura,Mathura APMC,Paddy(Common),Basmati,FAQ,2026-09-20,3000.0,3650.0,3342.3
Uttar Pradesh,Mathura,Mathura APMC,Cotton,Other,FAQ,2026-09-20,9900.0,9900.0,9900.0
Tamil Nadu,Thirupathur,Natrampalli(Uzhavar Sandhai ),Banana,Besrai,Local,2026-09-20,5000.0,6000.0,5500.0
Tamil Nadu,Thirupathur,Natrampalli(Uzhavar Sandhai ),Papaya,Papaya,Local,2026-09-20,2500.0,3000.0,2750.0
Tamil Nadu,Thirupathur,Natrampalli(Uzhavar Sandhai ),Tomato,Deshi,Local,2026-09-20,2000.0,3000.0,2500.0
Tamil Nadu,Thirupathur,Natrampalli(Uzhavar Sandhai ),Beans,Beans (Whole),Local,2026-09-20,7000.0,8000.0,7500.0
Tamil Nadu,Thirupathur,Natrampalli(Uzhavar Sandhai ),Coconut,Coconut,Local,2026-09-20,2500.0,3000.0,2750.0
Tamil Nadu,Thirupathur,Natrampalli(Uzhavar Sandhai ),Cucumbar(Kheera),Cucumbar,Local,2026-09-20,2500.0,3000.0,2750.0
Tamil Nadu,Thirupathur,Natrampalli(Uzhavar Sandhai ),Mint(Pudina),Mint(Pudina),Local,2026-09-20,4000.0,5000.0,4500.0
Uttar Pradesh,Muzaffarnagar,Muzzafarnagar APMC,Wood,Other,FAQ,2026-09-20,800.0,800.0,800.0
Uttar Pradesh,Sonbhadra,Dudhi APMC,Maize,Other,FAQ,2026-09-20,700.0,700.0,700.0
Telangana,Nagarkurnool,Kalwakurthy APMC,Cucumbar(Kheera),Cucumbar,Local,2026-09-20,900.0,900.0,900.0
Telangana,Nagarkurnool,Kalwakurthy APMC,Cluster beans,Cluster Beans,Local,2026-09-20,2000.0,2000.0,2000.0
Telangana,Nagarkurnool,Kalwakurthy APMC,French Beans(Frasbean),Other,Local,2026-09-20,6250.0,6250.0,6250.0
Andhra Pradesh,Dr.B.R.A.Konaseema,Razole APMC,Coconut,Medium,FAQ,2026-09-20,17500.0,18000.0,17500.0
Andhra Pradesh,Markapuram,Podili APMC,Red gram/Arhar/Tur(whole),Arhar (Whole),Non-FAQ,2026-09-20,8200.0,8400.0,8300.0
Uttar Pradesh,Lakhimpur,Paliakala APMC,Wheat,Dara,FAQ,2026-09-20,2400.0,2400.0,2400.0
Tamil Nadu,Salem,Athur(Uzhavar Sandhai ),Water Melon,Water Melon,Local,2026-09-20,1500.0,2000.0,1750.0
Tamil Nadu,Salem,Athur(Uzhavar Sandhai ),Ashgourd,Gouard,Local,2026-09-20,2000.0,2400.0,2200.0
Tamil Nadu,Salem,Athur(Uzhavar Sandhai ),Bhindi(Ladies Finger),Bhindi,Local,2026-09-20,2500.0,2800.0,2650.0
Tamil Nadu,Salem,Athur(Uzhavar Sandhai ),Banana - Green,Banana - Green,Local,2026-09-20,2000.0,2400.0,2200.0
Tamil Nadu,Salem,Athur(Uzhavar Sandhai ),Tapioca,Tapioca,Local,2026-09-20,2500.0,3000.0,2750.0
Tamil Nadu,Salem,Athur(Uzhavar Sandhai ),Carrot,Pusakesar,Local,2026-09-20,5000.0,5500.0,5250.0
Tamil Nadu,Salem,Athur(Uzhavar Sandhai ),Cucumbar(Kheera),Cucumbar,Local,2026-09-20,5000.0,6000.0,5500.0
Tamil Nadu,Salem,Athur(Uzhavar Sandhai ),Karbuja(Musk Melon),Karbhuja,Local,2026-09-20,3500.0,4000.0,3750.0
Tamil Nadu,Salem,Athur(Uzhavar Sandhai ),Mint(Pudina),Mint(Pudina),Local,2026-09-20,4500.0,5000.0,4750.0
Tamil Nadu,Salem,Athur(Uzhavar Sandhai ),Rose(Local),Rose (Local),Local,2026-09-20,16000.0,18000.0,17000.0
Tamil Nadu,Theni,Periyakulam(Uzhavar Sandhai ),Brinjal,Other,Local,2026-09-20,3400.0,3600.0,3500.0
Tamil Nadu,Theni,Periyakulam(Uzhavar Sandhai ),Cabbage,Cabbage,Local,2026-09-20,2600.0,2800.0,2700.0
Tamil Nadu,Theni,Periyakulam(Uzhavar Sandhai ),Drumstick,Drumstick,Local,2026-09-20,4000.0,4400.0,4200.0
Tamil Nadu,Theni,Periyakulam(Uzhavar Sandhai ),Knool Khol,Knool Khol,Local,2026-09-20,3200.0,3400.0,3300.0
Tamil Nadu,Virudhunagar,Srivilliputhur(Uzhavar Sandhai ),Ashgourd,Gouard,Local,2026-09-20,2500.0,3000.0,2750.0
Tamil Nadu,Virudhunagar,Srivilliputhur(Uzhavar Sandhai ),Amaranthus,Amaranthus,Local,2026-09-20,2500.0,3000.0,2750.0
Tamil Nadu,Virudhunagar,Srivilliputhur(Uzhavar Sandhai ),Coconut,Coconut,Local,2026-09-20,5000.0,6000.0,5500.0
Tamil Nadu,Virudhunagar,Srivilliputhur(Uzhavar Sandhai ),Cabbage,Cabbage,Local,2026-09-20,3000.0,3500.0,3250.0
Tamil Nadu,Virudhunagar,Srivilliputhur(Uzhavar Sandhai ),Beetroot,Beetroot,Local,2026-09-20,4500.0,5000.0,4750.0
Tamil Nadu,Virudhunagar,Srivilliputhur(Uzhavar Sandhai ),Raddish,Raddish,Local,2026-09-20,3000.0,3500.0,3250.0
Tamil Nadu,Virudhunagar,Srivilliputhur(Uzhavar Sandhai ),Thondekai,Thondekai,Local,2026-09-20,5000.0,6000.0,5500.0
Tamil Nadu,Virudhunagar,Srivilliputhur(Uzhavar Sandhai ),Colacasia,Colacasia,Local,2026-09-20,5000.0,6000.0,5500.0
Uttar Pradesh,Prayagraj,Prayagraj APMC,Ginger(Green),Other,FAQ,2026-09-20,6000.0,6000.0,6000.0
Uttar Pradesh,Raebarelli,Raibareilly APMC,Wheat,Other,FAQ,2026-09-20,2400.0,2400.0,2400.0
Uttar Pradesh,Badaun,Shahaswan APMC,Apple,Apple,Medium,2026-09-20,6500.0,7500.0,7000.0
Uttar Pradesh,Badaun,Shahaswan APMC,Banana - Green,Banana - Green,Medium,2026-09-20,1400.0,1600.0,1500.0
Uttar Pradesh,Barabanki,Safdarganj APMC,Rice,Common,FAQ,2026-09-20,2500.0,2500.0,2500.0
Uttar Pradesh,Barabanki,Safdarganj APMC,Mentha Oil,Other,FAQ,2026-09-20,129500.0,129500.0,129500.0
Odisha,Keonjhar,Anandapur APMC,Pumpkin,Pumpkin,Local,2026-09-20,1060.0,1060.0,1060.0
Uttar Pradesh,Amethi,Sultanpur APMC,Rice,Common,FAQ,2026-09-20,2500.0,2500.0,2500.0
Uttar Pradesh,Unnao,Unnao APMC,Wheat,Other,FAQ,2026-09-20,2585.0,2585.0,2585.0
Uttar Pradesh,Sambhal,Bhehjoi APMC,Paddy(Common),Other,FAQ,2026-09-20,2980.0,3820.0,3373.44
Odisha,Kalahandi,Mukhiguda APMC,Brinjal,Brinjal,Grade B,2026-09-20,2500.0,3500.0,3000.0
West Bengal,North 24 Parganas,Habra APMC,Bitter gourd,Other,FAQ,2026-09-20,3700.0,4000.0,3800.0
West Bengal,North 24 Parganas,Habra APMC,Green Chilli,Green Chilly,FAQ,2026-09-20,8500.0,8500.0,8500.0
West Bengal,North 24 Parganas,Habra APMC,Masur Dal,Masur Dal,FAQ,2026-09-20,10600.0,10600.0,10600.0
West Bengal,Bankura,Khatra APMC,Sweet Pumpkin,Sweet Pumpkin,FAQ,2026-09-20,1100.0,1500.0,1200.0
Tamil Nadu,Coimbatore,Vadavalli(Uzhavar Sandhai ),Potato,Other,Local,2026-09-20,5500.0,6000.0,5750.0
Tamil Nadu,Coimbatore,Vadavalli(Uzhavar Sandhai ),Garlic,Garlic,Local,2026-09-20,22000.0,23600.0,22800.0
Tamil Nadu,Coimbatore,Vadavalli(Uzhavar Sandhai ),Tomato,Local,Local,2026-09-20,2600.0,2900.0,2750.0
Tamil Nadu,Coimbatore,Vadavalli(Uzhavar Sandhai ),Pumpkin,Pumpkin,Local,2026-09-20,1600.0,1800.0,1700.0
Tamil Nadu,Coimbatore,Vadavalli(Uzhavar Sandhai ),Green Chilli,Green Chilly,Local,2026-09-20,4800.0,5400.0,5100.0
Tamil Nadu,Coimbatore,Vadavalli(Uzhavar Sandhai ),Beans,Beans (Whole),Local,2026-09-20,6500.0,7000.0,6750.0
Tamil Nadu,Coimbatore,Vadavalli(Uzhavar Sandhai ),Coconut,Coconut,Local,2026-09-20,5500.0,6000.0,5750.0
Tamil Nadu,Coimbatore,Vadavalli(Uzhavar Sandhai ),Snakeguard,Snakeguard,Local,2026-09-20,2600.0,3200.0,2900.0
Tamil Nadu,Coimbatore,Vadavalli(Uzhavar Sandhai ),Drumstick,Drumstick,Local,2026-09-20,3000.0,3600.0,3300.0
Tamil Nadu,Coimbatore,Vadavalli(Uzhavar Sandhai ),Colacasia,Colacasia,Local,2026-09-20,4800.0,5400.0,5100.0
Tamil Nadu,Coimbatore,Vadavalli(Uzhavar Sandhai ),Mint(Pudina),Mint(Pudina),Local,2026-09-20,4500.0,5000.0,4750.0
Tamil Nadu,Coimbatore,Vadavalli(Uzhavar Sandhai ),Sweet Corn,Sweet Corn,Local,2026-09-20,3500.0,4000.0,3750.0
Uttar Pradesh,Shahjahanpur,Powayan APMC,Paddy(Common),Common,FAQ,2026-09-20,1700.0,1980.0,1865.61
West Bengal,Darjeeling,Karsiyang(Matigara) APMC,Potato,Red,FAQ,2026-09-20,1400.0,1600.0,1500.0
West Bengal,Darjeeling,Darjeeling APMC,Cabbage,Other,FAQ,2026-09-20,2800.0,3000.0,2900.0
West Bengal,Darjeeling,Darjeeling APMC,Squash(Chappal Kadoo),Other,FAQ,2026-09-20,1400.0,1600.0,1500.0
Haryana,Yamuna Nagar,Sadhaura APMC,Cauliflower,Cauliflower,Local,2026-09-20,3400.0,3600.0,3500.0
Haryana,Yamuna Nagar,Sadhaura APMC,Apple,Apple,Local,2026-09-20,7000.0,8500.0,8000.0
Haryana,Yamuna Nagar,Sadhaura APMC,Banana,Banana - Ripe,Local,2026-09-20,2500.0,2700.0,2600.0
Uttar Pradesh,Sitapur,Mishrit APMC,Wood,Other,FAQ,2026-09-20,490.0,490.0,490.0
Uttar Pradesh,Bulandshahar,Gulavati APMC,Wood,Other,FAQ,2026-09-20,1800.0,1800.0,1800.0
Himachal Pradesh,Solan,SMY Parwanoo,Apple,Other,Local,2026-09-20,2500.0,15000.0,12000.0
Tamil Nadu,Coimbatore,Udumalpet APMC,Potato,Red Nanital,Local,2026-09-20,4000.0,5000.0,4500.0
Tamil Nadu,Coimbatore,Udumalpet APMC,Bitter gourd,Bitter Gourd,Local,2026-09-20,5500.0,6500.0,6000.0
Tamil Nadu,Coimbatore,Udumalpet APMC,Ashgourd,Gouard,Local,2026-09-20,1500.0,2000.0,1750.0
Tamil Nadu,Coimbatore,Udumalpet APMC,Amaranthus,Amaranthus,Local,2026-09-20,2500.0,3000.0,2750.0
Tamil Nadu,Coimbatore,Udumalpet APMC,Tapioca,Tapioca,Local,2026-09-20,4000.0,4500.0,4250.0
Tamil Nadu,Coimbatore,Udumalpet APMC,Raddish,Raddish,Local,2026-09-20,2500.0,3200.0,2850.0
Tamil Nadu,Coimbatore,Udumalpet APMC,Capsicum,Capsicum,Local,2026-09-20,8000.0,9000.0,8500.0
West Bengal,Darjeeling,Siliguri APMC,Banana,Banana - Ripe,Grade A,2026-09-20,2100.0,2300.0,2200.0
West Bengal,Darjeeling,Siliguri APMC,Rice,Fine(Basmati),FAQ,2026-09-20,5100.0,5300.0,5200.0
West Bengal,Darjeeling,Siliguri APMC,Potato,Jyoti,FAQ,2026-09-20,600.0,630.0,620.0
Tamil Nadu,Erode,Gobichettipalayam(Uzhavar Sandhai ),Banana,Besrai,Local,2026-09-20,2800.0,4800.0,3800.0
Tamil Nadu,Erode,Gobichettipalayam(Uzhavar Sandhai ),Tomato,Deshi,Local,2026-09-20,2200.0,2500.0,2350.0
Tamil Nadu,Erode,Gobichettipalayam(Uzhavar Sandhai ),Bhindi(Ladies Finger),Bhindi,Local,2026-09-20,2200.0,2500.0,2350.0
Tamil Nadu,Erode,Gobichettipalayam(Uzhavar Sandhai ),Beans,Beans (Whole),Local,2026-09-20,7400.0,7600.0,7500.0
Tamil Nadu,Erode,Gobichettipalayam(Uzhavar Sandhai ),Coconut,Coconut,Local,2026-09-20,5000.0,5200.0,5100.0
Tamil Nadu,Erode,Gobichettipalayam(Uzhavar Sandhai ),Carrot,Pusakesar,Local,2026-09-20,5200.0,5500.0,5350.0
Tamil Nadu,Erode,Gobichettipalayam(Uzhavar Sandhai ),Ridgeguard(Tori),Ridgeguard(Tori),Local,2026-09-20,3600.0,3800.0,3700.0
Tamil Nadu,Erode,Gobichettipalayam(Uzhavar Sandhai ),Drumstick,Drumstick,Local,2026-09-20,3500.0,4000.0,3750.0
Tamil Nadu,Erode,Gobichettipalayam(Uzhavar Sandhai ),Onion Green,Onion Green,Local,2026-09-20,7500.0,8000.0,7750.0
Tamil Nadu,Erode,Sampath Nagar(Uzhavar Sandhai ),Groundnut,Big (With Shell),Local,2026-09-20,5500.0,6000.0,5750.0
Tamil Nadu,Erode,Sampath Nagar(Uzhavar Sandhai ),Onion,Bellary,Local,2026-09-20,6600.0,7000.0,6800.0
Tamil Nadu,Erode,Sampath Nagar(Uzhavar Sandhai ),Potato,Other,Local,2026-09-20,4500.0,5000.0,4750.0
Tamil Nadu,Erode,Sampath Nagar(Uzhavar Sandhai ),Coriander(Leaves),I Sort,Local,2026-09-20,3500.0,4000.0,3750.0
Tamil Nadu,Erode,Sampath Nagar(Uzhavar Sandhai ),Mousambi(Sweet Lime),Mousambi,Local,2026-09-20,5000.0,5400.0,5200.0
Tamil Nadu,Erode,Sampath Nagar(Uzhavar Sandhai ),Cowpea(Veg),Cowpea (Veg),Local,2026-09-20,3000.0,3500.0,3250.0
Tamil Nadu,Erode,Sampath Nagar(Uzhavar Sandhai ),Beetroot,Beetroot,Local,2026-09-20,6200.0,6600.0,6400.0
Tamil Nadu,Erode,Sampath Nagar(Uzhavar Sandhai ),Green Avare(W),Other,Local,2026-09-20,5600.0,6000.0,5800.0
Tamil Nadu,Erode,Sampath Nagar(Uzhavar Sandhai ),Chow Chow,Chow Chow,Local,2026-09-20,3000.0,3500.0,3250.0
Tamil Nadu,Erode,Sampath Nagar(Uzhavar Sandhai ),Drumstick,Drumstick,Local,2026-09-20,3600.0,4000.0,3800.0
Tamil Nadu,Erode,Sampath Nagar(Uzhavar Sandhai ),Elephant Yam(Suran)/Amorphophallus,Elephant Yam (Suran),Local,2026-09-20,3000.0,3400.0,3200.0
Tamil Nadu,Erode,Sampath Nagar(Uzhavar Sandhai ),Mint(Pudina),Mint(Pudina),Local,2026-09-20,3500.0,4000.0,3750.0
Uttar Pradesh,Kannuj,Kannauj APMC,Maize,Other,FAQ,2026-09-20,2450.0,2450.0,2450.0
Madhya Pradesh,Gwalior,Lashkar APMC,Wheat,Wheat,FAQ,2026-09-20,2665.0,2690.0,2690.0
Tripura,Khowai,Kalyanpur APMC,Ridgeguard(Tori),Ridgeguard(Tori),FAQ,2026-09-20,4000.0,4200.0,4100.0
Tripura,Khowai,Kalyanpur APMC,Hen,Local,FAQ,2026-09-20,480.0,490.0,485.0
Tamil Nadu,Vellore,Pallikonda(Uzhavar Sandhai),Garlic,Garlic,Local,2026-09-20,19000.0,20000.0,19500.0
Tamil Nadu,Vellore,Pallikonda(Uzhavar Sandhai),Coriander(Leaves),I Sort,Local,2026-09-20,3500.0,3500.0,3500.0
Tamil Nadu,Vellore,Pallikonda(Uzhavar Sandhai),Papaya,Papaya,Local,2026-09-20,3500.0,4000.0,3750.0
Tamil Nadu,Vellore,Pallikonda(Uzhavar Sandhai),Chow Chow,Chow Chow,Local,2026-09-20,3000.0,3000.0,3000.0
Tamil Nadu,Vellore,Pallikonda(Uzhavar Sandhai),Yam(Ratalu),Yam (Ratalu),Local,2026-09-20,5000.0,5500.0,5250.0
Tamil Nadu,Vellore,Pallikonda(Uzhavar Sandhai),Sweet Corn,Sweet Corn,Local,2026-09-20,2500.0,3000.0,2750.0
Tamil Nadu,Pudukkottai,Ponnamaravathi(Uzhavar Sandhai),Tomato,Other,Local,2026-09-20,2500.0,3000.0,2750.0
Tamil Nadu,Pudukkottai,Ponnamaravathi(Uzhavar Sandhai),Bitter gourd,Other,Local,2026-09-20,6000.0,7000.0,6500.0
Tamil Nadu,Pudukkottai,Ponnamaravathi(Uzhavar Sandhai),Bottle gourd,Bottle Gourd,Local,2026-09-20,1000.0,2000.0,1500.0
Tamil Nadu,Pudukkottai,Ponnamaravathi(Uzhavar Sandhai),Ashgourd,Gouard,Local,2026-09-20,1000.0,1500.0,1250.0
Tamil Nadu,Pudukkottai,Ponnamaravathi(Uzhavar Sandhai),Amaranthus,Amaranthus,Local,2026-09-20,1000.0,2000.0,1500.0
Tamil Nadu,Pudukkottai,Ponnamaravathi(Uzhavar Sandhai),Coconut,Coconut,Local,2026-09-20,3000.0,4000.0,3500.0
Tamil Nadu,Pudukkottai,Ponnamaravathi(Uzhavar Sandhai),Snakeguard,Snakeguard,Local,2026-09-20,2000.0,3000.0,2500.0
Tamil Nadu,Pudukkottai,Ponnamaravathi(Uzhavar Sandhai),Ridgeguard(Tori),Ridgeguard(Tori),Local,2026-09-20,5000.0,6000.0,5500.0
Tamil Nadu,Nagapattinam,Mayiladuthurai(Uzhavar Sandhai ),Onion,Bellary,Local,2026-09-20,5000.0,6000.0,5500.0
Tamil Nadu,Nagapattinam,Mayiladuthurai(Uzhavar Sandhai ),Potato,Red Nanital,Local,2026-09-20,3000.0,3000.0,3000.0
Tamil Nadu,Nagapattinam,Mayiladuthurai(Uzhavar Sandhai ),Bottle gourd,Bottle Gourd,Local,2026-09-20,2500.0,3000.0,2750.0
Tamil Nadu,Nagapattinam,Mayiladuthurai(Uzhavar Sandhai ),Cabbage,Cabbage,Local,2026-09-20,3000.0,3000.0,3000.0
Tamil Nadu,Nagapattinam,Mayiladuthurai(Uzhavar Sandhai ),Lime,Lime,Local,2026-09-20,3600.0,4000.0,3800.0
Tamil Nadu,Nagapattinam,Mayiladuthurai(Uzhavar Sandhai ),Tender Coconut,Tender Coconut,Local,2026-09-20,2000.0,2500.0,2250.0
Tamil Nadu,Nagapattinam,Mayiladuthurai(Uzhavar Sandhai ),Mint(Pudina),Mint(Pudina),Local,2026-09-20,4000.0,4500.0,4250.0
Uttar Pradesh,Hardoi,Hardoi APMC,Wood,Other,FAQ,2026-09-20,500.0,570.0,512.28
Uttar Pradesh,Lucknow,Lucknow APMC,Ginger(Green),Other,FAQ,2026-09-20,6000.0,6000.0,6000.0
Uttar Pradesh,Lucknow,Lucknow APMC,Paddy(Common),SuperFine(Basmati),FAQ,2026-09-20,3080.0,3100.0,3089.42
Tamil Nadu,Pudukkottai,Viralimalai(Uzhavar Sandhai ),Onion,Bellary,Local,2026-09-20,5500.0,6000.0,5750.0
Tamil Nadu,Ramanathapuram,Kamuthi(Uzhavar Sandhai ),Bhindi(Ladies Finger),Bhindi,Local,2026-09-20,6000.0,6500.0,6250.0
Tamil Nadu,Ramanathapuram,Paramakudi(Uzhavar Sandhai ),Lime,Lime,Local,2026-09-20,10000.0,11000.0,10500.0
Tamil Nadu,Ramanathapuram,Paramakudi(Uzhavar Sandhai ),Tomato,Deshi,Local,2026-09-20,2800.0,3000.0,2900.0
Tamil Nadu,Ramanathapuram,Paramakudi(Uzhavar Sandhai ),Cluster beans,Cluster Beans,Local,2026-09-20,3500.0,4000.0,3750.0
Tamil Nadu,Ramanathapuram,Paramakudi(Uzhavar Sandhai ),Bottle gourd,Bottle Gourd,Local,2026-09-20,2000.0,2200.0,2100.0
Tamil Nadu,Ramanathapuram,Paramakudi(Uzhavar Sandhai ),Pumpkin,Pumpkin,Local,2026-09-20,2000.0,2200.0,2100.0
Tamil Nadu,Ramanathapuram,Paramakudi(Uzhavar Sandhai ),Carrot,Pusakesar,Local,2026-09-20,5500.0,6000.0,5750.0
Tamil Nadu,Ramanathapuram,Paramakudi(Uzhavar Sandhai ),Snakeguard,Snakeguard,Local,2026-09-20,5000.0,5200.0,5100.0
Tamil Nadu,Ramanathapuram,Paramakudi(Uzhavar Sandhai ),Kakada,Kakada,Local,2026-09-20,40000.0,45000.0,42500.0
Tamil Nadu,Ramanathapuram,Paramakudi(Uzhavar Sandhai ),Elephant Yam(Suran)/Amorphophallus,Elephant Yam (Suran),Local,2026-09-20,6500.0,7000.0,6750.0
Tamil Nadu,Ramanathapuram,Paramakudi(Uzhavar Sandhai ),Yam(Ratalu),Yam (Ratalu),Local,2026-09-20,7000.0,7500.0,7250.0
Tamil Nadu,Pudukkottai,Alangudi(Uzhavar Sandhai ),Banana,Poovan,Local,2026-09-20,4500.0,5000.0,4750.0
Tamil Nadu,Pudukkottai,Alangudi(Uzhavar Sandhai ),Papaya,Papaya,Local,2026-09-20,2500.0,3000.0,2750.0
Tamil Nadu,Pudukkottai,Alangudi(Uzhavar Sandhai ),Bitter gourd,Other,Local,2026-09-20,6000.0,7000.0,6500.0
Tamil Nadu,Pudukkottai,Alangudi(Uzhavar Sandhai ),Pumpkin,Pumpkin,Local,2026-09-20,1000.0,1500.0,1250.0
Tamil Nadu,Pudukkottai,Alangudi(Uzhavar Sandhai ),Amaranthus,Amaranthus,Local,2026-09-20,1500.0,2000.0,1750.0
Tamil Nadu,Pudukkottai,Alangudi(Uzhavar Sandhai ),Coconut,Coconut,Local,2026-09-20,3500.0,4000.0,3750.0
Tamil Nadu,Pudukkottai,Alangudi(Uzhavar Sandhai ),Green Avare(W),Other,Local,2026-09-20,6000.0,7000.0,6500.0
Tamil Nadu,Thiruvannamalai,Arani(Uzhavar Sandhai ),Garlic,Garlic,Local,2026-09-20,24000.0,27000.0,25500.0
Tamil Nadu,Thiruvannamalai,Arani(Uzhavar Sandhai ),Bhindi(Ladies Finger),Bhindi,Local,2026-09-20,2500.0,3000.0,2750.0
Tamil Nadu,Thiruvannamalai,Arani(Uzhavar Sandhai ),Green Chilli,Green Chilly,Local,2026-09-20,5000.0,6000.0,5500.0
Tamil Nadu,Thiruvannamalai,Arani(Uzhavar Sandhai ),Banana - Green,Banana - Green,Local,2026-09-20,1500.0,2000.0,1750.0
Tamil Nadu,Thiruvannamalai,Arani(Uzhavar Sandhai ),Cabbage,Cabbage,Local,2026-09-20,2000.0,2500.0,2250.0
Tamil Nadu,Thiruvannamalai,Arani(Uzhavar Sandhai ),Thondekai,Thondekai,Local,2026-09-20,3000.0,3600.0,3300.0
Tamil Nadu,Thiruvannamalai,Arani(Uzhavar Sandhai ),Guava,Guava Allahabad,Local,2026-09-20,5000.0,6000.0,5500.0
Andhra Pradesh,Srikakulam,Narasannapet APMC,Paddy(Common),Paddy,FAQ,2026-09-20,2369.0,2369.0,2369.0
Tamil Nadu,Thiruvannamalai,Polur(Uzhavar Sandhai ),Brinjal,Round,Local,2026-09-20,5000.0,6000.0,5500.0
Tamil Nadu,Thiruvannamalai,Polur(Uzhavar Sandhai ),Cluster beans,Cluster Beans,Local,2026-09-20,4000.0,4800.0,4400.0
Tamil Nadu,Thiruvannamalai,Polur(Uzhavar Sandhai ),Bitter gourd,Bitter Gourd,Local,2026-09-20,4000.0,4800.0,4400.0
Tamil Nadu,Thiruvannamalai,Polur(Uzhavar Sandhai ),Beans,Beans (Whole),Local,2026-09-20,5000.0,6000.0,5500.0
Tamil Nadu,Thiruvannamalai,Polur(Uzhavar Sandhai ),Chow Chow,Chow Chow,Local,2026-09-20,3300.0,4000.0,3650.0
Tamil Nadu,Thiruvannamalai,Tiruvannamalai(Uzhavar Sandhai ),Orange,Darjeeling,Local,2026-09-20,16000.0,18000.0,17000.0
Tamil Nadu,Thiruvannamalai,Tiruvannamalai(Uzhavar Sandhai ),Onion,Bellary,Local,2026-09-20,6000.0,6500.0,6250.0
Tamil Nadu,Thiruvannamalai,Tiruvannamalai(Uzhavar Sandhai ),Papaya,Papaya,Local,2026-09-20,4000.0,4500.0,4250.0
Tamil Nadu,Thiruvannamalai,Tiruvannamalai(Uzhavar Sandhai ),Mousambi(Sweet Lime),Mousambi,Local,2026-09-20,5000.0,6000.0,5500.0
Tamil Nadu,Thiruvannamalai,Tiruvannamalai(Uzhavar Sandhai ),Tomato,Deshi,Local,2026-09-20,2500.0,2800.0,2650.0
Tamil Nadu,Thiruvannamalai,Tiruvannamalai(Uzhavar Sandhai ),Pumpkin,Pumpkin,Local,2026-09-20,2000.0,2500.0,2250.0
Tamil Nadu,Thiruvannamalai,Tiruvannamalai(Uzhavar Sandhai ),Beans,Beans (Whole),Local,2026-09-20,8000.0,10000.0,9000.0
Tamil Nadu,Thiruvannamalai,Tiruvannamalai(Uzhavar Sandhai ),Ginger(Green),Green Ginger,Local,2026-09-20,16000.0,18000.0,17000.0
Tamil Nadu,Thiruvannamalai,Tiruvannamalai(Uzhavar Sandhai ),Coconut,Coconut,Local,2026-09-20,4000.0,5000.0,4500.0
Tamil Nadu,Thiruvannamalai,Tiruvannamalai(Uzhavar Sandhai ),Carrot,Pusakesar,Local,2026-09-20,5000.0,6000.0,5500.0
Tamil Nadu,Thiruvannamalai,Tiruvannamalai(Uzhavar Sandhai ),Capsicum,Capsicum,Local,2026-09-20,5000.0,6000.0,5500.0
Tamil Nadu,Thiruvannamalai,Tiruvannamalai(Uzhavar Sandhai ),Mango(Raw-Ripe),Mango - Raw-Ripe,Local,2026-09-20,12000.0,15000.0,13500.0
Tamil Nadu,Thiruvannamalai,Tiruvannamalai(Uzhavar Sandhai ),Elephant Yam(Suran)/Amorphophallus,Elephant Yam (Suran),Local,2026-09-20,5000.0,6000.0,5500.0
Tamil Nadu,Thiruvannamalai,Tiruvannamalai(Uzhavar Sandhai ),Onion Green,Onion Green,Local,2026-09-20,8000.0,10000.0,9000.0
Tamil Nadu,Thiruvarur,Mannargudi I(Uzhavar Sandhai ),Orange,Darjeeling,Local,2026-09-20,24000.0,24000.0,24000.0
Tamil Nadu,Thiruvarur,Mannargudi I(Uzhavar Sandhai ),Pineapple,Pine Apple,Local,2026-09-20,8000.0,8000.0,8000.0
Tamil Nadu,Thiruvarur,Mannargudi I(Uzhavar Sandhai ),Garlic,Garlic,Local,2026-09-20,20000.0,24000.0,22000.0
Tamil Nadu,Thiruvarur,Mannargudi I(Uzhavar Sandhai ),Tomato,Other,Local,2026-09-20,3000.0,3000.0,3000.0
Tamil Nadu,Thiruvarur,Mannargudi I(Uzhavar Sandhai ),Amaranthus,Amaranthus,Local,2026-09-20,2000.0,2000.0,2000.0
Tamil Nadu,Thiruvarur,Mannargudi I(Uzhavar Sandhai ),Beans,Beans (Whole),Local,2026-09-20,7000.0,7000.0,7000.0
Tamil Nadu,Thiruvarur,Mannargudi I(Uzhavar Sandhai ),Beetroot,Beetroot,Local,2026-09-20,5400.0,5400.0,5400.0
Tamil Nadu,Thiruvarur,Mannargudi I(Uzhavar Sandhai ),Ridgeguard(Tori),Ridgeguard(Tori),Local,2026-09-20,4400.0,4400.0,4400.0
Tamil Nadu,Thiruvarur,Mannargudi I(Uzhavar Sandhai ),Raddish,Raddish,Local,2026-09-20,3400.0,3400.0,3400.0
Tamil Nadu,Thiruvarur,Mannargudi I(Uzhavar Sandhai ),Chow Chow,Chow Chow,Local,2026-09-20,4000.0,4000.0,4000.0
Tamil Nadu,Thiruvarur,Mannargudi I(Uzhavar Sandhai ),Drumstick,Drumstick,Local,2026-09-20,4400.0,4400.0,4400.0
Tamil Nadu,Thiruvarur,Mannargudi I(Uzhavar Sandhai ),Lime,Lime,Local,2026-09-20,4000.0,4000.0,4000.0
Tamil Nadu,Thiruvarur,Mannargudi I(Uzhavar Sandhai ),Elephant Yam(Suran)/Amorphophallus,Elephant Yam (Suran),Local,2026-09-20,5600.0,5600.0,5600.0
Tamil Nadu,Thiruvarur,Mannargudi I(Uzhavar Sandhai ),Onion Green,Onion Green,Local,2026-09-20,11000.0,11000.0,11000.0
Tamil Nadu,Thiruvarur,Mannargudi II(Uzhavar Sandhai ),Ridgeguard(Tori),Ridgeguard(Tori),Local,2026-09-20,4400.0,4400.0,4400.0
Tamil Nadu,Thiruvarur,Mannargudi II(Uzhavar Sandhai ),Drumstick,Drumstick,Local,2026-09-20,4400.0,4400.0,4400.0
Tamil Nadu,Thiruvarur,Mannargudi II(Uzhavar Sandhai ),Onion Green,Onion Green,Local,2026-09-20,11000.0,11000.0,11000.0
Tamil Nadu,Thiruvarur,Mannargudi II(Uzhavar Sandhai ),Mint(Pudina),Mint(Pudina),Local,2026-09-20,6500.0,6500.0,6500.0
Tamil Nadu,Thiruvarur,Tiruthuraipoondi(Uzhavar Sandhai ),Pumpkin,Pumpkin,Local,2026-09-20,3000.0,3000.0,3000.0
Tamil Nadu,Thiruvarur,Tiruthuraipoondi(Uzhavar Sandhai ),Amaranthus,Amaranthus,Local,2026-09-20,1500.0,3000.0,2250.0
Tamil Nadu,Thiruvarur,Tiruthuraipoondi(Uzhavar Sandhai ),Green Chilli,Green Chilly,Local,2026-09-20,5000.0,5000.0,5000.0
Tamil Nadu,Thiruvarur,Tiruthuraipoondi(Uzhavar Sandhai ),Cucumbar(Kheera),Cucumbar,Local,2026-09-20,7000.0,7000.0,7000.0
Tamil Nadu,Thiruvarur,Tiruthuraipoondi(Uzhavar Sandhai ),Mango(Raw-Ripe),Mango - Raw-Ripe,Local,2026-09-20,6000.0,8000.0,7000.0
Tamil Nadu,Thiruvellore,Paruthipattu(Uzhavar Sandhai ),Tomato,Deshi,Local,2026-09-20,3000.0,3000.0,3000.0
Tamil Nadu,Thiruvellore,Paruthipattu(Uzhavar Sandhai ),Bhindi(Ladies Finger),Bhindi,Local,2026-09-20,4000.0,4000.0,4000.0
Tamil Nadu,Thiruvellore,Paruthipattu(Uzhavar Sandhai ),Green Chilli,Green Chilly,Local,2026-09-20,5000.0,5000.0,5000.0
Tamil Nadu,Thiruvellore,Paruthipattu(Uzhavar Sandhai ),Banana - Green,Banana - Green,Local,2026-09-20,4000.0,4000.0,4000.0
Tamil Nadu,Thiruvellore,Paruthipattu(Uzhavar Sandhai ),Coconut,Coconut,Local,2026-09-20,6000.0,6000.0,6000.0
Tamil Nadu,Thiruvellore,Paruthipattu(Uzhavar Sandhai ),Snakeguard,Snakeguard,Local,2026-09-20,4000.0,4000.0,4000.0
Tamil Nadu,Thiruvellore,Paruthipattu(Uzhavar Sandhai ),Ridgeguard(Tori),Ridgeguard(Tori),Local,2026-09-20,4000.0,4000.0,4000.0
Tamil Nadu,Thiruvellore,Paruthipattu(Uzhavar Sandhai ),Raddish,Raddish,Local,2026-09-20,4000.0,4000.0,4000.0
Tamil Nadu,Thiruvellore,Paruthipattu(Uzhavar Sandhai ),Capsicum,Capsicum,Local,2026-09-20,5000.0,5000.0,5000.0
Tamil Nadu,Thiruvellore,Perambakkam(Uzhavar Sandhai ),Brinjal,Round,Local,2026-09-20,5000.0,5000.0,5000.0
Tamil Nadu,Tuticorin,Kovilpatti(Uzhavar Sandhai ),Cluster beans,Cluster Beans,Local,2026-09-20,4000.0,4500.0,4250.0
Tamil Nadu,Tuticorin,Kovilpatti(Uzhavar Sandhai ),Amaranthus,Amaranthus,Local,2026-09-20,2000.0,2500.0,2250.0
Tamil Nadu,Tuticorin,Kovilpatti(Uzhavar Sandhai ),Banana - Green,Banana - Green,Local,2026-09-20,3500.0,4000.0,3750.0
Tamil Nadu,Tuticorin,Kovilpatti(Uzhavar Sandhai ),Cabbage,Cabbage,Local,2026-09-20,3500.0,4000.0,3750.0
Tamil Nadu,Tuticorin,Kovilpatti(Uzhavar Sandhai ),Chow Chow,Chow Chow,Local,2026-09-20,4000.0,4500.0,4250.0
Tamil Nadu,Tuticorin,Kovilpatti(Uzhavar Sandhai ),Onion Green,Onion Green,Local,2026-09-20,9000.0,9500.0,9250.0
Tamil Nadu,Vellore,Gudiyatham(Uzhavar Sandhai ),Pumpkin,Pumpkin,Local,2026-09-20,2400.0,2400.0,2400.0
Tamil Nadu,Vellore,Gudiyatham(Uzhavar Sandhai ),Bhindi(Ladies Finger),Bhindi,Local,2026-09-20,2500.0,2500.0,2500.0
Tamil Nadu,Vellore,Gudiyatham(Uzhavar Sandhai ),Raddish,Raddish,Local,2026-09-20,3000.0,3000.0,3000.0
Tamil Nadu,Vellore,Gudiyatham(Uzhavar Sandhai ),Tender Coconut,Tender Coconut,Local,2026-09-20,3000.0,3500.0,3250.0
Tamil Nadu,Vellore,Gudiyatham(Uzhavar Sandhai ),Yam(Ratalu),Yam (Ratalu),Local,2026-09-20,5600.0,5600.0,5600.0
Tamil Nadu,Vellore,Gudiyatham(Uzhavar Sandhai ),Indian Beans(Seam),Indian Beans (Seam),Local,2026-09-20,5600.0,5600.0,5600.0
Tamil Nadu,Vellore,Gudiyatham(Uzhavar Sandhai ),Lemon,Lemon,Local,2026-09-20,15000.0,15000.0,15000.0
Tamil Nadu,Vellore,Gudiyatham(Uzhavar Sandhai ),Onion Green,Onion Green,Local,2026-09-20,11000.0,11000.0,11000.0
Tamil Nadu,Vellore,Kahithapattarai(Uzhavar Sandhai ),Mousambi(Sweet Lime),Mousambi,Local,2026-09-20,6000.0,6000.0,6000.0
Tamil Nadu,Vellore,Kahithapattarai(Uzhavar Sandhai ),Bitter gourd,Bitter Gourd,Local,2026-09-20,4600.0,4600.0,4600.0
Tamil Nadu,Vellore,Kahithapattarai(Uzhavar Sandhai ),Ashgourd,Gouard,Local,2026-09-20,2500.0,2500.0,2500.0
Tamil Nadu,Vellore,Kahithapattarai(Uzhavar Sandhai ),Pumpkin,Pumpkin,Local,2026-09-20,2000.0,2000.0,2000.0
Tamil Nadu,Vellore,Kahithapattarai(Uzhavar Sandhai ),Sweet Potato,Hosur Red,Local,2026-09-20,3500.0,3500.0,3500.0
Tamil Nadu,Vellore,Kahithapattarai(Uzhavar Sandhai ),Snakeguard,Snakeguard,Local,2026-09-20,3000.0,3000.0,3000.0
Tamil Nadu,Vellore,Kahithapattarai(Uzhavar Sandhai ),Ridgeguard(Tori),Ridgeguard(Tori),Local,2026-09-20,3500.0,3500.0,3500.0
Tamil Nadu,Vellore,Kahithapattarai(Uzhavar Sandhai ),Chow Chow,Chow Chow,Local,2026-09-20,3500.0,3500.0,3500.0
Tamil Nadu,Vellore,Kahithapattarai(Uzhavar Sandhai ),Drumstick,Drumstick,Local,2026-09-20,4000.0,4000.0,4000.0
Tamil Nadu,Vellore,Kahithapattarai(Uzhavar Sandhai ),Mango(Raw-Ripe),Mango - Raw-Ripe,Local,2026-09-20,16000.0,16000.0,16000.0
Tamil Nadu,Vellore,Kahithapattarai(Uzhavar Sandhai ),Indian Beans(Seam),Indian Beans (Seam),Local,2026-09-20,6500.0,6500.0,6500.0
Tamil Nadu,Vellore,Kahithapattarai(Uzhavar Sandhai ),Custard Apple(Sharifa),Custard Apple(Sharifa),Local,2026-09-20,5000.0,5000.0,5000.0
Haryana,Rewari,Rewari APMC,Tomato,Other,Medium,2026-09-20,700.0,2500.0,1500.0
Odisha,Dhenkanal,Hindol APMC,Cucumbar(Kheera),Cucumbar,Grade B,2026-09-20,4500.0,5000.0,4800.0
Odisha,Dhenkanal,Hindol APMC,Tomato,Tomato,Grade B,2026-09-20,3000.0,3500.0,3200.0
Odisha,Dhenkanal,Hindol APMC,Potato,Potato,Grade B,2026-09-20,1200.0,1500.0,1400.0
Tamil Nadu,Thiruvannamalai,Cheyyar(Uzhavar Sandhai ),Coriander(Leaves),I Sort,Local,2026-09-20,4000.0,5000.0,4500.0
Tamil Nadu,Thiruvannamalai,Cheyyar(Uzhavar Sandhai ),Tomato,Local,Local,2026-09-20,2500.0,3000.0,2750.0
Tamil Nadu,Thiruvannamalai,Cheyyar(Uzhavar Sandhai ),Cluster beans,Cluster Beans,Local,2026-09-20,3500.0,4200.0,3850.0
Tamil Nadu,Thiruvannamalai,Cheyyar(Uzhavar Sandhai ),Bitter gourd,Other,Local,2026-09-20,3200.0,4000.0,3600.0
Tamil Nadu,Thiruvannamalai,Cheyyar(Uzhavar Sandhai ),Bottle gourd,Bottle Gourd,Local,2026-09-20,1500.0,2000.0,1750.0
Tamil Nadu,Thiruvannamalai,Cheyyar(Uzhavar Sandhai ),Bhindi(Ladies Finger),Bhindi,Local,2026-09-20,2500.0,3000.0,2750.0
Tamil Nadu,Thiruvannamalai,Cheyyar(Uzhavar Sandhai ),Colacasia,Colacasia,Local,2026-09-20,3500.0,4200.0,3850.0
Uttar Pradesh,Badaun,Islam Nagar APMC,Wheat,Medium,FAQ,2026-09-20,2600.0,2600.0,2600.0
Andhra Pradesh,Dr.B.R.A.Konaseema,Mummidivaram APMC,Prawn,Prawn-White Prawn,FAQ,2026-09-20,20000.0,21000.0,20000.0
Tamil Nadu,Ariyalur,Ariyalur(Uzhavar Sandhai),Onion,Bellary,Local,2026-09-20,5000.0,5500.0,5250.0
Tamil Nadu,Ariyalur,Ariyalur(Uzhavar Sandhai),Tomato,Deshi,Local,2026-09-20,2500.0,3000.0,2750.0
Tamil Nadu,Ariyalur,Ariyalur(Uzhavar Sandhai),Carrot,Pusakesar,Local,2026-09-20,7000.0,8000.0,7500.0
Tamil Nadu,Ariyalur,Ariyalur(Uzhavar Sandhai),Snakeguard,Snakeguard,Local,2026-09-20,3000.0,3500.0,3250.0
Tamil Nadu,Ariyalur,Ariyalur(Uzhavar Sandhai),Drumstick,Drumstick,Local,2026-09-20,3500.0,4000.0,3750.0
Madhya Pradesh,Ujjain,Ujjain(F&V) APMC,Cabbage,Cabbage,Medium,2026-09-20,540.0,2075.0,1293.0
Madhya Pradesh,Ujjain,Ujjain(F&V) APMC,Bottle gourd,Bottle Gourd,Medium,2026-09-20,680.0,1925.0,1257.0
Uttarakhand,Nanital,Haldwani APMC,Papaya,Other,Grade A,2026-09-20,1500.0,2000.0,1800.0
Uttarakhand,Nanital,Haldwani APMC,Onion,Other,FAQ,2026-09-20,2800.0,3800.0,3400.0
Uttarakhand,Nanital,Haldwani APMC,Tomato,Other,FAQ,2026-09-20,1200.0,1600.0,1400.0
Uttarakhand,Nanital,Haldwani APMC,Potato,Other,FAQ,2026-09-20,800.0,1400.0,1000.0
Uttarakhand,Nanital,Haldwani APMC,Apple,Other,Grade A,2026-09-20,3000.0,7000.0,5000.0
Rajasthan,Tonk,Malpura APMC,Bajra(Pearl Millet/Cumbu),Other,FAQ,2026-09-20,2100.0,2122.0,2110.0
Rajasthan,Tonk,Malpura APMC,Bengal Gram(Gram)(Whole),Other,FAQ,2026-09-20,6200.0,6250.0,6215.0
Rajasthan,Tonk,Malpura APMC,Green Gram(Moong)(Whole),Other,FAQ,2026-09-20,6500.0,7000.0,6860.0
Punjab,Gurdaspur,Dhariwal APMC,Potato,Potato,Grade A,2026-09-20,450.0,450.0,450.0
Punjab,Gurdaspur,Dhariwal APMC,Green Chilli,Green Chilly,Grade A,2026-09-20,2050.0,2050.0,2050.0
Punjab,Gurdaspur,Dhariwal APMC,Brinjal,Brinjal,Grade A,2026-09-20,1060.0,1060.0,1060.0
Punjab,Hoshiarpur,Dasuya APMC,Mousambi(Sweet Lime),Mousambi,Grade B,2026-09-20,4500.0,4500.0,4500.0
Punjab,Hoshiarpur,Dasuya APMC,Papaya,Papaya,Grade B,2026-09-20,4100.0,4100.0,4100.0
Punjab,Hoshiarpur,Dasuya APMC,Potato,Other,FAQ,2026-09-20,1000.0,1000.0,1000.0
Odisha,Mayurbhanja,Betnoti APMC,Brinjal,Brinjal,FAQ,2026-09-20,4800.0,5200.0,5000.0
Tamil Nadu,Coimbatore,Sundarapuram(Uzhavar Sandhai ),Garlic,Garlic,Local,2026-09-20,23000.0,24000.0,23500.0
Tamil Nadu,Coimbatore,Sundarapuram(Uzhavar Sandhai ),Bottle gourd,Bottle Gourd,Local,2026-09-20,2500.0,3000.0,2750.0
Tamil Nadu,Coimbatore,Sundarapuram(Uzhavar Sandhai ),Tapioca,Tapioca,Local,2026-09-20,3000.0,3500.0,3250.0
Tamil Nadu,Coimbatore,Sundarapuram(Uzhavar Sandhai ),Ginger(Green),Green Ginger,Local,2026-09-20,16000.0,16500.0,16250.0
Tamil Nadu,Coimbatore,Sundarapuram(Uzhavar Sandhai ),Onion Green,Onion Green,Local,2026-09-20,8500.0,9000.0,8750.0
Haryana,Gurgaon,Gurgaon APMC,Bhindi(Ladies Finger),Other,Grade A,2026-09-20,1500.0,2500.0,2000.0
Haryana,Gurgaon,Gurgaon APMC,Guava,Other,Grade B,2026-09-20,4000.0,6000.0,5000.0
Haryana,Gurgaon,Gurgaon APMC,Brinjal,Brinjal,Grade B,2026-09-20,1000.0,1500.0,1250.0
Telangana,Jogulamba Gadwal,Alampur APMC,Paddy(Common),Common,Local,2026-09-20,2000.0,2500.0,2300.0
Uttar Pradesh,Siddharth Nagar,Bansi APMC,Wheat,Dara,FAQ,2026-09-20,2500.0,2500.0,2500.0
Punjab,Tarntaran,Khadur Sahib(Fetehabad) APMC,Round gourd,Other,Grade B,2026-09-20,2000.0,2000.0,2000.0
Tamil Nadu,Erode,Sathiyamagalam(Uzhavar Sandhai ),Cauliflower,Ranchi,Local,2026-09-20,3000.0,3500.0,3250.0
Tamil Nadu,Erode,Sathiyamagalam(Uzhavar Sandhai ),Brinjal,Other,Local,2026-09-20,2800.0,3200.0,3000.0
Tamil Nadu,Erode,Sathiyamagalam(Uzhavar Sandhai ),Coriander(Leaves),I Sort,Local,2026-09-20,4500.0,5000.0,4750.0
Tamil Nadu,Erode,Sathiyamagalam(Uzhavar Sandhai ),Papaya,Papaya,Local,2026-09-20,2000.0,2400.0,2200.0
Tamil Nadu,Erode,Sathiyamagalam(Uzhavar Sandhai ),Banana - Green,Banana - Green,Local,2026-09-20,3000.0,3500.0,3250.0
Tamil Nadu,Erode,Sathiyamagalam(Uzhavar Sandhai ),Raddish,Raddish,Local,2026-09-20,2400.0,2800.0,2600.0
Tamil Nadu,Erode,Sathiyamagalam(Uzhavar Sandhai ),Knool Khol,Knool Khol,Local,2026-09-20,6400.0,6800.0,6600.0
Tamil Nadu,Erode,Sathiyamagalam(Uzhavar Sandhai ),Lemon,Lemon,Local,2026-09-20,13000.0,14000.0,13500.0
Tamil Nadu,Erode,Sathiyamagalam(Uzhavar Sandhai ),Sweet Corn,Sweet Corn,Local,2026-09-20,2500.0,3000.0,2750.0
Tamil Nadu,Coimbatore,Mettupalayam(Uzhavar Sandhai ),Chikoos(Sapota),Sapota,Local,2026-09-20,4500.0,5000.0,4750.0
Tamil Nadu,Coimbatore,Mettupalayam(Uzhavar Sandhai ),Water Melon,Water Melon,Local,2026-09-20,2000.0,2500.0,2250.0
Tamil Nadu,Coimbatore,Mettupalayam(Uzhavar Sandhai ),Bitter gourd,Bitter Gourd,Local,2026-09-20,4400.0,4800.0,4600.0
Tamil Nadu,Coimbatore,Mettupalayam(Uzhavar Sandhai ),Amaranthus,Amaranthus,Local,2026-09-20,3000.0,4000.0,3500.0
Tamil Nadu,Coimbatore,Mettupalayam(Uzhavar Sandhai ),Green Chilli,Green Chilly,Local,2026-09-20,5000.0,5500.0,5250.0
Tamil Nadu,Coimbatore,Mettupalayam(Uzhavar Sandhai ),Ginger(Green),Green Ginger,Local,2026-09-20,7500.0,17000.0,12250.0
Tamil Nadu,Coimbatore,Mettupalayam(Uzhavar Sandhai ),Drumstick,Drumstick,Local,2026-09-20,2500.0,3500.0,3000.0
Tamil Nadu,Coimbatore,Mettupalayam(Uzhavar Sandhai ),Jack Fruit(Ripe),Jack Fruit,Local,2026-09-20,3500.0,4000.0,3750.0
Tamil Nadu,Coimbatore,Mettupalayam(Uzhavar Sandhai ),Tender Coconut,Tender Coconut,Local,2026-09-20,4500.0,5000.0,4750.0
Tamil Nadu,Coimbatore,Mettupalayam(Uzhavar Sandhai ),Elephant Yam(Suran)/Amorphophallus,Elephant Yam (Suran),Local,2026-09-20,3500.0,4000.0,3750.0
Tamil Nadu,Coimbatore,Mettupalayam(Uzhavar Sandhai ),Onion Green,Onion Green,Local,2026-09-20,8500.0,9200.0,8850.0
Uttar Pradesh,Khiri (Lakhimpur),Mohammdi APMC,Paddy(Common),Common,FAQ,2026-09-20,1800.0,1815.0,1807.25
Uttar Pradesh,Khiri (Lakhimpur),Mohammdi APMC,Wheat,Dara,FAQ,2026-09-20,2550.0,2550.0,2550.0
Telangana,Hyderabad,RYTHU BAZAR MEHDIPATNAM,Cluster beans,Cluster Beans,Grade A,2026-09-20,4000.0,4000.0,4000.0
Telangana,Hyderabad,RYTHU BAZAR MEHDIPATNAM,Cucumbar(Kheera),Cucumbar,Grade A,2026-09-20,2300.0,2300.0,2300.0
Telangana,Hyderabad,RYTHU BAZAR MEHDIPATNAM,Drumstick,Drumstick,Grade A,2026-09-20,8000.0,8000.0,8000.0
Telangana,Hyderabad,RYTHU BAZAR MEHDIPATNAM,French Beans(Frasbean),French Beans (Frasbean),Grade A,2026-09-20,5500.0,5500.0,5500.0
Telangana,Hyderabad,RYTHU BAZAR MEHDIPATNAM,Other green and fresh vegetables,Other,Grade A,2026-09-20,2500.0,2500.0,2500.0
Telangana,Hyderabad,RYTHU BAZAR MEHDIPATNAM,Potato,Potato,Grade A,2026-09-20,2000.0,2000.0,2000.0
Telangana,Hyderabad,RYTHU BAZAR MEHDIPATNAM,Ridgeguard(Tori),Other,Grade A,2026-09-20,3500.0,3500.0,3500.0
Telangana,Hyderabad,RYTHU BAZAR MEHDIPATNAM,Tomato,Deshi,Grade A,2026-09-20,2300.0,2300.0,2300.0
Telangana,Hyderabad,RYTHU BAZAR MEHDIPATNAM,Snakeguard,Other,Grade A,2026-09-20,1800.0,1800.0,1800.0
Telangana,Hyderabad,RYTHU BAZAR MEHDIPATNAM,Bottle gourd,Bottle Gourd,Grade A,2026-09-20,1300.0,1300.0,1300.0
Tamil Nadu,Namakkal,Tiruchengode APMC,Bottle gourd,Bottle Gourd,Local,2026-09-20,1800.0,2000.0,1900.0
Tamil Nadu,Namakkal,Tiruchengode APMC,Cabbage,Cabbage,Local,2026-09-20,2600.0,3000.0,2800.0
Tamil Nadu,Namakkal,Tiruchengode APMC,Raddish,Raddish,Local,2026-09-20,2600.0,3000.0,2800.0
Tamil Nadu,Namakkal,Tiruchengode APMC,Thondekai,Thondekai,Local,2026-09-20,6200.0,7000.0,6600.0
Tamil Nadu,Namakkal,Tiruchengode APMC,Lemon,Lemon,Local,2026-09-20,13000.0,15000.0,14000.0
Telangana,Siddipet,Vantamamidi APMC,Cabbage,Cabbage,Local,2026-09-20,600.0,1000.0,800.0
Telangana,Siddipet,Vantamamidi APMC,Onion Green,Onion Green,Local,2026-09-20,2000.0,2000.0,2000.0
Telangana,Hyderabad,RYTHU BAZAR ERRAGADDA,Potato,Potato,Grade A,2026-09-20,2000.0,2000.0,2000.0
Telangana,Hyderabad,RYTHU BAZAR ERRAGADDA,Cluster beans,Cluster Beans,Grade A,2026-09-20,4000.0,4000.0,4000.0
Telangana,Hyderabad,RYTHU BAZAR ERRAGADDA,Snakeguard,Snakeguard,Grade A,2026-09-20,1800.0,1800.0,1800.0
Telangana,Hyderabad,RYTHU BAZAR ERRAGADDA,Banana - Green,Banana - Green,Grade A,2026-09-20,1000.0,1000.0,1000.0
Telangana,Hyderabad,RYTHU BAZAR ERRAGADDA,Colacasia,Colacasia,Grade A,2026-09-20,2800.0,2800.0,2800.0
Telangana,Hyderabad,RYTHU BAZAR ERRAGADDA,Leafy Vegetable,Leafy Vegetables,Grade A,2026-09-20,1500.0,1500.0,1500.0
Tamil Nadu,Coimbatore,RSPuram(Uzhavar Sandhai ),Apple,American,Local,2026-09-20,20000.0,28000.0,24000.0
Tamil Nadu,Coimbatore,RSPuram(Uzhavar Sandhai ),Brinjal,Other,Local,2026-09-20,3000.0,3600.0,3300.0
Tamil Nadu,Coimbatore,RSPuram(Uzhavar Sandhai ),Green Peas,Green Peas,Local,2026-09-20,18000.0,20000.0,19000.0
Tamil Nadu,Coimbatore,RSPuram(Uzhavar Sandhai ),Papaya,Papaya,Local,2026-09-20,5000.0,5600.0,5300.0
Tamil Nadu,Coimbatore,RSPuram(Uzhavar Sandhai ),Mousambi(Sweet Lime),Mousambi,Local,2026-09-20,4000.0,4500.0,4250.0
Tamil Nadu,Coimbatore,RSPuram(Uzhavar Sandhai ),Cluster beans,Cluster Beans,Local,2026-09-20,3400.0,3800.0,3600.0
Tamil Nadu,Coimbatore,RSPuram(Uzhavar Sandhai ),Bottle gourd,Bottle Gourd,Local,2026-09-20,2600.0,3000.0,2800.0
Tamil Nadu,Coimbatore,RSPuram(Uzhavar Sandhai ),Green Chilli,Green Chilly,Local,2026-09-20,4600.0,5200.0,4900.0
Tamil Nadu,Coimbatore,RSPuram(Uzhavar Sandhai ),Banana - Green,Banana - Green,Local,2026-09-20,3500.0,4200.0,3850.0
Tamil Nadu,Coimbatore,RSPuram(Uzhavar Sandhai ),Ginger(Green),Green Ginger,Local,2026-09-20,14800.0,15800.0,15300.0
Tamil Nadu,Coimbatore,RSPuram(Uzhavar Sandhai ),Cabbage,Cabbage,Local,2026-09-20,2000.0,2200.0,2100.0
Tamil Nadu,Coimbatore,RSPuram(Uzhavar Sandhai ),Ridgeguard(Tori),Ridgeguard(Tori),Local,2026-09-20,3800.0,4200.0,4000.0
Tamil Nadu,Coimbatore,RSPuram(Uzhavar Sandhai ),Karbuja(Musk Melon),Karbhuja,Local,2026-09-20,4400.0,4800.0,4600.0
Tamil Nadu,Coimbatore,RSPuram(Uzhavar Sandhai ),Pear(Marasebu),Pears,Local,2026-09-20,14000.0,15000.0,14500.0
Tamil Nadu,Coimbatore,RSPuram(Uzhavar Sandhai ),Onion Green,Onion Green,Local,2026-09-20,8400.0,9000.0,8700.0
Tamil Nadu,Coimbatore,Singanallur(Uzhavar Sandhai ),Garlic,Garlic,Local,2026-09-20,20000.0,24000.0,22000.0
Tamil Nadu,Coimbatore,Singanallur(Uzhavar Sandhai ),Coriander(Leaves),I Sort,Local,2026-09-20,4400.0,5000.0,4700.0
Tamil Nadu,Coimbatore,Singanallur(Uzhavar Sandhai ),Green Peas,Green Peas,Local,2026-09-20,20000.0,21000.0,20500.0
Tamil Nadu,Coimbatore,Singanallur(Uzhavar Sandhai ),Bhindi(Ladies Finger),Bhindi,Local,2026-09-20,4000.0,4600.0,4300.0
Tamil Nadu,Coimbatore,Singanallur(Uzhavar Sandhai ),Sweet Potato,Hosur Red,Local,2026-09-20,5400.0,6000.0,5700.0
Tamil Nadu,Coimbatore,Singanallur(Uzhavar Sandhai ),Cabbage,Cabbage,Local,2026-09-20,2000.0,2500.0,2250.0
Tamil Nadu,Coimbatore,Singanallur(Uzhavar Sandhai ),Lemon,Lemon,Local,2026-09-20,24000.0,26000.0,25000.0
Tamil Nadu,Coimbatore,Singanallur(Uzhavar Sandhai ),Onion Green,Onion Green,Local,2026-09-20,8600.0,9200.0,8900.0
Odisha,Mayurbhanja,Narasinghpur APMC,Ladies Finger,Ladies Finger,Local,2026-09-20,3000.0,4000.0,3500.0
Tamil Nadu,Coimbatore,Pollachi(Uzhavar Sandhai ),Potato,Red Nanital,Local,2026-09-20,4000.0,6500.0,5250.0
Tamil Nadu,Coimbatore,Pollachi(Uzhavar Sandhai ),Garlic,Garlic,Local,2026-09-20,18000.0,22000.0,20000.0
Tamil Nadu,Coimbatore,Pollachi(Uzhavar Sandhai ),Cluster beans,Cluster Beans,Local,2026-09-20,4000.0,4500.0,4250.0
Tamil Nadu,Coimbatore,Pollachi(Uzhavar Sandhai ),Beans,Beans (Whole),Local,2026-09-20,6500.0,7500.0,7000.0
Tamil Nadu,Coimbatore,Pollachi(Uzhavar Sandhai ),Ginger(Green),Green Ginger,Local,2026-09-20,16000.0,18000.0,17000.0
Tamil Nadu,Coimbatore,Pollachi(Uzhavar Sandhai ),Green Avare(W),Green Avare (W),Local,2026-09-20,5500.0,6000.0,5750.0
Tamil Nadu,Coimbatore,Pollachi(Uzhavar Sandhai ),Yam(Ratalu),Yam (Ratalu),Local,2026-09-20,5000.0,6000.0,5500.0
Tamil Nadu,Coimbatore,Pollachi(Uzhavar Sandhai ),Mashrooms,Mashrooms,Local,2026-09-20,18000.0,20000.0,19000.0
Uttar Pradesh,Mahoba,Charkhari APMC,Wheat,Dara,FAQ,2026-09-20,2400.0,2400.0,2400.0
Uttar Pradesh,Hamirpur,Raath APMC,Wheat,Deshi,FAQ,2026-09-20,2400.0,2400.0,2400.0
Uttar Pradesh,Muzaffarnagar,Khatauli APMC,Potato,Other,FAQ,2026-09-20,600.0,600.0,600.0
Odisha,Bargarh,Godbhaga APMC,Brinjal,Other,Local,2026-09-20,2700.0,3100.0,2900.0
Telangana,Ranga Reddy,"Vanasthalipuram,RBZ",Cabbage,Cabbage,Grade A,2026-09-20,1300.0,1300.0,1300.0
Telangana,Ranga Reddy,"Vanasthalipuram,RBZ",Potato,Potato,Grade A,2026-09-20,2000.0,2000.0,2000.0
Telangana,Ranga Reddy,"Vanasthalipuram,RBZ",Green Chilli,Green Chilly,Grade A,2026-09-20,4000.0,4000.0,4000.0
Telangana,Ranga Reddy,"Vanasthalipuram,RBZ",Bottle gourd,Bottle Gourd,Grade A,2026-09-20,1300.0,1300.0,1300.0
Telangana,Ranga Reddy,"Vanasthalipuram,RBZ",Snakeguard,Snakeguard,Grade A,2026-09-20,1800.0,1800.0,1800.0
Telangana,Ranga Reddy,"Vanasthalipuram,RBZ",Onion,Onion,Grade A,2026-09-20,4000.0,4000.0,4000.0
Telangana,Ranga Reddy,"Vanasthalipuram,RBZ",Beetroot,Beetroot,Grade A,2026-09-20,2800.0,2800.0,2800.0
Telangana,Ranga Reddy,"Vanasthalipuram,RBZ",Cucumbar(Kheera),Other,Grade A,2026-09-20,2300.0,2300.0,2300.0
Tamil Nadu,Karur,Karur(Uzhavar Sandhai ),Coriander(Leaves),I Sort,Local,2026-09-20,5500.0,6000.0,5750.0
Tamil Nadu,Karur,Karur(Uzhavar Sandhai ),Banana - Green,Banana - Green,Local,2026-09-20,2500.0,3000.0,2750.0
Tamil Nadu,Karur,Karur(Uzhavar Sandhai ),Knool Khol,Knool Khol,Local,2026-09-20,6500.0,7000.0,6750.0
Tamil Nadu,Karur,Karur(Uzhavar Sandhai ),Elephant Yam(Suran)/Amorphophallus,Elephant Yam (Suran),Local,2026-09-20,4500.0,5000.0,4750.0
Tamil Nadu,Coimbatore,Kurichi(Uzhavar Sandhai ),Banana,Red Banana,Local,2026-09-20,8000.0,8500.0,8250.0
Tamil Nadu,Coimbatore,Kurichi(Uzhavar Sandhai ),Coriander(Leaves),I Sort,Local,2026-09-20,4500.0,5000.0,4750.0
Tamil Nadu,Coimbatore,Kurichi(Uzhavar Sandhai ),Papaya,Papaya,Local,2026-09-20,5000.0,5500.0,5250.0
Tamil Nadu,Coimbatore,Kurichi(Uzhavar Sandhai ),Amaranthus,Amaranthus,Local,2026-09-20,5500.0,6500.0,6000.0
Tamil Nadu,Coimbatore,Kurichi(Uzhavar Sandhai ),Green Chilli,Green Chilly,Local,2026-09-20,6000.0,6500.0,6250.0
Tamil Nadu,Coimbatore,Kurichi(Uzhavar Sandhai ),Tapioca,Tapioca,Local,2026-09-20,3000.0,3500.0,3250.0
Tamil Nadu,Coimbatore,Kurichi(Uzhavar Sandhai ),Sweet Potato,Hosur Red,Local,2026-09-20,5500.0,6000.0,5750.0
Tamil Nadu,Coimbatore,Kurichi(Uzhavar Sandhai ),Cucumbar(Kheera),Cucumbar,Local,2026-09-20,4000.0,4500.0,4250.0
Tamil Nadu,Coimbatore,Kurichi(Uzhavar Sandhai ),Thondekai,Thondekai,Local,2026-09-20,3500.0,4000.0,3750.0
Tamil Nadu,Coimbatore,Kurichi(Uzhavar Sandhai ),Onion Green,Onion Green,Local,2026-09-20,8500.0,9000.0,8750.0
Tamil Nadu,Cuddalore,Chidambaram(Uzhavar Sandhai ),Coconut,Coconut,Local,2026-09-20,6000.0,6000.0,6000.0
Tamil Nadu,Cuddalore,Cuddalore(Uzhavar Sandhai ),Potato,Red Nanital,Local,2026-09-20,4000.0,4000.0,4000.0
Tamil Nadu,Cuddalore,Cuddalore(Uzhavar Sandhai ),Papaya,Papaya,Local,2026-09-20,4000.0,4000.0,4000.0
Tamil Nadu,Cuddalore,Cuddalore(Uzhavar Sandhai ),Bottle gourd,Bottle Gourd,Local,2026-09-20,2000.0,2500.0,2250.0
Tamil Nadu,Cuddalore,Cuddalore(Uzhavar Sandhai ),Beans,Beans (Whole),Local,2026-09-20,11000.0,11000.0,11000.0
Tamil Nadu,Cuddalore,Cuddalore(Uzhavar Sandhai ),Cabbage,Cabbage,Local,2026-09-20,2500.0,2500.0,2500.0
Tamil Nadu,Cuddalore,Cuddalore(Uzhavar Sandhai ),Beetroot,Beetroot,Local,2026-09-20,4000.0,4000.0,4000.0
Tamil Nadu,Cuddalore,Cuddalore(Uzhavar Sandhai ),Capsicum,Capsicum,Local,2026-09-20,5000.0,5000.0,5000.0
Tamil Nadu,Cuddalore,Cuddalore(Uzhavar Sandhai ),Yam(Ratalu),Yam (Ratalu),Local,2026-09-20,6000.0,6000.0,6000.0
Tamil Nadu,Tuticorin,Tuticorin(Uzhavar Sandhai ),Orange,Darjeeling,Local,2026-09-20,14000.0,15000.0,14500.0
Tamil Nadu,Tuticorin,Tuticorin(Uzhavar Sandhai ),Banana,Besrai,Local,2026-09-20,2500.0,3000.0,2750.0
Tamil Nadu,Tuticorin,Tuticorin(Uzhavar Sandhai ),Brinjal,Round,Local,2026-09-20,3000.0,3500.0,3250.0
Tamil Nadu,Tuticorin,Tuticorin(Uzhavar Sandhai ),Coriander(Leaves),I Sort,Local,2026-09-20,5000.0,6000.0,5500.0
Tamil Nadu,Tuticorin,Tuticorin(Uzhavar Sandhai ),Tomato,Local,Local,2026-09-20,2500.0,3000.0,2750.0
Tamil Nadu,Tuticorin,Tuticorin(Uzhavar Sandhai ),Cluster beans,Cluster Beans,Local,2026-09-20,2500.0,3000.0,2750.0
Tamil Nadu,Tuticorin,Tuticorin(Uzhavar Sandhai ),Amaranthus,Amaranthus,Local,2026-09-20,800.0,1000.0,900.0
Tamil Nadu,Tuticorin,Tuticorin(Uzhavar Sandhai ),Cowpea(Veg),Cowpea (Veg),Local,2026-09-20,3500.0,4000.0,3750.0
Tamil Nadu,Tuticorin,Tuticorin(Uzhavar Sandhai ),Banana - Green,Banana - Green,Local,2026-09-20,2500.0,3000.0,2750.0
Tamil Nadu,Tuticorin,Tuticorin(Uzhavar Sandhai ),Ginger(Green),Green Ginger,Local,2026-09-20,19000.0,20000.0,19500.0
Tamil Nadu,Tuticorin,Tuticorin(Uzhavar Sandhai ),Thondekai,Thondekai,Local,2026-09-20,4500.0,5000.0,4750.0
Tamil Nadu,Tuticorin,Tuticorin(Uzhavar Sandhai ),Chow Chow,Chow Chow,Local,2026-09-20,3500.0,4000.0,3750.0
Tamil Nadu,Tuticorin,Tuticorin(Uzhavar Sandhai ),Pomegranate,Pomogranate,Local,2026-09-20,21000.0,22000.0,21500.0
Tamil Nadu,Tuticorin,Tuticorin(Uzhavar Sandhai ),Elephant Yam(Suran)/Amorphophallus,Elephant Yam (Suran),Local,2026-09-20,4500.0,5000.0,4750.0
Bihar,Madhubani,Madhubani APMC,Potato,Red,FAQ,2026-09-20,1050.0,1200.0,1100.0
Assam,Tinsukia,Tinsukia Market,Carrot,Carrot,FAQ,2026-09-20,7000.0,12000.0,9000.0
Assam,Tinsukia,Tinsukia Market,Ridgeguard(Tori),Ridgeguard(Tori),FAQ,2026-09-20,2000.0,3500.0,3000.0
Assam,Tinsukia,Tinsukia Market,Pumpkin,Other,FAQ,2026-09-20,1600.0,2000.0,1800.0
Assam,Tinsukia,Tinsukia Market,Beetroot,Beetroot,FAQ,2026-09-20,5000.0,7000.0,6000.0
Assam,Tinsukia,Tinsukia Market,Cucumbar(Kheera),Other,FAQ,2026-09-20,3000.0,5000.0,4000.0
Assam,Tinsukia,Tinsukia Market,Bottle gourd,Other,FAQ,2026-09-20,2000.0,3500.0,3000.0
Assam,Tinsukia,Tinsukia Market,Bhindi(Ladies Finger),Bhindi,FAQ,2026-09-20,3000.0,4000.0,3500.0
Tamil Nadu,Nagercoil (Kannyiakumari),Vadaseri APMC,Green Chilli,Green Chilly,Local,2026-09-20,8500.0,9000.0,8750.0
Tamil Nadu,Nagercoil (Kannyiakumari),Vadaseri APMC,Cowpea(Veg),Cowpea (Veg),Local,2026-09-20,4300.0,4800.0,4550.0
Tamil Nadu,Nagercoil (Kannyiakumari),Vadaseri APMC,Banana - Green,Banana - Green,Local,2026-09-20,5500.0,6000.0,5750.0
Tamil Nadu,Nagercoil (Kannyiakumari),Vadaseri APMC,Ginger(Green),Green Ginger,Local,2026-09-20,18000.0,20000.0,19000.0
Tamil Nadu,Nagercoil (Kannyiakumari),Vadaseri APMC,Carrot,Pusakesar,Local,2026-09-20,6500.0,7000.0,6750.0
Tamil Nadu,Nagercoil (Kannyiakumari),Vadaseri APMC,Drumstick,Drumstick,Local,2026-09-20,4500.0,5000.0,4750.0
Tamil Nadu,Nagercoil (Kannyiakumari),Vadaseri APMC,Jasmine,Jasmine,Local,2026-09-20,35000.0,40000.0,37500.0
Tamil Nadu,Nagercoil (Kannyiakumari),Vadaseri APMC,Tamarind Fruit,Tamarind Fruit,Local,2026-09-20,13000.0,14000.0,13500.0
Maharashtra,Ahilyanagar,APMC Rahata,Potato,Other,Local,2026-09-20,700.0,1200.0,950.0
Maharashtra,Ahilyanagar,APMC Rahata,Beans,Other,Local,2026-09-20,1000.0,1200.0,1100.0
Maharashtra,Ahilyanagar,APMC Rahata,Methi(Leaves),Other,Local,2026-09-20,5.0,11.0,8.0
Madhya Pradesh,Morena,Kailaras APMC,Coriander(Leaves),Other,FAQ,2026-09-20,1000.0,2000.0,2000.0
Madhya Pradesh,Morena,Kailaras APMC,Apple,Other,Medium,2026-09-20,1800.0,1800.0,1800.0
Madhya Pradesh,Morena,Kailaras APMC,Brinjal,Other,FAQ,2026-09-20,1000.0,1000.0,1000.0
Madhya Pradesh,Morena,Kailaras APMC,Coriander(Leaves),Coriander,FAQ,2026-09-20,2000.0,2000.0,2000.0
Madhya Pradesh,Morena,Kailaras APMC,Tomato,Other,FAQ,2026-09-20,1600.0,1600.0,1600.0
Madhya Pradesh,Mandla,Mandla APMC,Kutki,Kutki,Non-FAQ,2026-09-20,7400.0,7700.0,7400.0
Tamil Nadu,Vellore,Thirupathur APMC,Brinjal,Round,Local,2026-09-20,3600.0,3600.0,3600.0
Tamil Nadu,Vellore,Thirupathur APMC,Coriander(Leaves),I Sort,Local,2026-09-20,4000.0,4000.0,4000.0
Tamil Nadu,Vellore,Thirupathur APMC,Green Peas,Green Peas,Local,2026-09-20,10000.0,10000.0,10000.0
Tamil Nadu,Vellore,Thirupathur APMC,Papaya,Papaya,Local,2026-09-20,4000.0,4000.0,4000.0
Tamil Nadu,Vellore,Thirupathur APMC,Bottle gourd,Bottle Gourd,Local,2026-09-20,2000.0,2000.0,2000.0
Tamil Nadu,Vellore,Thirupathur APMC,Bhindi(Ladies Finger),Bhindi,Local,2026-09-20,3000.0,3000.0,3000.0
Tamil Nadu,Vellore,Thirupathur APMC,Amaranthus,Amaranthus,Local,2026-09-20,2000.0,2000.0,2000.0
Tamil Nadu,Vellore,Thirupathur APMC,Green Chilli,Green Chilly,Local,2026-09-20,7000.0,7000.0,7000.0
Tamil Nadu,Vellore,Thirupathur APMC,Cowpea(Veg),Cowpea (Veg),Local,2026-09-20,6000.0,6000.0,6000.0
Tamil Nadu,Vellore,Thirupathur APMC,Tapioca,Tapioca,Local,2026-09-20,3000.0,3000.0,3000.0
Tamil Nadu,Vellore,Thirupathur APMC,Raddish,Raddish,Local,2026-09-20,2800.0,2800.0,2800.0
Tamil Nadu,Vellore,Thirupathur APMC,Amla(Nelli Kai),Amla,Local,2026-09-20,8000.0,8000.0,8000.0
Tamil Nadu,Vellore,Vellore APMC,Onion,Bellary,Local,2026-09-20,6000.0,6000.0,6000.0
Tamil Nadu,Vellore,Vellore APMC,Mousambi(Sweet Lime),Mousambi,Local,2026-09-20,7000.0,7000.0,7000.0
Tamil Nadu,Vellore,Vellore APMC,Bitter gourd,Bitter Gourd,Local,2026-09-20,3000.0,3000.0,3000.0
Tamil Nadu,Vellore,Vellore APMC,Green Chilli,Green Chilly,Local,2026-09-20,5000.0,5000.0,5000.0
Tamil Nadu,Vellore,Vellore APMC,Tapioca,Tapioca,Local,2026-09-20,4000.0,4000.0,4000.0
Tamil Nadu,Vellore,Vellore APMC,Ginger(Green),Green Ginger,Local,2026-09-20,16000.0,16000.0,16000.0
Tamil Nadu,Vellore,Vellore APMC,Drumstick,Drumstick,Local,2026-09-20,4500.0,4500.0,4500.0
Tamil Nadu,Vellore,Vellore APMC,Guava,Guava Allahabad,Local,2026-09-20,10000.0,10000.0,10000.0
Bihar,Sheikhpura,Shekhpura APMC,Wheat,147 Average,FAQ,2026-09-20,2585.0,2710.0,2640.0
Bihar,Sheikhpura,Shekhpura APMC,Bitter gourd,Bitter Gourd,FAQ,2026-09-20,3970.0,4100.0,4020.0
Tamil Nadu,Dharmapuri,Harur(Uzhavar Sandhai ),Banana,Besrai,Local,2026-09-20,5000.0,6000.0,5500.0
Tamil Nadu,Dharmapuri,Harur(Uzhavar Sandhai ),Potato,Red Nanital,Local,2026-09-20,2500.0,3000.0,2750.0
Tamil Nadu,Dharmapuri,Harur(Uzhavar Sandhai ),Garlic,Garlic,Local,2026-09-20,20000.0,25000.0,22500.0
Tamil Nadu,Dharmapuri,Harur(Uzhavar Sandhai ),Tomato,Deshi,Local,2026-09-20,2000.0,2500.0,2250.0
Tamil Nadu,Dharmapuri,Harur(Uzhavar Sandhai ),Banana - Green,Banana - Green,Local,2026-09-20,2000.0,2500.0,2250.0
Tamil Nadu,Dharmapuri,Harur(Uzhavar Sandhai ),Beetroot,Beetroot,Local,2026-09-20,4500.0,5000.0,4750.0
Tamil Nadu,Dharmapuri,Harur(Uzhavar Sandhai ),Chow Chow,Chow Chow,Local,2026-09-20,4000.0,4500.0,4250.0
Tamil Nadu,Krishnagiri,Kaveripattinam(Uzhavar Sandhai ),Beans,Beans (Whole),Local,2026-09-20,9000.0,9000.0,9000.0
Tamil Nadu,Krishnagiri,Kaveripattinam(Uzhavar Sandhai ),Carrot,Pusakesar,Local,2026-09-20,5000.0,5000.0,5000.0
Tamil Nadu,Krishnagiri,Kaveripattinam(Uzhavar Sandhai ),Snakeguard,Snakeguard,Local,2026-09-20,3000.0,3000.0,3000.0
Tamil Nadu,Krishnagiri,Kaveripattinam(Uzhavar Sandhai ),Chow Chow,Chow Chow,Local,2026-09-20,3500.0,3500.0,3500.0
Tamil Nadu,Krishnagiri,Kaveripattinam(Uzhavar Sandhai ),Mango(Raw-Ripe),Mango - Raw-Ripe,Local,2026-09-20,9000.0,9000.0,9000.0
Tamil Nadu,The Nilgiris,Coonoor(Uzhavar Sandhai ),Banana,Red Banana,Local,2026-09-20,8500.0,9000.0,8750.0
Tamil Nadu,The Nilgiris,Coonoor(Uzhavar Sandhai ),Potato,Other,Local,2026-09-20,4500.0,5000.0,4750.0
Tamil Nadu,The Nilgiris,Coonoor(Uzhavar Sandhai ),Garlic,Garlic,Local,2026-09-20,19000.0,20000.0,19500.0
Tamil Nadu,The Nilgiris,Coonoor(Uzhavar Sandhai ),Green Chilli,Green Chilly,Local,2026-09-20,5000.0,5500.0,5250.0
Tamil Nadu,The Nilgiris,Coonoor(Uzhavar Sandhai ),Coconut,Coconut,Local,2026-09-20,6000.0,6400.0,6200.0
Tamil Nadu,The Nilgiris,Coonoor(Uzhavar Sandhai ),Carrot,Pusakesar,Local,2026-09-20,3600.0,4000.0,3800.0
Tamil Nadu,The Nilgiris,Coonoor(Uzhavar Sandhai ),Snakeguard,Snakeguard,Local,2026-09-20,3500.0,3800.0,3650.0
Tamil Nadu,The Nilgiris,Coonoor(Uzhavar Sandhai ),Beetroot,Beetroot,Local,2026-09-20,4500.0,5000.0,4750.0
Tamil Nadu,The Nilgiris,Coonoor(Uzhavar Sandhai ),Onion Green,Onion Green,Local,2026-09-20,8800.0,9200.0,9000.0
Tamil Nadu,The Nilgiris,Gudalur(Uzhavar Sandhai ),Pumpkin,Pumpkin,Local,2026-09-20,1800.0,2000.0,1900.0
Tamil Nadu,The Nilgiris,Gudalur(Uzhavar Sandhai ),Banana - Green,Banana - Green,Local,2026-09-20,4000.0,4500.0,4250.0
Tamil Nadu,The Nilgiris,Gudalur(Uzhavar Sandhai ),Beans,Beans (Whole),Local,2026-09-20,7000.0,8000.0,7500.0
Tamil Nadu,The Nilgiris,Gudalur(Uzhavar Sandhai ),Cucumbar(Kheera),Cucumbar,Local,2026-09-20,3500.0,4000.0,3750.0
Tamil Nadu,The Nilgiris,Gudalur(Uzhavar Sandhai ),Ridgeguard(Tori),Ridgeguard(Tori),Local,2026-09-20,4500.0,5000.0,4750.0
Tamil Nadu,The Nilgiris,Gudalur(Uzhavar Sandhai ),Lemon,Lemon,Local,2026-09-20,24000.0,25000.0,24500.0
Tamil Nadu,The Nilgiris,Gudalur(Uzhavar Sandhai ),Mint(Pudina),Mint(Pudina),Local,2026-09-20,5000.0,6000.0,5500.0
Odisha,Angul,Angul APMC,Brinjal,Other,Grade B,2026-09-20,3000.0,3000.0,3000.0
Odisha,Angul,Angul APMC,Cucumbar(Kheera),Other,Grade B,2026-09-20,3500.0,3500.0,3500.0
Odisha,Angul,Angul APMC,Onion,Other,Grade B,2026-09-20,4200.0,4200.0,4200.0
Gujarat,Ahmedabad,Viramgam APMC,Wheat,Other,Local,2026-09-20,2785.0,2835.0,2830.0
Himachal Pradesh,Kullu,SMY Bhuntar,Lemon,Other,FAQ,2026-09-20,10000.0,16000.0,13000.0
Himachal Pradesh,Kullu,SMY Bhuntar,Potato,Other,FAQ,2026-09-20,900.0,2400.0,1600.0
Himachal Pradesh,Kullu,SMY Bhuntar,Cabbage,Other,FAQ,2026-09-20,1800.0,2000.0,1900.0
Himachal Pradesh,Kullu,SMY Bhuntar,Bhindi(Ladies Finger),Other,FAQ,2026-09-20,3400.0,3500.0,3450.0
Himachal Pradesh,Kullu,SMY Bhuntar,Pumpkin,Other,FAQ,2026-09-20,2000.0,2500.0,2200.0
Himachal Pradesh,Kullu,SMY Bhuntar,Papaya,Other,Medium,2026-09-20,5000.0,5500.0,5200.0
Himachal Pradesh,Kullu,SMY Bhuntar,Orange,Other,Medium,2026-09-20,10000.0,12000.0,11500.0
Himachal Pradesh,Kullu,SMY Bhuntar,Apple,Apple,Medium,2026-09-20,6000.0,9000.0,8000.0
Uttar Pradesh,Agra,Agra APMC,Green Chilli,Other,FAQ,2026-09-20,1500.0,1500.0,1500.0
Punjab,Tarntaran,Patti APMC,Bitter gourd,Other,Local,2026-09-20,0.04,0.04,0.04
Punjab,Tarntaran,Patti APMC,Carrot,Other,Local,2026-09-20,200.0,200.0,200.0
Punjab,Tarntaran,Patti APMC,Garlic,Other,Local,2026-09-20,12.6,12.6,12.6
Punjab,Tarntaran,Patti APMC,Onion,Other,Non-FAQ,2026-09-20,0.08,0.08,0.08
Punjab,Tarntaran,Patti APMC,Pea Pod/Pea Cod/हरी मटर,Other,Local,2026-09-20,5000.0,5000.0,5000.0
Punjab,Tarntaran,Patti APMC,Tomato,Other,Local,2026-09-20,0.02,0.02,0.02
Uttarakhand,Dehradoon,Vikasnagar APMC,Bhindi(Ladies Finger),Other,Medium,2026-09-20,1200.0,1500.0,1500.0
Uttarakhand,Dehradoon,Vikasnagar APMC,Tomato,Other,Medium,2026-09-20,900.0,1200.0,1200.0
Uttarakhand,Dehradoon,Vikasnagar APMC,Green Chilli,Green Chilly,Medium,2026-09-20,1200.0,2500.0,2500.0
Uttarakhand,Dehradoon,Vikasnagar APMC,Pumpkin,Pumpkin,Medium,2026-09-20,400.0,600.0,600.0
Uttarakhand,Dehradoon,Vikasnagar APMC,Bottle gourd,Other,Medium,2026-09-20,800.0,900.0,900.0
Uttarakhand,Dehradoon,Vikasnagar APMC,Mousambi(Sweet Lime),Other,Medium,2026-09-20,1500.0,1600.0,1600.0
Haryana,Faridabad,Ballabhgarh APMC,Pumpkin,Other,FAQ,2026-09-20,1000.0,1400.0,1200.0
Odisha,Jharsuguda,Jharsuguda APMC,Onion,Other,Grade A,2026-09-20,5000.0,5500.0,5000.0
Haryana,Hissar,Hansi APMC,Apple,Other,Grade B,2026-09-20,4000.0,12000.0,8000.0
Haryana,Hissar,Hansi APMC,Mousambi(Sweet Lime),Other,Grade B,2026-09-20,3000.0,3500.0,3250.0
Haryana,Hissar,Hansi APMC,Capsicum,Other,FAQ,2026-09-20,4000.0,5000.0,4500.0
Haryana,Hissar,Hansi APMC,Chikoos(Sapota),Other,Grade B,2026-09-20,6000.0,10000.0,8000.0
Haryana,Hissar,Hansi APMC,Peas Wet,Other,FAQ,2026-09-20,10000.0,12000.0,11000.0
Haryana,Hissar,Hansi APMC,Bottle gourd,Other,FAQ,2026-09-20,600.0,800.0,700.0
Haryana,Hissar,Hansi APMC,Raddish,Other,FAQ,2026-09-20,1500.0,2000.0,1750.0
Telangana,Medchal Malkajgiri,"Kukatpally,RBZ",Ridgeguard(Tori),Other,Local,2026-09-20,3500.0,3500.0,3500.0
Telangana,Medchal Malkajgiri,"Kukatpally,RBZ",Potato,Other,Local,2026-09-20,2000.0,2000.0,2000.0
Uttarakhand,Udhamsinghnagar,Jaspur(UC) APMC,Brinjal,Brinjal,FAQ,2026-09-20,1400.0,1400.0,1400.0
Andhra Pradesh,Anakapally,Anakapally APMC,Gur(Jaggery),Anakapalli,Grade Range-3,2026-09-20,4300.0,4300.0,4300.0
Keralam,Kollam,Chathanoor Market,Potato,Other,FAQ,2026-09-20,3800.0,4200.0,4000.0
Andhra Pradesh,Prakasam,Santhamaguluru APMC,Paddy(Common),B P T,FAQ,2026-09-20,2500.0,2580.0,2550.0
Andhra Pradesh,Prakasam,Maddipadu APMC,Bajra(Pearl Millet/Cumbu),Bold,FAQ,2026-09-20,2850.0,2850.0,2850.0
Keralam,Kozhikode(Calicut),Mukkom Market,Ginger(Green),Green Ginger,FAQ,2026-09-20,16500.0,17500.0,17000.0
Keralam,Kozhikode(Calicut),Mukkom Market,Banana - Green,Banana - Green,FAQ,2026-09-20,5500.0,5900.0,5700.0
Keralam,Kozhikode(Calicut),Mukkom Market,Snakeguard,Snakeguard,FAQ,2026-09-20,3600.0,4000.0,3800.0
Keralam,Kozhikode(Calicut),Mukkom Market,Tomato,Tomato,FAQ,2026-09-20,2100.0,2300.0,2200.0
Telangana,Ranga Reddy,"Saroornagar,RBZ",Drumstick,Drumstick,Medium,2026-09-20,4500.0,4500.0,4500.0
Telangana,Ranga Reddy,"Saroornagar,RBZ",Beetroot,Beetroot,Medium,2026-09-20,2800.0,2800.0,2800.0
Telangana,Ranga Reddy,"Saroornagar,RBZ",Ridgeguard(Tori),Other,Medium,2026-09-20,3500.0,3500.0,3500.0
Telangana,Ranga Reddy,"Saroornagar,RBZ",Onion,Other,Medium,2026-09-20,4000.0,4000.0,4000.0
Telangana,Ranga Reddy,"Saroornagar,RBZ",Cauliflower,Cauliflower,Medium,2026-09-20,2100.0,2100.0,2100.0
Uttar Pradesh,Banda,Banda APMC,Wood,Other,FAQ,2026-09-20,500.0,600.0,577.41
Telangana,Hyderabad,RYTHU BAZAR FALAKNUMA,Green Chilli,Green Chilly,Grade A,2026-09-20,4000.0,4000.0,4000.0
Telangana,Hyderabad,RYTHU BAZAR FALAKNUMA,Bitter gourd,Bitter Gourd,Grade A,2026-09-20,3200.0,3200.0,3200.0
Telangana,Hyderabad,RYTHU BAZAR FALAKNUMA,Leafy Vegetable,Leafy Vegetables,Grade A,2026-09-20,3000.0,3000.0,3000.0
Telangana,Hyderabad,RYTHU BAZAR FALAKNUMA,French Beans(Frasbean),French Beans (Frasbean),Grade A,2026-09-20,5500.0,5500.0,5500.0
Telangana,Hyderabad,RYTHU BAZAR FALAKNUMA,Drumstick,Drumstick,Grade A,2026-09-20,4500.0,4500.0,4500.0
Madhya Pradesh,Sidhi,Sidhi APMC,Wheat,Mill Quality,Non-FAQ,2026-09-20,2400.0,2430.0,2410.0
Keralam,Idukki,Kattappana Market,Brinjal,Other,Medium,2026-09-20,4200.0,4500.0,4200.0
Keralam,Idukki,Kattappana Market,Capsicum,Other,Medium,2026-09-20,7500.0,8500.0,8000.0
Keralam,Idukki,Kattappana Market,Cabbage,Other,Medium,2026-09-20,3000.0,3300.0,3200.0
Keralam,Idukki,Kattappana Market,Bhindi(Ladies Finger),Other,Medium,2026-09-20,4800.0,5400.0,5000.0
Keralam,Idukki,Kattappana Market,Little gourd(Kundru),Other,Medium,2026-09-20,4000.0,4500.0,4300.0
Keralam,Idukki,Kattappana Market,Onion,Small,Medium,2026-09-20,8000.0,8700.0,8500.0
Keralam,Idukki,Kattappana Market,Yam(Ratalu),Other,Medium,2026-09-20,5800.0,6500.0,6000.0
Keralam,Idukki,Kattappana Market,Banana,Nendra Bale,Medium,2026-09-20,6000.0,7000.0,6500.0
Keralam,Idukki,Kattappana Market,Banana,Palayamthodan,Medium,2026-09-20,2400.0,2500.0,2500.0
Haryana,Sonipat,Ganaur APMC,Cabbage,Cabbage,Medium,2026-09-20,2500.0,3000.0,2800.0
Haryana,Sonipat,Ganaur APMC,Peas Wet,Peas Wet,Medium,2026-09-20,10000.0,15000.0,12000.0
Haryana,Sonipat,Ganaur APMC,Coriander(Leaves),Coriander,Medium,2026-09-20,6000.0,7000.0,6500.0
Haryana,Sonipat,Ganaur APMC,Lemon,Lemon,Medium,2026-09-20,12000.0,15000.0,14000.0
Haryana,Sonipat,Ganaur APMC,Spinach,Spinach,Medium,2026-09-20,2500.0,3000.0,2800.0
Haryana,Sonipat,Ganaur APMC,Ginger(Green),Green Ginger,Medium,2026-09-20,10000.0,12000.0,10000.0
Punjab,Gurdaspur,Quadian APMC,Onion,Other,Grade A,2026-09-20,3300.0,3500.0,3400.0
Keralam,Kollam,Anchal Market,Amaranthus,Amaranthus,Local,2026-09-20,3800.0,3800.0,3800.0
Keralam,Kollam,Anchal Market,Ashgourd,Ashgourd,Local,2026-09-20,6300.0,6300.0,6300.0
Keralam,Kollam,Anchal Market,Beetroot,Beetroot,Local,2026-09-20,4300.0,4300.0,4300.0
Keralam,Kollam,Anchal Market,Colacasia,Colacasia,Local,2026-09-20,6300.0,6300.0,6300.0
Keralam,Kollam,Anchal Market,Elephant Yam(Suran)/Amorphophallus,Elephant Yam (Suran),Local,2026-09-20,4400.0,4400.0,4400.0
Keralam,Kollam,Anchal Market,Drumstick,Drumstick,Local,2026-09-20,7700.0,7700.0,7700.0
Keralam,Kollam,Anchal Market,Banana,Rasakathai,Medium,2026-09-20,8300.0,8300.0,8300.0
Keralam,Kollam,Anchal Market,Banana,Robusta,Medium,2026-09-20,4500.0,4500.0,4500.0
Andhra Pradesh,NTR,Nandigama APMC,Maize,Hybrid,Grade Range-1,2026-09-20,2340.0,2340.0,2340.0
Rajasthan,Jalore,Jalore APMC,Capsicum,Other,Local,2026-09-20,2800.0,3200.0,3000.0
Rajasthan,Jalore,Jalore APMC,Cauliflower,Cauliflower,Local,2026-09-20,1800.0,2200.0,2000.0
Madhya Pradesh,Dewas,Haatpipliya (F&V) APMC,Cabbage,Cabbage,Local,2026-09-20,1400.0,1800.0,1600.0
Madhya Pradesh,Dewas,Haatpipliya (F&V) APMC,Tomato,Tomato,Local,2026-09-20,1000.0,1800.0,1400.0
Keralam,Kollam,Sasthamkotta Market,Amaranthus,Other,Local,2026-09-20,6000.0,6000.0,6000.0
Keralam,Kollam,Sasthamkotta Market,Ashgourd,Ashgourd,Local,2026-09-20,3000.0,3000.0,3000.0
Keralam,Kollam,Sasthamkotta Market,Bhindi(Ladies Finger),Other,Local,2026-09-20,3500.0,3500.0,3500.0
Keralam,Kollam,Sasthamkotta Market,Bitter gourd,Bitter Gourd,Local,2026-09-20,6000.0,6000.0,6000.0
Keralam,Kollam,Sasthamkotta Market,Sweet Potato,Other,Local,2026-09-20,3000.0,3000.0,3000.0
Keralam,Kollam,Sasthamkotta Market,Tomato,Tomato,Local,2026-09-20,3000.0,3000.0,3000.0
Keralam,Alappuzha,Harippad Market,Amaranthus,Other,FAQ,2026-09-20,5000.0,5500.0,5000.0
Punjab,Patiala,Rajpura APMC,Paddy(Basmati),Basmati 1509,Local,2026-09-20,3700.0,4140.0,3950.0
Punjab,Patiala,Samana APMC,Paddy(Common),Basmati 1509,Local,2026-09-20,2400.0,4175.0,3850.0
Punjab,Sangrur,Sangrur APMC,Cauliflower,Cauliflower,Grade B,2026-09-20,2000.0,3000.0,2500.0
Punjab,Sangrur,Sangrur APMC,Onion,Nasik,Grade B,2026-09-20,3000.0,3700.0,3500.0
Punjab,Sangrur,Sangrur APMC,Green Chilli,Green Chilly,Grade B,2026-09-20,2000.0,3000.0,2500.0
Tamil Nadu,Thirupur,Tiruppur (South) (Uzhavar Sandhai ),Brinjal,Other,Local,2026-09-20,4000.0,5000.0,4500.0
Tamil Nadu,Thirupur,Tiruppur (South) (Uzhavar Sandhai ),Coriander(Leaves),I Sort,Local,2026-09-20,4000.0,5000.0,4500.0
Tamil Nadu,Thirupur,Tiruppur (South) (Uzhavar Sandhai ),Cluster beans,Cluster Beans,Local,2026-09-20,2500.0,3000.0,2750.0
Tamil Nadu,Thirupur,Tiruppur (South) (Uzhavar Sandhai ),Bottle gourd,Bottle Gourd,Local,2026-09-20,1500.0,2000.0,1750.0
Tamil Nadu,Thirupur,Tiruppur (South) (Uzhavar Sandhai ),Cowpea(Veg),Cowpea (Veg),Local,2026-09-20,2500.0,3000.0,2750.0
Tamil Nadu,Thirupur,Tiruppur (South) (Uzhavar Sandhai ),Raddish,Raddish,Local,2026-09-20,1500.0,2000.0,1750.0
Tamil Nadu,Thirupur,Tiruppur (South) (Uzhavar Sandhai ),Chow Chow,Chow Chow,Local,2026-09-20,2500.0,3000.0,2750.0
Tamil Nadu,Thirupur,Tiruppur (South) (Uzhavar Sandhai ),Amla(Nelli Kai),Amla,Local,2026-09-20,7000.0,8000.0,7500.0
Tamil Nadu,Erode,Perundurai(Uzhavar Sandhai ),Cauliflower,Ranchi,Local,2026-09-20,3600.0,4000.0,3800.0
Tamil Nadu,Erode,Perundurai(Uzhavar Sandhai ),Coriander(Leaves),I Sort,Local,2026-09-20,3800.0,4200.0,4000.0
Tamil Nadu,Erode,Perundurai(Uzhavar Sandhai ),Tapioca,Tapioca,Local,2026-09-20,2000.0,2500.0,2250.0
Tamil Nadu,Erode,Perundurai(Uzhavar Sandhai ),Raddish,Raddish,Local,2026-09-20,2500.0,2800.0,2650.0
Tamil Nadu,Dharmapuri,Dharmapuri(Uzhavar Sandhai ),Cluster beans,Cluster Beans,Local,2026-09-20,1700.0,1800.0,1750.0
Tamil Nadu,Dharmapuri,Dharmapuri(Uzhavar Sandhai ),Pumpkin,Pumpkin,Local,2026-09-20,1400.0,1500.0,1450.0
Tamil Nadu,Dharmapuri,Dharmapuri(Uzhavar Sandhai ),Carrot,Pusakesar,Local,2026-09-20,6200.0,6400.0,6300.0
Tamil Nadu,Dharmapuri,Dharmapuri(Uzhavar Sandhai ),Cabbage,Cabbage,Local,2026-09-20,2800.0,3000.0,2900.0
Tamil Nadu,Dharmapuri,Dharmapuri(Uzhavar Sandhai ),Yam(Ratalu),Yam (Ratalu),Local,2026-09-20,11200.0,12000.0,11600.0
Tamil Nadu,Dharmapuri,Dharmapuri(Uzhavar Sandhai ),Indian Beans(Seam),Indian Beans (Seam),Local,2026-09-20,5500.0,6000.0,5750.0
Tamil Nadu,Dharmapuri,Dharmapuri(Uzhavar Sandhai ),Colacasia,Colacasia,Local,2026-09-20,6200.0,6600.0,6400.0
Tamil Nadu,Dharmapuri,Palacode(Uzhavar Sandhai ),Groundnut,Big (With Shell),Local,2026-09-20,6600.0,7000.0,6800.0
Tamil Nadu,Dharmapuri,Palacode(Uzhavar Sandhai ),Brinjal,Other,Local,2026-09-20,2500.0,3000.0,2750.0
Tamil Nadu,Dharmapuri,Palacode(Uzhavar Sandhai ),Ginger(Green),Green Ginger,Local,2026-09-20,19500.0,20000.0,19750.0
Tamil Nadu,Dharmapuri,Palacode(Uzhavar Sandhai ),Raddish,Raddish,Local,2026-09-20,1400.0,1600.0,1500.0
Tamil Nadu,Dharmapuri,Palacode(Uzhavar Sandhai ),Capsicum,Capsicum,Local,2026-09-20,6800.0,7000.0,6900.0
Tamil Nadu,Dharmapuri,Palacode(Uzhavar Sandhai ),Chow Chow,Chow Chow,Local,2026-09-20,4200.0,4500.0,4350.0
Tamil Nadu,Dharmapuri,Palacode(Uzhavar Sandhai ),Indian Beans(Seam),Indian Beans (Seam),Local,2026-09-20,5800.0,6000.0,5900.0
Tamil Nadu,Dharmapuri,Palacode(Uzhavar Sandhai ),Lemon,Lemon,Local,2026-09-20,21500.0,22000.0,21750.0
Tamil Nadu,Dharmapuri,Pennagaram(Uzhavar Sandhai ),Groundnut,Big (With Shell),Local,2026-09-20,6000.0,6500.0,6250.0
Tamil Nadu,Dharmapuri,Pennagaram(Uzhavar Sandhai ),Pumpkin,Pumpkin,Local,2026-09-20,1800.0,2000.0,1900.0
Tamil Nadu,Dharmapuri,Pennagaram(Uzhavar Sandhai ),Amaranthus,Amaranthus,Local,2026-09-20,2200.0,2500.0,2350.0
Tamil Nadu,Dharmapuri,Pennagaram(Uzhavar Sandhai ),Banana - Green,Banana - Green,Local,2026-09-20,2800.0,3000.0,2900.0
Tamil Nadu,Dharmapuri,Pennagaram(Uzhavar Sandhai ),Beans,Beans (Whole),Local,2026-09-20,7000.0,8000.0,7500.0
Tamil Nadu,Dharmapuri,Pennagaram(Uzhavar Sandhai ),Sweet Potato,Hosur Red,Local,2026-09-20,2800.0,3000.0,2900.0
Tamil Nadu,Dharmapuri,Pennagaram(Uzhavar Sandhai ),Guava,Guava Allahabad,Local,2026-09-20,5500.0,6000.0,5750.0
Tamil Nadu,Dharmapuri,Pennagaram(Uzhavar Sandhai ),Onion Green,Onion Green,Local,2026-09-20,7000.0,8000.0,7500.0
Tamil Nadu,Dindigul,Chinnalapatti(Uzhavar Sandhai ),Banana,Besrai,Local,2026-09-20,6000.0,7000.0,6500.0
Tamil Nadu,Dindigul,Chinnalapatti(Uzhavar Sandhai ),Coriander(Leaves),I Sort,Local,2026-09-20,2800.0,3000.0,2900.0
Tamil Nadu,Dindigul,Chinnalapatti(Uzhavar Sandhai ),Papaya,Papaya,Local,2026-09-20,4500.0,5000.0,4750.0
Tamil Nadu,Dindigul,Chinnalapatti(Uzhavar Sandhai ),Bitter gourd,Other,Local,2026-09-20,6000.0,7000.0,6500.0
Tamil Nadu,Dindigul,Chinnalapatti(Uzhavar Sandhai ),Bhindi(Ladies Finger),Bhindi,Local,2026-09-20,3600.0,4000.0,3800.0
Tamil Nadu,Dindigul,Chinnalapatti(Uzhavar Sandhai ),Banana - Green,Banana - Green,Local,2026-09-20,3600.0,4000.0,3800.0
Tamil Nadu,Dindigul,Chinnalapatti(Uzhavar Sandhai ),Beans,Beans (Whole),Local,2026-09-20,8000.0,10000.0,9000.0
Tamil Nadu,Dindigul,Chinnalapatti(Uzhavar Sandhai ),Ridgeguard(Tori),Ridgeguard(Tori),Local,2026-09-20,5000.0,7000.0,6000.0
Tamil Nadu,Dindigul,Chinnalapatti(Uzhavar Sandhai ),Green Avare(W),Other,Local,2026-09-20,7000.0,10000.0,8500.0
Tamil Nadu,Dindigul,Chinnalapatti(Uzhavar Sandhai ),Indian Beans(Seam),Indian Beans (Seam),Local,2026-09-20,7600.0,8000.0,7800.0
Tamil Nadu,Dindigul,Chinnalapatti(Uzhavar Sandhai ),Mint(Pudina),Mint(Pudina),Local,2026-09-20,3500.0,4000.0,3750.0
Tamil Nadu,Dindigul,Dindigul(Uzhavar Sandhai ),Groundnut,Big (With Shell),Local,2026-09-20,7000.0,8000.0,7500.0
Tamil Nadu,Dindigul,Dindigul(Uzhavar Sandhai ),Brinjal,Other,Local,2026-09-20,5000.0,6000.0,5500.0
Tamil Nadu,Dindigul,Dindigul(Uzhavar Sandhai ),Papaya,Papaya,Local,2026-09-20,4000.0,5000.0,4500.0
Tamil Nadu,Dindigul,Dindigul(Uzhavar Sandhai ),Coconut,Coconut,Local,2026-09-20,6000.0,7000.0,6500.0
Tamil Nadu,Dindigul,Dindigul(Uzhavar Sandhai ),Knool Khol,Knool Khol,Local,2026-09-20,4000.0,5000.0,4500.0
Tamil Nadu,Dindigul,Dindigul(Uzhavar Sandhai ),Lime,Lime,Local,2026-09-20,10000.0,12000.0,11000.0
Tamil Nadu,Dindigul,Palani(Uzhavar Sandhai ),Coriander(Leaves),I Sort,Local,2026-09-20,4000.0,5000.0,4500.0
Tamil Nadu,Dindigul,Palani(Uzhavar Sandhai ),Ashgourd,Gouard,Local,2026-09-20,1600.0,2000.0,1800.0
Tamil Nadu,Dindigul,Palani(Uzhavar Sandhai ),Bhindi(Ladies Finger),Bhindi,Local,2026-09-20,2200.0,2600.0,2400.0
Tamil Nadu,Dindigul,Palani(Uzhavar Sandhai ),Banana - Green,Banana - Green,Local,2026-09-20,3000.0,4000.0,3500.0
Tamil Nadu,Dindigul,Palani(Uzhavar Sandhai ),Beans,Beans (Whole),Local,2026-09-20,6000.0,7500.0,6750.0
Tamil Nadu,Dindigul,Palani(Uzhavar Sandhai ),Cabbage,Cabbage,Local,2026-09-20,2500.0,3200.0,2850.0
Tamil Nadu,Dindigul,Palani(Uzhavar Sandhai ),Green Avare(W),Other,Local,2026-09-20,6000.0,7000.0,6500.0
Tamil Nadu,Dindigul,Palani(Uzhavar Sandhai ),Drumstick,Drumstick,Local,2026-09-20,2200.0,3000.0,2600.0
Tamil Nadu,Dindigul,Palani(Uzhavar Sandhai ),Indian Beans(Seam),Indian Beans (Seam),Local,2026-09-20,7000.0,8000.0,7500.0
Tamil Nadu,Dindigul,Palani(Uzhavar Sandhai ),Lemon,Lemon,Local,2026-09-20,10000.0,28000.0,19000.0
Tamil Nadu,Erode,Periyar Nagar(Uzhavar Sandhai ),Cluster beans,Cluster Beans,Local,2026-09-20,2500.0,3000.0,2750.0
Tamil Nadu,Erode,Periyar Nagar(Uzhavar Sandhai ),Ashgourd,Gouard,Local,2026-09-20,1800.0,2000.0,1900.0
Tamil Nadu,Erode,Periyar Nagar(Uzhavar Sandhai ),Cowpea(Veg),Cowpea (Veg),Local,2026-09-20,3000.0,3500.0,3250.0
Tamil Nadu,Erode,Periyar Nagar(Uzhavar Sandhai ),Snakeguard,Snakeguard,Local,2026-09-20,3000.0,3600.0,3300.0
Tamil Nadu,Kallakuruchi,Sankarapuram(Uzhavar Sandhai ),Papaya,Papaya,Local,2026-09-20,3500.0,3500.0,3500.0
Tamil Nadu,Kallakuruchi,Sankarapuram(Uzhavar Sandhai ),Amaranthus,Amaranthus,Local,2026-09-20,4000.0,4000.0,4000.0
Tamil Nadu,Kallakuruchi,Sankarapuram(Uzhavar Sandhai ),Tapioca,Tapioca,Local,2026-09-20,3000.0,3000.0,3000.0
Tamil Nadu,Kallakuruchi,Sankarapuram(Uzhavar Sandhai ),Snakeguard,Snakeguard,Local,2026-09-20,4000.0,4000.0,4000.0
Tamil Nadu,Kallakuruchi,Sankarapuram(Uzhavar Sandhai ),Thondekai,Thondekai,Local,2026-09-20,6000.0,6000.0,6000.0
Tamil Nadu,Kallakuruchi,Sankarapuram(Uzhavar Sandhai ),Green Avare(W),Green Avare (W),Local,2026-09-20,7000.0,7000.0,7000.0
Tamil Nadu,Kallakuruchi,Sankarapuram(Uzhavar Sandhai ),Guava,Guava Allahabad,Local,2026-09-20,7000.0,7000.0,7000.0
Tamil Nadu,Kallakuruchi,Sankarapuram(Uzhavar Sandhai ),Elephant Yam(Suran)/Amorphophallus,Elephant Yam (Suran),Local,2026-09-20,3000.0,3000.0,3000.0
Tamil Nadu,Kallakuruchi,Sankarapuram(Uzhavar Sandhai ),Yam(Ratalu),Yam (Ratalu),Local,2026-09-20,3000.0,3000.0,3000.0
Tamil Nadu,Kancheepuram,Kundrathur(Uzhavar Sandhai ),Tomato,Other,Local,2026-09-20,3000.0,3000.0,3000.0
Tamil Nadu,Kancheepuram,Kundrathur(Uzhavar Sandhai ),Beans,Beans (Whole),Local,2026-09-20,7000.0,8000.0,7500.0
Tamil Nadu,Kancheepuram,Sunguvarchatram(Uzhavar Sandhai ),Tomato,Other,Local,2026-09-20,3000.0,3000.0,3000.0
Tamil Nadu,Kancheepuram,Sunguvarchatram(Uzhavar Sandhai ),Bitter gourd,Bitter Gourd,Local,2026-09-20,4000.0,4000.0,4000.0
Tamil Nadu,Kancheepuram,Sunguvarchatram(Uzhavar Sandhai ),Ashgourd,Gouard,Local,2026-09-20,2000.0,2000.0,2000.0
Tamil Nadu,Kancheepuram,Sunguvarchatram(Uzhavar Sandhai ),Bhindi(Ladies Finger),Bhindi,Local,2026-09-20,4000.0,4000.0,4000.0
Tamil Nadu,Kancheepuram,Sunguvarchatram(Uzhavar Sandhai ),Banana - Green,Banana - Green,Local,2026-09-20,3000.0,3000.0,3000.0
Tamil Nadu,Kancheepuram,Sunguvarchatram(Uzhavar Sandhai ),Snakeguard,Snakeguard,Local,2026-09-20,4000.0,4000.0,4000.0
Tamil Nadu,Kancheepuram,Sunguvarchatram(Uzhavar Sandhai ),Beetroot,Beetroot,Local,2026-09-20,4000.0,4000.0,4000.0
Tamil Nadu,Kancheepuram,Sunguvarchatram(Uzhavar Sandhai ),Drumstick,Drumstick,Local,2026-09-20,4000.0,4000.0,4000.0
Tamil Nadu,Krishnagiri,Avallapalli(Uzhavar Sandhai ),Garlic,Garlic,Local,2026-09-20,22000.0,24000.0,23000.0
Tamil Nadu,Krishnagiri,Avallapalli(Uzhavar Sandhai ),Green Peas,Green Peas,Local,2026-09-20,13000.0,14000.0,13500.0
Tamil Nadu,Krishnagiri,Avallapalli(Uzhavar Sandhai ),Ginger(Green),Green Ginger,Local,2026-09-20,16000.0,18000.0,17000.0
Tamil Nadu,Krishnagiri,Avallapalli(Uzhavar Sandhai ),Coconut,Coconut,Local,2026-09-20,5500.0,6000.0,5750.0
Tamil Nadu,Krishnagiri,Avallapalli(Uzhavar Sandhai ),Beetroot,Beetroot,Local,2026-09-20,3000.0,3500.0,3250.0
Tamil Nadu,Krishnagiri,Avallapalli(Uzhavar Sandhai ),Cucumbar(Kheera),Cucumbar,Local,2026-09-20,2000.0,2500.0,2250.0
Tamil Nadu,Krishnagiri,Avallapalli(Uzhavar Sandhai ),Raddish,Raddish,Local,2026-09-20,1000.0,1500.0,1250.0
Tamil Nadu,Krishnagiri,Avallapalli(Uzhavar Sandhai ),Drumstick,Drumstick,Local,2026-09-20,3500.0,4000.0,3750.0
Tamil Nadu,Krishnagiri,Avallapalli(Uzhavar Sandhai ),Indian Beans(Seam),Indian Beans (Seam),Local,2026-09-20,4500.0,5000.0,4750.0
Tamil Nadu,Krishnagiri,Avallapalli(Uzhavar Sandhai ),Mint(Pudina),Mint(Pudina),Local,2026-09-20,3500.0,4000.0,3750.0
Tamil Nadu,Dharmapuri,Karimangalam(Uzhavar Sandhai),Garlic,Garlic,Local,2026-09-20,21000.0,22000.0,21500.0
Tamil Nadu,Dharmapuri,Karimangalam(Uzhavar Sandhai),Pumpkin,Pumpkin,Local,2026-09-20,1800.0,2000.0,1900.0
Tamil Nadu,Dharmapuri,Karimangalam(Uzhavar Sandhai),Tapioca,Tapioca,Local,2026-09-20,3000.0,3400.0,3200.0
Tamil Nadu,Dharmapuri,Karimangalam(Uzhavar Sandhai),Ginger(Green),Green Ginger,Local,2026-09-20,19000.0,20000.0,19500.0
Tamil Nadu,Dharmapuri,Karimangalam(Uzhavar Sandhai),Cucumbar(Kheera),Cucumbar,Local,2026-09-20,4000.0,4500.0,4250.0
Tamil Nadu,Dharmapuri,Karimangalam(Uzhavar Sandhai),Ridgeguard(Tori),Ridgeguard(Tori),Local,2026-09-20,2800.0,3000.0,2900.0
Tamil Nadu,Dharmapuri,Karimangalam(Uzhavar Sandhai),Amla(Nelli Kai),Amla,Local,2026-09-20,8000.0,8500.0,8250.0
Tamil Nadu,Krishnagiri,Denkanikottai(Uzhavar Sandhai ),Potato,Red Nanital,Local,2026-09-20,2000.0,2500.0,2250.0
Tamil Nadu,Krishnagiri,Denkanikottai(Uzhavar Sandhai ),Garlic,Garlic,Local,2026-09-20,22000.0,24000.0,23000.0
Tamil Nadu,Krishnagiri,Denkanikottai(Uzhavar Sandhai ),Papaya,Papaya,Local,2026-09-20,3000.0,3500.0,3250.0
Tamil Nadu,Krishnagiri,Denkanikottai(Uzhavar Sandhai ),Tomato,Deshi,Local,2026-09-20,2000.0,2500.0,2250.0
Tamil Nadu,Krishnagiri,Denkanikottai(Uzhavar Sandhai ),Bitter gourd,Bitter Gourd,Local,2026-09-20,4000.0,4500.0,4250.0
Tamil Nadu,Krishnagiri,Denkanikottai(Uzhavar Sandhai ),Bhindi(Ladies Finger),Bhindi,Local,2026-09-20,2500.0,3000.0,2750.0
Tamil Nadu,Krishnagiri,Denkanikottai(Uzhavar Sandhai ),Amaranthus,Amaranthus,Local,2026-09-20,2500.0,3000.0,2750.0
Tamil Nadu,Krishnagiri,Denkanikottai(Uzhavar Sandhai ),Beans,Beans (Whole),Local,2026-09-20,6000.0,7000.0,6500.0
Tamil Nadu,Krishnagiri,Denkanikottai(Uzhavar Sandhai ),Capsicum,Capsicum,Local,2026-09-20,3000.0,3500.0,3250.0
Tamil Nadu,Krishnagiri,Denkanikottai(Uzhavar Sandhai ),Drumstick,Drumstick,Local,2026-09-20,3000.0,4000.0,3500.0
Tamil Nadu,Krishnagiri,Denkanikottai(Uzhavar Sandhai ),Lemon,Lemon,Local,2026-09-20,22000.0,24000.0,23000.0
Tamil Nadu,Krishnagiri,Hosur(Uzhavar Sandhai ),Pineapple,Pine Apple,Local,2026-09-20,8000.0,10000.0,9000.0
Tamil Nadu,Krishnagiri,Hosur(Uzhavar Sandhai ),Grapes,Annabesahai,Local,2026-09-20,20000.0,24000.0,22000.0
Tamil Nadu,Krishnagiri,Hosur(Uzhavar Sandhai ),Onion,Bellary,Local,2026-09-20,6000.0,6500.0,6250.0
Tamil Nadu,Krishnagiri,Hosur(Uzhavar Sandhai ),Tomato,Local,Local,2026-09-20,2000.0,2500.0,2250.0
Tamil Nadu,Krishnagiri,Hosur(Uzhavar Sandhai ),Bitter gourd,Bitter Gourd,Local,2026-09-20,4000.0,4500.0,4250.0
Tamil Nadu,Krishnagiri,Hosur(Uzhavar Sandhai ),Tapioca,Tapioca,Local,2026-09-20,4500.0,5000.0,4750.0
Tamil Nadu,Krishnagiri,Hosur(Uzhavar Sandhai ),Ginger(Green),Green Ginger,Local,2026-09-20,16000.0,18000.0,17000.0
Tamil Nadu,Krishnagiri,Hosur(Uzhavar Sandhai ),Cucumbar(Kheera),Cucumbar,Local,2026-09-20,2000.0,2500.0,2250.0
Tamil Nadu,Krishnagiri,Hosur(Uzhavar Sandhai ),Elephant Yam(Suran)/Amorphophallus,Elephant Yam (Suran),Local,2026-09-20,4500.0,5000.0,4750.0
Tamil Nadu,Krishnagiri,Hosur(Uzhavar Sandhai ),Indian Beans(Seam),Indian Beans (Seam),Local,2026-09-20,4500.0,5000.0,4750.0
Tamil Nadu,Krishnagiri,Hosur(Uzhavar Sandhai ),Lemon,Lemon,Local,2026-09-20,22000.0,25000.0,23500.0
Tamil Nadu,Krishnagiri,Hosur(Uzhavar Sandhai ),Mashrooms,Mashrooms,Local,2026-09-20,18000.0,20000.0,19000.0
Tamil Nadu,Madurai,Anaiyur(Uzhavar Sandhai ),Groundnut,Big (With Shell),Local,2026-09-20,7000.0,8000.0,7500.0
Tamil Nadu,Madurai,Anaiyur(Uzhavar Sandhai ),Grapes,Annabesahai,Local,2026-09-20,11000.0,12000.0,11500.0
Tamil Nadu,Madurai,Anaiyur(Uzhavar Sandhai ),Potato,Red Nanital,Local,2026-09-20,3000.0,5500.0,4250.0
Tamil Nadu,Madurai,Anaiyur(Uzhavar Sandhai ),Green Peas,Green Peas,Local,2026-09-20,12000.0,14000.0,13000.0
Tamil Nadu,Madurai,Anaiyur(Uzhavar Sandhai ),Papaya,Papaya,Local,2026-09-20,4500.0,5000.0,4750.0
Tamil Nadu,Madurai,Anaiyur(Uzhavar Sandhai ),Tomato,Deshi,Local,2026-09-20,2400.0,2800.0,2600.0
Tamil Nadu,Madurai,Anaiyur(Uzhavar Sandhai ),Bitter gourd,Bitter Gourd,Local,2026-09-20,5500.0,6000.0,5750.0
Tamil Nadu,Madurai,Anaiyur(Uzhavar Sandhai ),Ashgourd,Gouard,Local,2026-09-20,1600.0,1800.0,1700.0
Tamil Nadu,Madurai,Anaiyur(Uzhavar Sandhai ),Banana - Green,Banana - Green,Local,2026-09-20,2000.0,2400.0,2200.0
Tamil Nadu,Madurai,Anaiyur(Uzhavar Sandhai ),Cucumbar(Kheera),Cucumbar,Local,2026-09-20,4000.0,5000.0,4500.0
Tamil Nadu,Madurai,Anaiyur(Uzhavar Sandhai ),Ridgeguard(Tori),Ridgeguard(Tori),Local,2026-09-20,3600.0,4500.0,4050.0
Tamil Nadu,Madurai,Anaiyur(Uzhavar Sandhai ),Chow Chow,Chow Chow,Local,2026-09-20,2600.0,3000.0,2800.0
Tamil Nadu,Madurai,Anaiyur(Uzhavar Sandhai ),Colacasia,Colacasia,Local,2026-09-20,5000.0,6000.0,5500.0
Tamil Nadu,Madurai,Anaiyur(Uzhavar Sandhai ),Mint(Pudina),Mint(Pudina),Local,2026-09-20,5500.0,6000.0,5750.0
Tamil Nadu,Madurai,Usilampatti(Uzhavar Sandhai ),Onion,Bellary,Local,2026-09-20,6500.0,7000.0,6750.0
Tamil Nadu,Madurai,Usilampatti(Uzhavar Sandhai ),Bottle gourd,Bottle Gourd,Local,2026-09-20,2000.0,2600.0,2300.0
Tamil Nadu,Madurai,Usilampatti(Uzhavar Sandhai ),Snakeguard,Snakeguard,Local,2026-09-20,3600.0,4000.0,3800.0
Tamil Nadu,Nagapattinam,Sirkali(Uzhavar Sandhai ),Potato,Red Nanital,Local,2026-09-20,3600.0,4000.0,3800.0
Tamil Nadu,Nagapattinam,Sirkali(Uzhavar Sandhai ),Amaranthus,Amaranthus,Local,2026-09-20,1500.0,2000.0,1750.0
Tamil Nadu,Nagapattinam,Sirkali(Uzhavar Sandhai ),Beans,Beans (Whole),Local,2026-09-20,9000.0,9000.0,9000.0
Tamil Nadu,Nagapattinam,Sirkali(Uzhavar Sandhai ),Coconut,Coconut,Local,2026-09-20,3500.0,4000.0,3750.0
Tamil Nadu,Nagapattinam,Sirkali(Uzhavar Sandhai ),Beetroot,Beetroot,Local,2026-09-20,4500.0,5000.0,4750.0
Tamil Nadu,Nagapattinam,Sirkali(Uzhavar Sandhai ),Green Avare(W),Green Avare (W),Local,2026-09-20,6500.0,7000.0,6750.0
Tamil Nadu,Nagapattinam,Sirkali(Uzhavar Sandhai ),Elephant Yam(Suran)/Amorphophallus,Elephant Yam (Suran),Local,2026-09-20,6500.0,7000.0,6750.0
Tamil Nadu,Nagapattinam,Sirkali(Uzhavar Sandhai ),Yam(Ratalu),Yam (Ratalu),Local,2026-09-20,5500.0,6000.0,5750.0
Tamil Nadu,Namakkal,Kumarapalayam(Uzhavar Sandhai ),Onion,Bellary,Local,2026-09-20,2800.0,3000.0,2900.0
Tamil Nadu,Namakkal,Kumarapalayam(Uzhavar Sandhai ),Cauliflower,Ranchi,Local,2026-09-20,3000.0,4000.0,3500.0
Tamil Nadu,Namakkal,Kumarapalayam(Uzhavar Sandhai ),Coriander(Leaves),I Sort,Local,2026-09-20,9000.0,10000.0,9500.0
Tamil Nadu,Namakkal,Kumarapalayam(Uzhavar Sandhai ),Papaya,Papaya,Local,2026-09-20,3000.0,3500.0,3250.0
Tamil Nadu,Namakkal,Kumarapalayam(Uzhavar Sandhai ),Tomato,Other,Local,2026-09-20,2200.0,3000.0,2600.0
Tamil Nadu,Namakkal,Kumarapalayam(Uzhavar Sandhai ),Ashgourd,Gouard,Local,2026-09-20,1800.0,2000.0,1900.0
Tamil Nadu,Namakkal,Kumarapalayam(Uzhavar Sandhai ),Amaranthus,Amaranthus,Local,2026-09-20,4500.0,5000.0,4750.0
Tamil Nadu,Namakkal,Kumarapalayam(Uzhavar Sandhai ),Green Chilli,Green Chilly,Local,2026-09-20,5400.0,6000.0,5700.0
Tamil Nadu,Namakkal,Kumarapalayam(Uzhavar Sandhai ),Coconut,Coconut,Local,2026-09-20,6000.0,6400.0,6200.0
Tamil Nadu,Namakkal,Kumarapalayam(Uzhavar Sandhai ),Cabbage,Cabbage,Local,2026-09-20,2600.0,3000.0,2800.0
Tamil Nadu,Namakkal,Kumarapalayam(Uzhavar Sandhai ),Snakeguard,Snakeguard,Local,2026-09-20,4300.0,4800.0,4550.0
Tamil Nadu,Namakkal,Mohanur(Uzhavar Sandhai ),Brinjal,Other,Local,2026-09-20,4500.0,5000.0,4750.0
Tamil Nadu,Namakkal,Mohanur(Uzhavar Sandhai ),Papaya,Papaya,Local,2026-09-20,3200.0,3600.0,3400.0
Tamil Nadu,Namakkal,Mohanur(Uzhavar Sandhai ),Water Melon,Water Melon,Local,2026-09-20,1300.0,1600.0,1450.0
Tamil Nadu,Namakkal,Mohanur(Uzhavar Sandhai ),Bottle gourd,Bottle Gourd,Local,2026-09-20,1400.0,2000.0,1700.0
Tamil Nadu,Namakkal,Mohanur(Uzhavar Sandhai ),Cabbage,Cabbage,Local,2026-09-20,3000.0,3500.0,3250.0
Tamil Nadu,Namakkal,Mohanur(Uzhavar Sandhai ),Green Avare(W),Other,Local,2026-09-20,9000.0,10000.0,9500.0
Tamil Nadu,Namakkal,Namakkal(Uzhavar Sandhai ),Groundnut,Big (With Shell),Local,2026-09-20,6500.0,7000.0,6750.0
Tamil Nadu,Namakkal,Namakkal(Uzhavar Sandhai ),Onion,Bellary,Local,2026-09-20,6000.0,6400.0,6200.0
Tamil Nadu,Namakkal,Namakkal(Uzhavar Sandhai ),Garlic,Garlic,Local,2026-09-20,24000.0,28000.0,26000.0
Tamil Nadu,Namakkal,Namakkal(Uzhavar Sandhai ),Cauliflower,Ranchi,Local,2026-09-20,2500.0,4000.0,3250.0
Tamil Nadu,Namakkal,Namakkal(Uzhavar Sandhai ),Green Peas,Green Peas,Local,2026-09-20,15000.0,16000.0,15500.0
Tamil Nadu,Namakkal,Namakkal(Uzhavar Sandhai ),Bitter gourd,Other,Local,2026-09-20,5500.0,6000.0,5750.0
Tamil Nadu,Namakkal,Namakkal(Uzhavar Sandhai ),Green Chilli,Green Chilly,Local,2026-09-20,6000.0,6800.0,6400.0
Tamil Nadu,Namakkal,Namakkal(Uzhavar Sandhai ),Beans,Beans (Whole),Local,2026-09-20,7000.0,7500.0,7250.0
Tamil Nadu,Namakkal,Namakkal(Uzhavar Sandhai ),Betal Leaves,Mysore,Local,2026-09-20,12000.0,13000.0,12500.0
Tamil Nadu,Namakkal,Namakkal(Uzhavar Sandhai ),Chow Chow,Chow Chow,Local,2026-09-20,3000.0,3200.0,3100.0
Tamil Nadu,Namakkal,Namakkal(Uzhavar Sandhai ),Mango(Raw-Ripe),Mango - Raw-Ripe,Local,2026-09-20,11000.0,12000.0,11500.0
Tamil Nadu,Namakkal,Paramathivelur(Uzhavar Sandhai ),Tomato,Deshi,Local,2026-09-20,3000.0,3200.0,3100.0
Tamil Nadu,Namakkal,Paramathivelur(Uzhavar Sandhai ),Bitter gourd,Bitter Gourd,Local,2026-09-20,5000.0,6500.0,5750.0
Tamil Nadu,Namakkal,Paramathivelur(Uzhavar Sandhai ),Bottle gourd,Bottle Gourd,Local,2026-09-20,1000.0,2000.0,1500.0
Tamil Nadu,Namakkal,Paramathivelur(Uzhavar Sandhai ),Ashgourd,Gouard,Local,2026-09-20,1500.0,2000.0,1750.0
Tamil Nadu,Namakkal,Paramathivelur(Uzhavar Sandhai ),Beans,Beans (Whole),Local,2026-09-20,8000.0,8500.0,8250.0
Tamil Nadu,Namakkal,Paramathivelur(Uzhavar Sandhai ),Snakeguard,Snakeguard,Local,2026-09-20,5500.0,6000.0,5750.0
Tamil Nadu,Namakkal,Paramathivelur(Uzhavar Sandhai ),Green Avare(W),Green Avare (W),Local,2026-09-20,8000.0,9000.0,8500.0
Tamil Nadu,Namakkal,Paramathivelur(Uzhavar Sandhai ),Drumstick,Drumstick,Local,2026-09-20,3000.0,3500.0,3250.0
Tamil Nadu,Namakkal,Rasipuram(Uzhavar Sandhai ),Onion,Bellary,Local,2026-09-20,6000.0,6500.0,6250.0
Tamil Nadu,Namakkal,Rasipuram(Uzhavar Sandhai ),Tomato,Other,Local,2026-09-20,3000.0,3400.0,3200.0
Tamil Nadu,Namakkal,Rasipuram(Uzhavar Sandhai ),Bhindi(Ladies Finger),Bhindi,Local,2026-09-20,3800.0,4400.0,4100.0
Tamil Nadu,Namakkal,Rasipuram(Uzhavar Sandhai ),Green Chilli,Green Chilly,Local,2026-09-20,5400.0,6000.0,5700.0
Tamil Nadu,Namakkal,Rasipuram(Uzhavar Sandhai ),Beans,Beans (Whole),Local,2026-09-20,7500.0,8500.0,8000.0
Tamil Nadu,Namakkal,Rasipuram(Uzhavar Sandhai ),Tapioca,Tapioca,Local,2026-09-20,3800.0,4000.0,3900.0
Tamil Nadu,Namakkal,Rasipuram(Uzhavar Sandhai ),Cabbage,Cabbage,Local,2026-09-20,3600.0,3800.0,3700.0
Tamil Nadu,Namakkal,Rasipuram(Uzhavar Sandhai ),Snakeguard,Snakeguard,Local,2026-09-20,4500.0,5000.0,4750.0
Tamil Nadu,Namakkal,Rasipuram(Uzhavar Sandhai ),Ridgeguard(Tori),Ridgeguard(Tori),Local,2026-09-20,5500.0,6000.0,5750.0
Tamil Nadu,Namakkal,Rasipuram(Uzhavar Sandhai ),Chow Chow,Chow Chow,Local,2026-09-20,2500.0,3000.0,2750.0
Tamil Nadu,Namakkal,Rasipuram(Uzhavar Sandhai ),Marigold(Calcutta),Marigold(Calcutta),Local,2026-09-20,22000.0,24000.0,23000.0
Tamil Nadu,Namakkal,Rasipuram(Uzhavar Sandhai ),Amla(Nelli Kai),Amla,Local,2026-09-20,8000.0,9000.0,8500.0
Tamil Nadu,Namakkal,Rasipuram(Uzhavar Sandhai ),Onion Green,Onion Green,Local,2026-09-20,6500.0,9500.0,8000.0
Tamil Nadu,Namakkal,Rasipuram(Uzhavar Sandhai ),Rose(Local),Rose (Local),Local,2026-09-20,14000.0,16000.0,15000.0
Tamil Nadu,Thanjavur,Tirukattupalli(Uzhavar Sandhai ),Banana,Besrai,Local,2026-09-20,6500.0,6500.0,6500.0
Tamil Nadu,Thanjavur,Tirukattupalli(Uzhavar Sandhai ),Potato,Red Nanital,Local,2026-09-20,3000.0,4000.0,3500.0
Tamil Nadu,Thanjavur,Tirukattupalli(Uzhavar Sandhai ),Bottle gourd,Bottle Gourd,Local,2026-09-20,5400.0,5400.0,5400.0
Tamil Nadu,Thanjavur,Tirukattupalli(Uzhavar Sandhai ),Banana - Green,Banana - Green,Local,2026-09-20,4000.0,4000.0,4000.0
Tamil Nadu,Madurai,Palanganatham(Uzhavar Sandhai ),Orange,Darjeeling,Local,2026-09-20,12000.0,16000.0,14000.0
Tamil Nadu,Madurai,Palanganatham(Uzhavar Sandhai ),Banana,Besrai,Local,2026-09-20,3000.0,4000.0,3500.0
Tamil Nadu,Madurai,Palanganatham(Uzhavar Sandhai ),Cluster beans,Cluster Beans,Local,2026-09-20,3600.0,4000.0,3800.0
Tamil Nadu,Madurai,Palanganatham(Uzhavar Sandhai ),Ashgourd,Gouard,Local,2026-09-20,1600.0,1800.0,1700.0
Tamil Nadu,Madurai,Palanganatham(Uzhavar Sandhai ),Banana - Green,Banana - Green,Local,2026-09-20,1500.0,2000.0,1750.0
Tamil Nadu,Madurai,Palanganatham(Uzhavar Sandhai ),Beans,Beans (Whole),Local,2026-09-20,8000.0,9000.0,8500.0
Tamil Nadu,Madurai,Palanganatham(Uzhavar Sandhai ),Coconut,Coconut,Local,2026-09-20,6800.0,7000.0,6900.0
Tamil Nadu,Madurai,Palanganatham(Uzhavar Sandhai ),Betal Leaves,Mysore,Local,2026-09-20,20000.0,28000.0,24000.0
Tamil Nadu,Madurai,Palanganatham(Uzhavar Sandhai ),Beetroot,Beetroot,Local,2026-09-20,4000.0,5000.0,4500.0
Tamil Nadu,Madurai,Palanganatham(Uzhavar Sandhai ),Ridgeguard(Tori),Ridgeguard(Tori),Local,2026-09-20,4000.0,4500.0,4250.0
Tamil Nadu,Madurai,Palanganatham(Uzhavar Sandhai ),Mango(Raw-Ripe),Mango - Raw-Ripe,Local,2026-09-20,10000.0,13000.0,11500.0
Tamil Nadu,Madurai,Palanganatham(Uzhavar Sandhai ),Knool Khol,Knool Khol,Local,2026-09-20,4000.0,4800.0,4400.0
Tamil Nadu,Madurai,Palanganatham(Uzhavar Sandhai ),Indian Beans(Seam),Indian Beans (Seam),Local,2026-09-20,5000.0,6000.0,5500.0
Tamil Nadu,Madurai,Palanganatham(Uzhavar Sandhai ),Mashrooms,Mashrooms,Local,2026-09-20,30000.0,35000.0,32500.0
Tamil Nadu,Madurai,Palanganatham(Uzhavar Sandhai ),Mint(Pudina),Mint(Pudina),Local,2026-09-20,5000.0,6000.0,5500.0
Tamil Nadu,Madurai,Anna nagar(Uzhavar Sandhai ),Tomato,Deshi,Local,2026-09-20,2400.0,2800.0,2600.0
Tamil Nadu,Madurai,Anna nagar(Uzhavar Sandhai ),Green Avare(W),Green Avare (W),Local,2026-09-20,9000.0,11000.0,10000.0
Tamil Nadu,Madurai,Anna nagar(Uzhavar Sandhai ),Groundnut,Big (With Shell),Local,2026-09-20,7000.0,8000.0,7500.0
Tamil Nadu,Madurai,Anna nagar(Uzhavar Sandhai ),Garlic,Garlic,Local,2026-09-20,16000.0,18000.0,17000.0
Tamil Nadu,Madurai,Anna nagar(Uzhavar Sandhai ),Chikoos(Sapota),Sapota,Local,2026-09-20,5000.0,6000.0,5500.0
Tamil Nadu,Madurai,Anna nagar(Uzhavar Sandhai ),Bitter gourd,Other,Local,2026-09-20,5600.0,6000.0,5800.0
Tamil Nadu,Madurai,Anna nagar(Uzhavar Sandhai ),Coconut,Coconut,Local,2026-09-20,6400.0,6400.0,6400.0
Tamil Nadu,Madurai,Anna nagar(Uzhavar Sandhai ),Mango(Raw-Ripe),Mango - Raw-Ripe,Local,2026-09-20,9000.0,11000.0,10000.0
Tamil Nadu,Madurai,Anna nagar(Uzhavar Sandhai ),Guava,Guava Allahabad,Local,2026-09-20,7500.0,11000.0,9250.0
Tamil Nadu,Madurai,Anna nagar(Uzhavar Sandhai ),Indian Beans(Seam),Indian Beans (Seam),Local,2026-09-20,6600.0,6600.0,6600.0
Tamil Nadu,Madurai,Anna nagar(Uzhavar Sandhai ),Onion Green,Onion Green,Local,2026-09-20,8000.0,9000.0,8500.0
Tamil Nadu,Madurai,Anna nagar(Uzhavar Sandhai ),Sweet Corn,Sweet Corn,Local,2026-09-20,3000.0,3000.0,3000.0
Tamil Nadu,Perambalur,Perambalur(Uzhavar Sandhai ),Onion,Bellary,Local,2026-09-20,7000.0,7200.0,7100.0
Tamil Nadu,Perambalur,Perambalur(Uzhavar Sandhai ),Garlic,Garlic,Local,2026-09-20,22000.0,24000.0,23000.0
Tamil Nadu,Perambalur,Perambalur(Uzhavar Sandhai ),Cauliflower,Ranchi,Local,2026-09-20,5000.0,6000.0,5500.0
Tamil Nadu,Perambalur,Perambalur(Uzhavar Sandhai ),Brinjal,Other,Local,2026-09-20,4800.0,4800.0,4800.0
Tamil Nadu,Perambalur,Perambalur(Uzhavar Sandhai ),Mousambi(Sweet Lime),Mousambi,Local,2026-09-20,7000.0,8000.0,7500.0
Tamil Nadu,Perambalur,Perambalur(Uzhavar Sandhai ),Bottle gourd,Bottle Gourd,Local,2026-09-20,1500.0,1800.0,1650.0
Tamil Nadu,Perambalur,Perambalur(Uzhavar Sandhai ),Ashgourd,Gouard,Local,2026-09-20,1600.0,1600.0,1600.0
Tamil Nadu,Perambalur,Perambalur(Uzhavar Sandhai ),Snakeguard,Snakeguard,Local,2026-09-20,2800.0,3200.0,3000.0
Tamil Nadu,Perambalur,Perambalur(Uzhavar Sandhai ),Thondekai,Thondekai,Local,2026-09-20,4800.0,5200.0,5000.0
Tamil Nadu,Perambalur,Perambalur(Uzhavar Sandhai ),Indian Beans(Seam),Indian Beans (Seam),Local,2026-09-20,7000.0,8000.0,7500.0
Tamil Nadu,Perambalur,Perambalur(Uzhavar Sandhai ),Mint(Pudina),Mint(Pudina),Local,2026-09-20,6500.0,7200.0,6850.0
Tamil Nadu,Salem,Mecheri(Uzhavar Sandhai),Bhindi(Ladies Finger),Bhindi,Local,2026-09-20,2500.0,3000.0,2750.0
Tamil Nadu,Salem,Mecheri(Uzhavar Sandhai),Coconut,Coconut,Local,2026-09-20,5500.0,6000.0,5750.0
Tamil Nadu,Ranipet,Arcot(Uzhavar Sandhai ),Brinjal,Other,Local,2026-09-20,5600.0,5600.0,5600.0
Tamil Nadu,Ranipet,Arcot(Uzhavar Sandhai ),Bottle gourd,Bottle Gourd,Local,2026-09-20,2000.0,2000.0,2000.0
Tamil Nadu,Ranipet,Arcot(Uzhavar Sandhai ),Green Chilli,Green Chilly,Local,2026-09-20,6000.0,6000.0,6000.0
Tamil Nadu,Ranipet,Arcot(Uzhavar Sandhai ),Pomegranate,Pomogranate,Local,2026-09-20,15000.0,15000.0,15000.0
Tamil Nadu,Ranipet,Arcot(Uzhavar Sandhai ),Lemon,Lemon,Local,2026-09-20,20000.0,20000.0,20000.0
Tamil Nadu,Ranipet,Ranipettai(Uzhavar Sandhai ),Potato,Other,Local,2026-09-20,3300.0,3300.0,3300.0
Tamil Nadu,Ranipet,Ranipettai(Uzhavar Sandhai ),Brinjal,Other,Local,2026-09-20,3600.0,4000.0,3800.0
Tamil Nadu,Ranipet,Ranipettai(Uzhavar Sandhai ),Tomato,Other,Local,2026-09-20,2500.0,2800.0,2650.0
Tamil Nadu,Ranipet,Ranipettai(Uzhavar Sandhai ),Cluster beans,Cluster Beans,Local,2026-09-20,3000.0,3000.0,3000.0
Tamil Nadu,Ranipet,Ranipettai(Uzhavar Sandhai ),Bottle gourd,Bottle Gourd,Local,2026-09-20,1500.0,1500.0,1500.0
Tamil Nadu,Ranipet,Ranipettai(Uzhavar Sandhai ),Pumpkin,Pumpkin,Local,2026-09-20,2000.0,2000.0,2000.0
Tamil Nadu,Ranipet,Ranipettai(Uzhavar Sandhai ),Cowpea(Veg),Cowpea (Veg),Local,2026-09-20,5000.0,5000.0,5000.0
Tamil Nadu,Ranipet,Ranipettai(Uzhavar Sandhai ),Coconut,Coconut,Local,2026-09-20,5000.0,6000.0,5500.0
Tamil Nadu,Ranipet,Ranipettai(Uzhavar Sandhai ),Carrot,Pusakesar,Local,2026-09-20,5500.0,5500.0,5500.0
Tamil Nadu,Ranipet,Ranipettai(Uzhavar Sandhai ),Raddish,Raddish,Local,2026-09-20,2000.0,2500.0,2250.0
Tamil Nadu,Ranipet,Ranipettai(Uzhavar Sandhai ),Capsicum,Capsicum,Local,2026-09-20,5000.0,5000.0,5000.0
Tamil Nadu,Ranipet,Ranipettai(Uzhavar Sandhai ),Green Avare(W),Other,Local,2026-09-20,5000.0,5000.0,5000.0
Tamil Nadu,Ranipet,Ranipettai(Uzhavar Sandhai ),Mango(Raw-Ripe),Mango - Raw-Ripe,Local,2026-09-20,10000.0,12000.0,11000.0
Tamil Nadu,Ranipet,Ranipettai(Uzhavar Sandhai ),Marigold(Calcutta),Marigold(Calcutta),Local,2026-09-20,36000.0,48000.0,42000.0
Tamil Nadu,Ranipet,Ranipettai(Uzhavar Sandhai ),Elephant Yam(Suran)/Amorphophallus,Elephant Yam (Suran),Local,2026-09-20,5600.0,5600.0,5600.0
Tamil Nadu,Ranipet,Ranipettai(Uzhavar Sandhai ),Lemon,Lemon,Local,2026-09-20,20000.0,30000.0,25000.0
Tamil Nadu,Ranipet,Ranipettai(Uzhavar Sandhai ),Colacasia,Colacasia,Local,2026-09-20,3600.0,4000.0,3800.0
Tamil Nadu,Ranipet,Ranipettai(Uzhavar Sandhai ),Amla(Nelli Kai),Amla,Local,2026-09-20,10000.0,12000.0,11000.0
Tamil Nadu,Salem,Ammapet(Uzhavar Sandhai ),Cluster beans,Cluster Beans,Local,2026-09-20,3200.0,3500.0,3350.0
Tamil Nadu,Salem,Ammapet(Uzhavar Sandhai ),Bhindi(Ladies Finger),Bhindi,Local,2026-09-20,3200.0,3400.0,3300.0
Tamil Nadu,Salem,Ammapet(Uzhavar Sandhai ),Coconut,Coconut,Local,2026-09-20,6000.0,6500.0,6250.0
Tamil Nadu,Salem,Ammapet(Uzhavar Sandhai ),Capsicum,Capsicum,Local,2026-09-20,5000.0,5500.0,5250.0
Tamil Nadu,Salem,Ammapet(Uzhavar Sandhai ),Drumstick,Drumstick,Local,2026-09-20,3000.0,3500.0,3250.0
Tamil Nadu,Salem,Ammapet(Uzhavar Sandhai ),Tender Coconut,Tender Coconut,Local,2026-09-20,2000.0,4000.0,3000.0
Tamil Nadu,Salem,Ammapet(Uzhavar Sandhai ),Yam(Ratalu),Yam (Ratalu),Local,2026-09-20,6600.0,7000.0,6800.0
Tamil Nadu,Salem,Ammapet(Uzhavar Sandhai ),Indian Beans(Seam),Indian Beans (Seam),Local,2026-09-20,5600.0,6000.0,5800.0
Tamil Nadu,Salem,Ammapet(Uzhavar Sandhai ),Mint(Pudina),Mint(Pudina),Local,2026-09-20,4200.0,4500.0,4350.0
Tamil Nadu,Salem,Mettur(Uzhavar Sandhai ),Banana,Red Banana,Local,2026-09-20,6500.0,7000.0,6750.0
Tamil Nadu,Salem,Mettur(Uzhavar Sandhai ),Onion,Bellary,Local,2026-09-20,6000.0,7000.0,6500.0
Tamil Nadu,Salem,Mettur(Uzhavar Sandhai ),Amaranthus,Amaranthus,Local,2026-09-20,2000.0,2500.0,2250.0
Tamil Nadu,Salem,Mettur(Uzhavar Sandhai ),Ridgeguard(Tori),Ridgeguard(Tori),Local,2026-09-20,3500.0,4000.0,3750.0
Tamil Nadu,Salem,Mettur(Uzhavar Sandhai ),Indian Beans(Seam),Indian Beans (Seam),Local,2026-09-20,5500.0,6000.0,5750.0
Tamil Nadu,Salem,Sooramangalam(Uzhavar Sandhai ),Groundnut,Big (With Shell),Local,2026-09-20,6000.0,7000.0,6500.0
Tamil Nadu,Salem,Sooramangalam(Uzhavar Sandhai ),Banana,Red Banana,Local,2026-09-20,7500.0,8000.0,7750.0
Tamil Nadu,Salem,Sooramangalam(Uzhavar Sandhai ),Brinjal,Other,Local,2026-09-20,2400.0,2600.0,2500.0
Tamil Nadu,Salem,Sooramangalam(Uzhavar Sandhai ),Papaya,Papaya,Local,2026-09-20,3500.0,4000.0,3750.0
Tamil Nadu,Salem,Sooramangalam(Uzhavar Sandhai ),Mousambi(Sweet Lime),Mousambi,Local,2026-09-20,3000.0,3500.0,3250.0
Tamil Nadu,Salem,Sooramangalam(Uzhavar Sandhai ),Cluster beans,Cluster Beans,Local,2026-09-20,3400.0,3600.0,3500.0
Tamil Nadu,Salem,Sooramangalam(Uzhavar Sandhai ),Bitter gourd,Other,Local,2026-09-20,3400.0,3600.0,3500.0
Tamil Nadu,Salem,Sooramangalam(Uzhavar Sandhai ),Green Chilli,Green Chilly,Local,2026-09-20,3800.0,4000.0,3900.0
Tamil Nadu,Salem,Sooramangalam(Uzhavar Sandhai ),Coconut,Coconut,Local,2026-09-20,6000.0,6500.0,6250.0
Tamil Nadu,Salem,Sooramangalam(Uzhavar Sandhai ),Mango(Raw-Ripe),Mango - Raw-Ripe,Local,2026-09-20,5500.0,6000.0,5750.0
Tamil Nadu,Salem,Sooramangalam(Uzhavar Sandhai ),Lime,Lime,Local,2026-09-20,3500.0,4000.0,3750.0
Tamil Nadu,Salem,Sooramangalam(Uzhavar Sandhai ),Tender Coconut,Tender Coconut,Local,2026-09-20,3500.0,4000.0,3750.0
Tamil Nadu,Salem,Sooramangalam(Uzhavar Sandhai ),Indian Beans(Seam),Indian Beans (Seam),Local,2026-09-20,5500.0,6000.0,5750.0
Tamil Nadu,Salem,Sooramangalam(Uzhavar Sandhai ),Tube Rose(Loose),Tube Rose (Loose),Local,2026-09-20,10000.0,12000.0,11000.0
Tamil Nadu,Salem,Sooramangalam(Uzhavar Sandhai ),Baby Corn,Baby Corn,Grade A,2026-09-20,2500.0,3000.0,2750.0
Tamil Nadu,Thiruchirappalli,Thuraiyur APMC,Potato,Other,Local,2026-09-20,2500.0,3000.0,2750.0
Tamil Nadu,Thiruchirappalli,Thuraiyur APMC,Bitter gourd,Other,Local,2026-09-20,5500.0,6500.0,6000.0
Tamil Nadu,Thiruchirappalli,Thuraiyur APMC,Green Chilli,Green Chilly,Local,2026-09-20,3600.0,4200.0,3900.0
Tamil Nadu,Thiruchirappalli,Thuraiyur APMC,Banana - Green,Banana - Green,Local,2026-09-20,2000.0,2500.0,2250.0
Tamil Nadu,Thiruchirappalli,Thuraiyur APMC,Cabbage,Cabbage,Local,2026-09-20,2500.0,3000.0,2750.0
Tamil Nadu,Thiruchirappalli,Thuraiyur APMC,Ridgeguard(Tori),Ridgeguard(Tori),Local,2026-09-20,4500.0,5000.0,4750.0
Tamil Nadu,Thiruchirappalli,Thuraiyur APMC,Raddish,Raddish,Local,2026-09-20,3000.0,3500.0,3250.0
Tamil Nadu,Thiruchirappalli,Thuraiyur APMC,Thondekai,Thondekai,Local,2026-09-20,4500.0,5000.0,4750.0
Tamil Nadu,Thiruchirappalli,Thuraiyur APMC,Tender Coconut,Tender Coconut,Local,2026-09-20,4000.0,5000.0,4500.0
Tamil Nadu,Thiruchirappalli,Thuraiyur APMC,Elephant Yam(Suran)/Amorphophallus,Elephant Yam (Suran),Local,2026-09-20,3000.0,3500.0,3250.0
Tamil Nadu,Thiruchirappalli,Thuraiyur APMC,Yam(Ratalu),Yam (Ratalu),Local,2026-09-20,5000.0,5500.0,5250.0
Tamil Nadu,Salem,Thammampatti (Uzhavar Sandhai ),Banana - Green,Banana - Green,Local,2026-09-20,2000.0,2500.0,2250.0
Tamil Nadu,Salem,Thammampatti (Uzhavar Sandhai ),Cabbage,Cabbage,Local,2026-09-20,3500.0,4000.0,3750.0
Tamil Nadu,Salem,Thammampatti (Uzhavar Sandhai ),Snakeguard,Snakeguard,Local,2026-09-20,3000.0,3400.0,3200.0
Tamil Nadu,Salem,Thammampatti (Uzhavar Sandhai ),Green Avare(W),Green Avare (W),Local,2026-09-20,7000.0,7500.0,7250.0
Tamil Nadu,Salem,Thammampatti (Uzhavar Sandhai ),Knool Khol,Knool Khol,Local,2026-09-20,4000.0,4500.0,4250.0
Tamil Nadu,Salem,Thammampatti (Uzhavar Sandhai ),Tender Coconut,Tender Coconut,Local,2026-09-20,3500.0,4000.0,3750.0
Tamil Nadu,Salem,Thammampatti (Uzhavar Sandhai ),Elephant Yam(Suran)/Amorphophallus,Elephant Yam (Suran),Local,2026-09-20,2500.0,3000.0,2750.0
Tamil Nadu,Salem,Thathakapatti(Uzhavar Sandhai ),Groundnut,Big (With Shell),Local,2026-09-20,7000.0,8000.0,7500.0
Tamil Nadu,Salem,Thathakapatti(Uzhavar Sandhai ),Onion,Bellary,Local,2026-09-20,6000.0,6500.0,6250.0
Tamil Nadu,Salem,Thathakapatti(Uzhavar Sandhai ),Chikoos(Sapota),Sapota,Local,2026-09-20,3500.0,4000.0,3750.0
Tamil Nadu,Salem,Thathakapatti(Uzhavar Sandhai ),Banana - Green,Banana - Green,Local,2026-09-20,4500.0,5000.0,4750.0
Tamil Nadu,Salem,Thathakapatti(Uzhavar Sandhai ),Ginger(Green),Green Ginger,Local,2026-09-20,16000.0,17000.0,16500.0
Tamil Nadu,Salem,Thathakapatti(Uzhavar Sandhai ),Coconut,Coconut,Local,2026-09-20,6000.0,6500.0,6250.0
Tamil Nadu,Salem,Thathakapatti(Uzhavar Sandhai ),Chow Chow,Chow Chow,Local,2026-09-20,3500.0,4000.0,3750.0
Tamil Nadu,Salem,Thathakapatti(Uzhavar Sandhai ),Drumstick,Drumstick,Local,2026-09-20,3800.0,4000.0,3900.0
Tamil Nadu,Salem,Thathakapatti(Uzhavar Sandhai ),Pomegranate,Pomogranate,Local,2026-09-20,14000.0,16000.0,15000.0
Tamil Nadu,Salem,Thathakapatti(Uzhavar Sandhai ),Jasmine,Jasmine,Local,2026-09-20,34000.0,36000.0,35000.0
Tamil Nadu,Salem,Thathakapatti(Uzhavar Sandhai ),Elephant Yam(Suran)/Amorphophallus,Elephant Yam (Suran),Local,2026-09-20,5000.0,5500.0,5250.0
Tamil Nadu,Salem,Thathakapatti(Uzhavar Sandhai ),Lemon,Lemon,Local,2026-09-20,18000.0,20000.0,19000.0
Tamil Nadu,Theni,Chinnamanur(Uzhavar Sandhai ),Cauliflower,Ranchi,Local,2026-09-20,3000.0,3500.0,3250.0
Tamil Nadu,Theni,Chinnamanur(Uzhavar Sandhai ),Beans,Beans (Whole),Local,2026-09-20,6800.0,8500.0,7650.0
Tamil Nadu,Theni,Chinnamanur(Uzhavar Sandhai ),Ginger(Green),Green Ginger,Local,2026-09-20,7000.0,16000.0,11500.0
Tamil Nadu,Theni,Chinnamanur(Uzhavar Sandhai ),Sweet Potato,Hosur Red,Local,2026-09-20,5000.0,5000.0,5000.0
Tamil Nadu,Theni,Chinnamanur(Uzhavar Sandhai ),Thondekai,Thondekai,Local,2026-09-20,3600.0,3600.0,3600.0
Tamil Nadu,Theni,Chinnamanur(Uzhavar Sandhai ),Knool Khol,Knool Khol,Local,2026-09-20,3600.0,3600.0,3600.0
Tamil Nadu,Theni,Chinnamanur(Uzhavar Sandhai ),Onion Green,Onion Green,Local,2026-09-20,7000.0,9000.0,8000.0
Tamil Nadu,Theni,Kambam(Uzhavar Sandhai ),Brinjal,Round,Local,2026-09-20,3200.0,3200.0,3200.0
Tamil Nadu,Theni,Kambam(Uzhavar Sandhai ),Papaya,Papaya,Local,2026-09-20,3000.0,3000.0,3000.0
Tamil Nadu,Theni,Kambam(Uzhavar Sandhai ),Bottle gourd,Bottle Gourd,Local,2026-09-20,1500.0,1500.0,1500.0
Tamil Nadu,Theni,Kambam(Uzhavar Sandhai ),Bhindi(Ladies Finger),Bhindi,Local,2026-09-20,4000.0,4000.0,4000.0
Tamil Nadu,Theni,Kambam(Uzhavar Sandhai ),Amaranthus,Amaranthus,Local,2026-09-20,2500.0,2500.0,2500.0
Tamil Nadu,Theni,Kambam(Uzhavar Sandhai ),Green Chilli,Green Chilly,Local,2026-09-20,4600.0,5000.0,4800.0
Tamil Nadu,Theni,Kambam(Uzhavar Sandhai ),Banana - Green,Banana - Green,Local,2026-09-20,3600.0,3600.0,3600.0
Tamil Nadu,Theni,Kambam(Uzhavar Sandhai ),Carrot,Pusakesar,Local,2026-09-20,3400.0,3400.0,3400.0
Tamil Nadu,Theni,Kambam(Uzhavar Sandhai ),Cabbage,Cabbage,Local,2026-09-20,2800.0,2800.0,2800.0
Tamil Nadu,Theni,Kambam(Uzhavar Sandhai ),Capsicum,Capsicum,Local,2026-09-20,5000.0,5000.0,5000.0
Tamil Nadu,Theni,Kambam(Uzhavar Sandhai ),Lime,Lime,Local,2026-09-20,9500.0,9500.0,9500.0
Tamil Nadu,Theni,Kambam(Uzhavar Sandhai ),Mint(Pudina),Mint(Pudina),Local,2026-09-20,5500.0,5500.0,5500.0
Tamil Nadu,Theni,Theni(Uzhavar Sandhai ),Soyabean,Local,Local,2026-09-20,9000.0,9000.0,9000.0
Tamil Nadu,Theni,Theni(Uzhavar Sandhai ),Chili Red,Bold,Local,2026-09-20,10000.0,10000.0,10000.0
Tamil Nadu,Theni,Theni(Uzhavar Sandhai ),Papaya,Papaya,Local,2026-09-20,3000.0,3500.0,3250.0
Tamil Nadu,Theni,Theni(Uzhavar Sandhai ),Water Melon,Water Melon,Local,2026-09-20,2500.0,2500.0,2500.0
Tamil Nadu,Theni,Theni(Uzhavar Sandhai ),Green Chilli,Green Chilly,Local,2026-09-20,2000.0,5800.0,3900.0
Tamil Nadu,Theni,Theni(Uzhavar Sandhai ),Beans,Beans (Whole),Local,2026-09-20,6800.0,8500.0,7650.0
Tamil Nadu,Theni,Theni(Uzhavar Sandhai ),Lime,Lime,Local,2026-09-20,8000.0,9500.0,8750.0
Tamil Nadu,Theni,Theni(Uzhavar Sandhai ),Yam(Ratalu),Yam (Ratalu),Local,2026-09-20,5000.0,5000.0,5000.0
Tamil Nadu,Theni,Theni(Uzhavar Sandhai ),Indian Beans(Seam),Indian Beans (Seam),Local,2026-09-20,5400.0,5400.0,5400.0
Tamil Nadu,Theni,Theni(Uzhavar Sandhai ),Lemon,Lemon,Local,2026-09-20,20000.0,22000.0,21000.0
Tamil Nadu,Theni,Theni(Uzhavar Sandhai ),Colacasia,Colacasia,Local,2026-09-20,5000.0,5000.0,5000.0
Tamil Nadu,Theni,Theni(Uzhavar Sandhai ),Custard Apple(Sharifa),Custard Apple(Sharifa),Local,2026-09-20,8000.0,8000.0,8000.0
Tamil Nadu,Theni,Theni(Uzhavar Sandhai ),Onion Green,Onion Green,Local,2026-09-20,8000.0,8500.0,8250.0
Tamil Nadu,Thirunelveli,Kandiyaperi(Uzhavar Sandhai ),Bhindi(Ladies Finger),Bhindi,Local,2026-09-20,3600.0,4000.0,3800.0
Tamil Nadu,Thirunelveli,Kandiyaperi(Uzhavar Sandhai ),Amaranthus,Amaranthus,Local,2026-09-20,1200.0,1500.0,1350.0
Tamil Nadu,Thirunelveli,NGO Colony(Uzhavar Sandhai ),Banana,Besrai,Local,2026-09-20,5500.0,6000.0,5750.0
Tamil Nadu,Thirunelveli,NGO Colony(Uzhavar Sandhai ),Potato,Red Nanital,Local,2026-09-20,2000.0,2900.0,2450.0
Tamil Nadu,Thirunelveli,NGO Colony(Uzhavar Sandhai ),Coriander(Leaves),I Sort,Local,2026-09-20,4000.0,4500.0,4250.0
Tamil Nadu,Thirunelveli,NGO Colony(Uzhavar Sandhai ),Tomato,Deshi,Local,2026-09-20,1500.0,2000.0,1750.0
Tamil Nadu,Thirunelveli,NGO Colony(Uzhavar Sandhai ),Bitter gourd,Bitter Gourd,Local,2026-09-20,5000.0,5500.0,5250.0
Tamil Nadu,Thirunelveli,NGO Colony(Uzhavar Sandhai ),Ashgourd,Gouard,Local,2026-09-20,1000.0,1200.0,1100.0
Tamil Nadu,Thirunelveli,NGO Colony(Uzhavar Sandhai ),Amaranthus,Amaranthus,Local,2026-09-20,1000.0,1500.0,1250.0
Tamil Nadu,Thirunelveli,NGO Colony(Uzhavar Sandhai ),Coconut,Coconut,Local,2026-09-20,5500.0,6000.0,5750.0
Tamil Nadu,Thirunelveli,NGO Colony(Uzhavar Sandhai ),Capsicum,Capsicum,Local,2026-09-20,4500.0,5000.0,4750.0
Tamil Nadu,Thirunelveli,NGO Colony(Uzhavar Sandhai ),Chow Chow,Chow Chow,Local,2026-09-20,3000.0,3600.0,3300.0
Tamil Nadu,Thirunelveli,Palayamkottai(Uzhavar Sandhai ),Apple,American,Local,2026-09-20,14000.0,20000.0,17000.0
Tamil Nadu,Thirunelveli,Palayamkottai(Uzhavar Sandhai ),Cauliflower,Ranchi,Local,2026-09-20,4200.0,4400.0,4300.0
Tamil Nadu,Thirunelveli,Palayamkottai(Uzhavar Sandhai ),Tomato,Deshi,Local,2026-09-20,1800.0,2000.0,1900.0
Tamil Nadu,Thirunelveli,Palayamkottai(Uzhavar Sandhai ),Ashgourd,Gouard,Local,2026-09-20,1000.0,1200.0,1100.0
Tamil Nadu,Thirunelveli,Palayamkottai(Uzhavar Sandhai ),Beans,Beans (Whole),Local,2026-09-20,11000.0,12000.0,11500.0
Tamil Nadu,Thirunelveli,Palayamkottai(Uzhavar Sandhai ),Ginger(Green),Green Ginger,Local,2026-09-20,17000.0,18000.0,17500.0
Tamil Nadu,Thirunelveli,Palayamkottai(Uzhavar Sandhai ),Cucumbar(Kheera),Cucumbar,Local,2026-09-20,4000.0,6000.0,5000.0
Tamil Nadu,Thirunelveli,Palayamkottai(Uzhavar Sandhai ),Capsicum,Capsicum,Local,2026-09-20,4500.0,5000.0,4750.0
Tamil Nadu,Thirunelveli,Palayamkottai(Uzhavar Sandhai ),Pomegranate,Pomogranate,Local,2026-09-20,14000.0,20000.0,17000.0
Tamil Nadu,Thirunelveli,Palayamkottai(Uzhavar Sandhai ),Mint(Pudina),Mint(Pudina),Local,2026-09-20,6500.0,7000.0,6750.0
Tamil Nadu,Thirupur,Kangayam(Uzhavar Sandhai ),Ridgeguard(Tori),Ridgeguard(Tori),Local,2026-09-20,5000.0,5500.0,5250.0
Tamil Nadu,Thirupur,Kangayam(Uzhavar Sandhai ),Green Avare(W),Green Avare (W),Local,2026-09-20,6500.0,7200.0,6850.0
Tamil Nadu,Thirupur,Kangayam(Uzhavar Sandhai ),Drumstick,Drumstick,Local,2026-09-20,2500.0,3000.0,2750.0
Tamil Nadu,Thirupur,Kangayam(Uzhavar Sandhai ),Tender Coconut,Tender Coconut,Local,2026-09-20,3000.0,3500.0,3250.0
Tamil Nadu,Thirupur,Kangayam(Uzhavar Sandhai ),Amla(Nelli Kai),Amla,Local,2026-09-20,8000.0,8500.0,8250.0
Tamil Nadu,Thirupur,Tiruppur (North) (Uzhavar Sandhai ),Potato,Other,Local,2026-09-20,5000.0,6000.0,5500.0
Tamil Nadu,Thirupur,Tiruppur (North) (Uzhavar Sandhai ),Bitter gourd,Other,Local,2026-09-20,5000.0,6000.0,5500.0
Tamil Nadu,Thirupur,Tiruppur (North) (Uzhavar Sandhai ),Bhindi(Ladies Finger),Bhindi,Local,2026-09-20,3500.0,4000.0,3750.0
Tamil Nadu,Thirupur,Tiruppur (North) (Uzhavar Sandhai ),Beans,Beans (Whole),Local,2026-09-20,6000.0,7000.0,6500.0
Tamil Nadu,Thirupur,Tiruppur (North) (Uzhavar Sandhai ),Ginger(Green),Green Ginger,Local,2026-09-20,15000.0,16000.0,15500.0
Tamil Nadu,Thirupur,Tiruppur (North) (Uzhavar Sandhai ),Snakeguard,Snakeguard,Local,2026-09-20,3500.0,4000.0,3750.0
Tamil Nadu,Thirupur,Tiruppur (North) (Uzhavar Sandhai ),Beetroot,Beetroot,Local,2026-09-20,5000.0,6000.0,5500.0
Tamil Nadu,Thirupur,Tiruppur (North) (Uzhavar Sandhai ),Guava,Guava Allahabad,Local,2026-09-20,5000.0,6000.0,5500.0
Tamil Nadu,Thirupur,Tiruppur (North) (Uzhavar Sandhai ),Yam(Ratalu),Yam (Ratalu),Local,2026-09-20,6000.0,7000.0,6500.0
Tamil Nadu,Thirupur,Tiruppur (North) (Uzhavar Sandhai ),Onion Green,Onion Green,Local,2026-09-20,8000.0,8500.0,8250.0
Tamil Nadu,Thiruvannamalai,Chengam(Uzhavar Sandhai ),Coconut,Coconut,Local,2026-09-20,4200.0,5000.0,4600.0
Tamil Nadu,Thiruvannamalai,Chengam(Uzhavar Sandhai ),Beetroot,Beetroot,Local,2026-09-20,4000.0,4800.0,4400.0
Tamil Nadu,Thiruvannamalai,Chengam(Uzhavar Sandhai ),Thondekai,Thondekai,Local,2026-09-20,5000.0,6000.0,5500.0
Tamil Nadu,Thiruvannamalai,Chengam(Uzhavar Sandhai ),Chow Chow,Chow Chow,Local,2026-09-20,4000.0,4800.0,4400.0
Tamil Nadu,Thiruvannamalai,Chengam(Uzhavar Sandhai ),Guava,Guava Allahabad,Local,2026-09-20,5000.0,6000.0,5500.0
Tamil Nadu,Thiruvannamalai,Tamarainagar(Uzhavar Sandhai ),Water Melon,Water Melon,Local,2026-09-20,2500.0,3000.0,2750.0
Tamil Nadu,Thiruvannamalai,Tamarainagar(Uzhavar Sandhai ),Tomato,Deshi,Local,2026-09-20,2500.0,3000.0,2750.0
Tamil Nadu,Thiruvannamalai,Tamarainagar(Uzhavar Sandhai ),Pumpkin,Pumpkin,Local,2026-09-20,2000.0,2500.0,2250.0
Tamil Nadu,Thiruvannamalai,Tamarainagar(Uzhavar Sandhai ),Beans,Beans (Whole),Local,2026-09-20,7000.0,8000.0,7500.0
Tamil Nadu,Thiruvannamalai,Tamarainagar(Uzhavar Sandhai ),Coconut,Coconut,Local,2026-09-20,5600.0,6600.0,6100.0
Tamil Nadu,Thiruvannamalai,Tamarainagar(Uzhavar Sandhai ),Cucumbar(Kheera),Cucumbar,Local,2026-09-20,4000.0,5000.0,4500.0
Tamil Nadu,Thiruvannamalai,Tamarainagar(Uzhavar Sandhai ),Lemon,Lemon,Local,2026-09-20,25000.0,30000.0,27500.0
Tamil Nadu,Thiruvannamalai,Tamarainagar(Uzhavar Sandhai ),Mint(Pudina),Mint(Pudina),Local,2026-09-20,5000.0,6000.0,5500.0
Tamil Nadu,Thiruvannamalai,Vandavasi(Uzhavar Sandhai ),Banana,Karpura,Local,2026-09-20,5000.0,6000.0,5500.0
Tamil Nadu,Thiruvannamalai,Vandavasi(Uzhavar Sandhai ),Onion,Bellary,Local,2026-09-20,5000.0,6000.0,5500.0
Tamil Nadu,Thiruvannamalai,Vandavasi(Uzhavar Sandhai ),Papaya,Papaya,Local,2026-09-20,3500.0,4000.0,3750.0
Tamil Nadu,Thiruvannamalai,Vandavasi(Uzhavar Sandhai ),Amaranthus,Amaranthus,Local,2026-09-20,2500.0,3000.0,2750.0
Tamil Nadu,Thiruvannamalai,Vandavasi(Uzhavar Sandhai ),Green Chilli,Green Chilly,Local,2026-09-20,5000.0,6000.0,5500.0
Tamil Nadu,Thiruvannamalai,Vandavasi(Uzhavar Sandhai ),Ridgeguard(Tori),Ridgeguard(Tori),Local,2026-09-20,2500.0,3000.0,2750.0
Tamil Nadu,Thiruvannamalai,Vandavasi(Uzhavar Sandhai ),Chow Chow,Chow Chow,Local,2026-09-20,2500.0,3000.0,2750.0
Tamil Nadu,Thiruvannamalai,Vandavasi(Uzhavar Sandhai ),Guava,Guava Allahabad,Local,2026-09-20,4000.0,5000.0,4500.0
Tamil Nadu,Thiruvannamalai,Vandavasi(Uzhavar Sandhai ),Lemon,Lemon,Local,2026-09-20,10000.0,12000.0,11000.0
Tamil Nadu,Thiruvarur,Muthupettai(Uzhavar Sandhai ),Bhindi(Ladies Finger),Bhindi,Local,2026-09-20,3600.0,3600.0,3600.0
Tamil Nadu,Thiruvarur,Muthupettai(Uzhavar Sandhai ),Green Chilli,Green Chilly,Local,2026-09-20,4800.0,4800.0,4800.0
Tamil Nadu,Thiruvarur,Muthupettai(Uzhavar Sandhai ),Cabbage,Cabbage,Local,2026-09-20,3400.0,3400.0,3400.0
Tamil Nadu,Thiruvarur,Muthupettai(Uzhavar Sandhai ),Mint(Pudina),Mint(Pudina),Local,2026-09-20,6500.0,6500.0,6500.0
Tamil Nadu,Coimbatore,Sulur(Uzhavar Sandhai ),Banana,Besrai,Local,2026-09-20,6000.0,9000.0,7500.0
Tamil Nadu,Coimbatore,Sulur(Uzhavar Sandhai ),Pumpkin,Pumpkin,Local,2026-09-20,1600.0,2000.0,1800.0
Tamil Nadu,Coimbatore,Sulur(Uzhavar Sandhai ),Tapioca,Tapioca,Local,2026-09-20,3200.0,3600.0,3400.0
Tamil Nadu,Coimbatore,Sulur(Uzhavar Sandhai ),Coconut,Coconut,Local,2026-09-20,5600.0,6000.0,5800.0
Tamil Nadu,Coimbatore,Sulur(Uzhavar Sandhai ),Cucumbar(Kheera),Cucumbar,Local,2026-09-20,4000.0,4500.0,4250.0
Tamil Nadu,Coimbatore,Sulur(Uzhavar Sandhai ),Raddish,Raddish,Local,2026-09-20,2600.0,3200.0,2900.0
Tamil Nadu,Coimbatore,Sulur(Uzhavar Sandhai ),Drumstick,Drumstick,Local,2026-09-20,3600.0,4000.0,3800.0
Tamil Nadu,Pudukkottai,Gandarvakottai(Uzhavar Sandhai ),Tomato,Deshi,Local,2026-09-20,2500.0,3000.0,2750.0
Tamil Nadu,Pudukkottai,Gandarvakottai(Uzhavar Sandhai ),Banana - Green,Banana - Green,Local,2026-09-20,2500.0,3000.0,2750.0
Tamil Nadu,Cuddalore,Panruti(Uzhavar Sandhai ),Papaya,Papaya,Local,2026-09-20,4000.0,4000.0,4000.0
Tamil Nadu,Cuddalore,Panruti(Uzhavar Sandhai ),Ashgourd,Gouard,Local,2026-09-20,2500.0,2500.0,2500.0
Tamil Nadu,Cuddalore,Panruti(Uzhavar Sandhai ),Bhindi(Ladies Finger),Bhindi,Local,2026-09-20,3000.0,3000.0,3000.0
Tamil Nadu,Cuddalore,Panruti(Uzhavar Sandhai ),Mint(Pudina),Mint(Pudina),Local,2026-09-20,5000.0,5000.0,5000.0
Tamil Nadu,Cuddalore,Vadalur(Uzhavar Sandhai ),Brinjal,Other,Local,2026-09-20,4000.0,4000.0,4000.0
Tamil Nadu,Cuddalore,Vadalur(Uzhavar Sandhai ),Cluster beans,Cluster Beans,Local,2026-09-20,4000.0,4000.0,4000.0
Tamil Nadu,Cuddalore,Vadalur(Uzhavar Sandhai ),Ashgourd,Gouard,Local,2026-09-20,2000.0,2000.0,2000.0
Tamil Nadu,Cuddalore,Vadalur(Uzhavar Sandhai ),Raddish,Raddish,Local,2026-09-20,3000.0,3000.0,3000.0
Tamil Nadu,Cuddalore,Vadalur(Uzhavar Sandhai ),Mango(Raw-Ripe),Mango - Raw-Ripe,Local,2026-09-20,8000.0,8000.0,8000.0
Tamil Nadu,Dharmapuri,AJattihalli(Uzhavar Sandhai ),Banana - Green,Banana - Green,Local,2026-09-20,2500.0,3000.0,2750.0
Tamil Nadu,Dharmapuri,AJattihalli(Uzhavar Sandhai ),Beans,Beans (Whole),Local,2026-09-20,10500.0,10500.0,10500.0
Tamil Nadu,Dharmapuri,AJattihalli(Uzhavar Sandhai ),Ginger(Green),Green Ginger,Local,2026-09-20,20000.0,22000.0,21000.0
Tamil Nadu,Dharmapuri,AJattihalli(Uzhavar Sandhai ),Green Avare(W),Green Avare (W),Local,2026-09-20,6000.0,6000.0,6000.0
Tamil Nadu,Dharmapuri,AJattihalli(Uzhavar Sandhai ),Chow Chow,Chow Chow,Local,2026-09-20,4600.0,4600.0,4600.0
Tamil Nadu,Dharmapuri,AJattihalli(Uzhavar Sandhai ),Knool Khol,Knool Khol,Local,2026-09-20,4800.0,4800.0,4800.0
Tamil Nadu,Dharmapuri,AJattihalli(Uzhavar Sandhai ),Lime,Lime,Local,2026-09-20,5000.0,5000.0,5000.0
Tamil Nadu,Dharmapuri,AJattihalli(Uzhavar Sandhai ),Amla(Nelli Kai),Amla,Local,2026-09-20,10000.0,10000.0,10000.0
Tamil Nadu,Thanjavur,Peravurani(Uzhavar Sandhai),Onion,Bellary,Local,2026-09-20,5000.0,7000.0,6000.0
Tamil Nadu,Thanjavur,Peravurani(Uzhavar Sandhai),Tomato,Deshi,Local,2026-09-20,3400.0,3400.0,3400.0
Tamil Nadu,Thanjavur,Peravurani(Uzhavar Sandhai),Bottle gourd,Bottle Gourd,Local,2026-09-20,2500.0,2500.0,2500.0
Tamil Nadu,Thanjavur,Peravurani(Uzhavar Sandhai),Green Chilli,Green Chilly,Local,2026-09-20,4800.0,4800.0,4800.0
Tamil Nadu,Thanjavur,Peravurani(Uzhavar Sandhai),Coconut,Coconut,Local,2026-09-20,5000.0,5000.0,5000.0
Tamil Nadu,Thanjavur,Peravurani(Uzhavar Sandhai),Carrot,Pusakesar,Local,2026-09-20,6000.0,6000.0,6000.0
Tamil Nadu,Karur,Pallapatti (Uzhavar Sandhai ),Green Avare(W),Other,Local,2026-09-20,8000.0,10000.0,9000.0
Tamil Nadu,Karur,Pallapatti (Uzhavar Sandhai ),Drumstick,Drumstick,Local,2026-09-20,3000.0,3500.0,3250.0
Tamil Nadu,Karur,Pallapatti (Uzhavar Sandhai ),Amla(Nelli Kai),Amla,Local,2026-09-20,7500.0,8000.0,7750.0
Tamil Nadu,Karur,Pallapatti (Uzhavar Sandhai ),Mint(Pudina),Mint(Pudina),Local,2026-09-20,4500.0,5000.0,4750.0
Tamil Nadu,Karur,Pallapatti (Uzhavar Sandhai ),Baby Corn,Baby Corn,Grade A,2026-09-20,4500.0,5000.0,4750.0
Tamil Nadu,Karur,Velayuthampalayam(Uzhavar Sandhai ),Banana,Other,Local,2026-09-20,5000.0,6000.0,5500.0
Tamil Nadu,Karur,Velayuthampalayam(Uzhavar Sandhai ),Coriander(Leaves),I Sort,Local,2026-09-20,5200.0,6000.0,5600.0
Tamil Nadu,Karur,Velayuthampalayam(Uzhavar Sandhai ),Tomato,Other,Local,2026-09-20,2400.0,3000.0,2700.0
Tamil Nadu,Karur,Velayuthampalayam(Uzhavar Sandhai ),Green Avare(W),Other,Local,2026-09-20,9000.0,10000.0,9500.0
Tamil Nadu,Karur,Velayuthampalayam(Uzhavar Sandhai ),Drumstick,Drumstick,Local,2026-09-20,2400.0,3000.0,2700.0
Tamil Nadu,Karur,Velayuthampalayam(Uzhavar Sandhai ),Lemon,Lemon,Local,2026-09-20,28000.0,30000.0,29000.0
Tamil Nadu,Karur,Velayuthampalayam(Uzhavar Sandhai ),Onion Green,Onion Green,Local,2026-09-20,8500.0,9500.0,9000.0
Tamil Nadu,Karur,Vengamedu(Uzhavar Sandhai ),Cluster beans,Cluster Beans,Local,2026-09-20,3500.0,4000.0,3750.0
Tamil Nadu,Karur,Vengamedu(Uzhavar Sandhai ),Banana - Green,Banana - Green,Local,2026-09-20,2500.0,3000.0,2750.0
Tamil Nadu,Karur,Vengamedu(Uzhavar Sandhai ),Coconut,Coconut,Local,2026-09-20,5500.0,6000.0,5750.0
Tamil Nadu,Karur,Vengamedu(Uzhavar Sandhai ),Snakeguard,Snakeguard,Local,2026-09-20,3000.0,3500.0,3250.0
Tamil Nadu,Karur,Vengamedu(Uzhavar Sandhai ),Mint(Pudina),Mint(Pudina),Local,2026-09-20,5500.0,6000.0,5750.0
Tamil Nadu,Theni,Devaram(Uzhavar Sandhai ),Bitter gourd,Bitter Gourd,Local,2026-09-20,3800.0,3800.0,3800.0
Tamil Nadu,Theni,Devaram(Uzhavar Sandhai ),Raddish,Raddish,Local,2026-09-20,2400.0,2400.0,2400.0
Tamil Nadu,Theni,Devaram(Uzhavar Sandhai ),Drumstick,Drumstick,Local,2026-09-20,4200.0,4200.0,4200.0
Tamil Nadu,Salem,Attayampatti(Uzhavar Sandhai ),Chikoos(Sapota),Sapota,Local,2026-09-20,5000.0,5000.0,5000.0
Tamil Nadu,Salem,Attayampatti(Uzhavar Sandhai ),Bottle gourd,Bottle Gourd,Local,2026-09-20,2600.0,3000.0,2800.0
Tamil Nadu,Salem,Attayampatti(Uzhavar Sandhai ),Bhindi(Ladies Finger),Bhindi,Local,2026-09-20,3000.0,3000.0,3000.0
Tamil Nadu,Salem,Attayampatti(Uzhavar Sandhai ),Snakeguard,Snakeguard,Local,2026-09-20,3400.0,3800.0,3600.0
Tamil Nadu,Sivaganga,Sivagangai (Uzhavar Sandhai ),Banana,Poovan,Local,2026-09-20,4000.0,4000.0,4000.0
Tamil Nadu,Sivaganga,Sivagangai (Uzhavar Sandhai ),Cauliflower,Ranchi,Local,2026-09-20,2600.0,3200.0,2900.0
Tamil Nadu,Sivaganga,Sivagangai (Uzhavar Sandhai ),Chikoos(Sapota),Sapota,Local,2026-09-20,4200.0,6200.0,5200.0
Tamil Nadu,Sivaganga,Sivagangai (Uzhavar Sandhai ),Ashgourd,Gouard,Local,2026-09-20,1800.0,2000.0,1900.0
Tamil Nadu,Sivaganga,Sivagangai (Uzhavar Sandhai ),Bhindi(Ladies Finger),Bhindi,Local,2026-09-20,3000.0,3400.0,3200.0
Tamil Nadu,Sivaganga,Sivagangai (Uzhavar Sandhai ),Mango(Raw-Ripe),Mango - Raw-Ripe,Local,2026-09-20,12000.0,13000.0,12500.0
Tamil Nadu,Sivaganga,Sivagangai (Uzhavar Sandhai ),Elephant Yam(Suran)/Amorphophallus,Elephant Yam (Suran),Local,2026-09-20,4200.0,4600.0,4400.0
Tamil Nadu,Sivaganga,Devakottai (Uzhavar Sandhai ),Bhindi(Ladies Finger),Bhindi,Local,2026-09-20,3200.0,3400.0,3300.0
Tamil Nadu,Sivaganga,Devakottai (Uzhavar Sandhai ),Ginger(Green),Green Ginger,Local,2026-09-20,12000.0,20000.0,16000.0
Tamil Nadu,Sivaganga,Devakottai (Uzhavar Sandhai ),Cabbage,Cabbage,Local,2026-09-20,3000.0,3400.0,3200.0
Tamil Nadu,Sivaganga,Devakottai (Uzhavar Sandhai ),Drumstick,Drumstick,Local,2026-09-20,4200.0,4600.0,4400.0
Tamil Nadu,Sivaganga,Devakottai (Uzhavar Sandhai ),Lemon,Lemon,Local,2026-09-20,26600.0,28000.0,27300.0
Tamil Nadu,Salem,Edapadi (Uzhavar Sandhai ),Mousambi(Sweet Lime),Mousambi,Local,2026-09-20,2800.0,3000.0,2900.0
Tamil Nadu,Salem,Edapadi (Uzhavar Sandhai ),Amaranthus,Amaranthus,Local,2026-09-20,2400.0,2600.0,2500.0
Tamil Nadu,Salem,Edapadi (Uzhavar Sandhai ),Coconut,Coconut,Local,2026-09-20,5500.0,6000.0,5750.0
Tamil Nadu,Salem,Edapadi (Uzhavar Sandhai ),Snakeguard,Snakeguard,Local,2026-09-20,3500.0,4000.0,3750.0
Tamil Nadu,Salem,Edapadi (Uzhavar Sandhai ),Elephant Yam(Suran)/Amorphophallus,Elephant Yam (Suran),Local,2026-09-20,3500.0,4000.0,3750.0
Tamil Nadu,Salem,Edapadi (Uzhavar Sandhai ),Lemon,Lemon,Local,2026-09-20,11000.0,12000.0,11500.0
Tamil Nadu,Salem,Elampillai(Uzhavar Sandhai ),Potato,Other,Local,2026-09-20,2500.0,2800.0,2650.0
Tamil Nadu,Salem,Elampillai(Uzhavar Sandhai ),Bitter gourd,Other,Local,2026-09-20,4000.0,4500.0,4250.0
Tamil Nadu,Salem,Elampillai(Uzhavar Sandhai ),Pumpkin,Pumpkin,Local,2026-09-20,1800.0,2000.0,1900.0
Tamil Nadu,Salem,Elampillai(Uzhavar Sandhai ),Bhindi(Ladies Finger),Bhindi,Local,2026-09-20,2500.0,3000.0,2750.0
Tamil Nadu,Salem,Elampillai(Uzhavar Sandhai ),Beans,Beans (Whole),Local,2026-09-20,7000.0,8000.0,7500.0
Tamil Nadu,Salem,Elampillai(Uzhavar Sandhai ),Ginger(Green),Green Ginger,Local,2026-09-20,17000.0,17500.0,17250.0
Tamil Nadu,Salem,Elampillai(Uzhavar Sandhai ),Capsicum,Capsicum,Local,2026-09-20,5000.0,6000.0,5500.0
Tamil Nadu,Salem,Elampillai(Uzhavar Sandhai ),Guava,Guava Allahabad,Local,2026-09-20,3500.0,4000.0,3750.0
Tamil Nadu,Salem,Hasthampatti(Uzhavar Sandhai ),Colacasia,Colacasia,Local,2026-09-20,5500.0,6000.0,5750.0
Tamil Nadu,Salem,Hasthampatti(Uzhavar Sandhai ),Garlic,Garlic,Local,2026-09-20,18000.0,20000.0,19000.0
Tamil Nadu,Salem,Hasthampatti(Uzhavar Sandhai ),Brinjal,Round,Local,2026-09-20,3500.0,4000.0,3750.0
Tamil Nadu,Salem,Hasthampatti(Uzhavar Sandhai ),Green Peas,Green Peas,Local,2026-09-20,15000.0,15500.0,15250.0
Tamil Nadu,Salem,Hasthampatti(Uzhavar Sandhai ),Ashgourd,Gouard,Local,2026-09-20,1800.0,2000.0,1900.0
Tamil Nadu,Salem,Hasthampatti(Uzhavar Sandhai ),Coconut,Coconut,Local,2026-09-20,6000.0,6500.0,6250.0
Tamil Nadu,Salem,Hasthampatti(Uzhavar Sandhai ),Sweet Potato,Hosur Red,Local,2026-09-20,4000.0,4500.0,4250.0
Tamil Nadu,Salem,Hasthampatti(Uzhavar Sandhai ),Snakeguard,Snakeguard,Local,2026-09-20,3600.0,3800.0,3700.0
Tamil Nadu,Salem,Hasthampatti(Uzhavar Sandhai ),Guava,Guava Allahabad,Local,2026-09-20,4000.0,5000.0,4500.0
Tamil Nadu,Salem,Hasthampatti(Uzhavar Sandhai ),Pomegranate,Pomogranate,Local,2026-09-20,10000.0,12000.0,11000.0
Tamil Nadu,Salem,Hasthampatti(Uzhavar Sandhai ),Yam(Ratalu),Yam (Ratalu),Local,2026-09-20,5500.0,6000.0,5750.0
Tamil Nadu,Salem,Hasthampatti(Uzhavar Sandhai ),Indian Beans(Seam),Indian Beans (Seam),Local,2026-09-20,6000.0,6500.0,6250.0
Tamil Nadu,Salem,Hasthampatti(Uzhavar Sandhai ),Lemon,Lemon,Local,2026-09-20,4000.0,10000.0,7000.0
Tamil Nadu,Salem,Jalagandapuram(Uzhavar Sandhai ),Onion,Bellary,Local,2026-09-20,6000.0,6800.0,6400.0
Tamil Nadu,Salem,Jalagandapuram(Uzhavar Sandhai ),Bhindi(Ladies Finger),Bhindi,Local,2026-09-20,2200.0,2600.0,2400.0
Tamil Nadu,Salem,Jalagandapuram(Uzhavar Sandhai ),Amaranthus,Amaranthus,Local,2026-09-20,2000.0,2400.0,2200.0
Tamil Nadu,Salem,Jalagandapuram(Uzhavar Sandhai ),Coconut,Coconut,Local,2026-09-20,5000.0,6000.0,5500.0
Tamil Nadu,Salem,Jalagandapuram(Uzhavar Sandhai ),Drumstick,Drumstick,Local,2026-09-20,3000.0,3500.0,3250.0
Tamil Nadu,Salem,Jalagandapuram(Uzhavar Sandhai ),Tender Coconut,Tender Coconut,Local,2026-09-20,3000.0,3500.0,3250.0
Tamil Nadu,Sivaganga,Singampunari(Uzhavar Sandhai ),Cluster beans,Cluster Beans,Local,2026-09-20,3800.0,4200.0,4000.0
Tamil Nadu,Sivaganga,Singampunari(Uzhavar Sandhai ),Banana - Green,Banana - Green,Local,2026-09-20,2500.0,3000.0,2750.0
Tamil Nadu,Sivaganga,Singampunari(Uzhavar Sandhai ),Mint(Pudina),Mint(Pudina),Local,2026-09-20,5600.0,6200.0,5900.0
Tamil Nadu,Sivaganga,Karaikudi(Uzhavar Sandhai ),Bitter gourd,Other,Local,2026-09-20,5500.0,6000.0,5750.0
Tamil Nadu,Sivaganga,Karaikudi(Uzhavar Sandhai ),Banana - Green,Banana - Green,Local,2026-09-20,3000.0,4000.0,3500.0
Tamil Nadu,Sivaganga,Karaikudi(Uzhavar Sandhai ),Beans,Beans (Whole),Local,2026-09-20,9000.0,10000.0,9500.0
Tamil Nadu,Sivaganga,Karaikudi(Uzhavar Sandhai ),Cabbage,Cabbage,Local,2026-09-20,3000.0,3500.0,3250.0
Tamil Nadu,Sivaganga,Karaikudi(Uzhavar Sandhai ),Snakeguard,Snakeguard,Local,2026-09-20,3500.0,4000.0,3750.0
Tamil Nadu,Sivaganga,Karaikudi(Uzhavar Sandhai ),Ridgeguard(Tori),Ridgeguard(Tori),Local,2026-09-20,4500.0,5000.0,4750.0
Tamil Nadu,Sivaganga,Karaikudi(Uzhavar Sandhai ),Knool Khol,Knool Khol,Local,2026-09-20,5000.0,5200.0,5100.0
Tamil Nadu,Sivaganga,Tirupatthur(Uzhavar Sandhai ),Onion,Bellary,Local,2026-09-20,4400.0,5500.0,4950.0
Tamil Nadu,Sivaganga,Tirupatthur(Uzhavar Sandhai ),Potato,Red Nanital,Local,2026-09-20,3200.0,3500.0,3350.0
Tamil Nadu,Sivaganga,Tirupatthur(Uzhavar Sandhai ),Cauliflower,Ranchi,Local,2026-09-20,3000.0,3500.0,3250.0
Tamil Nadu,Sivaganga,Tirupatthur(Uzhavar Sandhai ),Brinjal,Other,Local,2026-09-20,3500.0,4000.0,3750.0
Tamil Nadu,Sivaganga,Tirupatthur(Uzhavar Sandhai ),Papaya,Papaya,Local,2026-09-20,5000.0,5500.0,5250.0
Tamil Nadu,Sivaganga,Tirupatthur(Uzhavar Sandhai ),Tomato,Other,Local,2026-09-20,2500.0,3000.0,2750.0
Tamil Nadu,Sivaganga,Tirupatthur(Uzhavar Sandhai ),Amaranthus,Amaranthus,Local,2026-09-20,3500.0,4000.0,3750.0
Tamil Nadu,Sivaganga,Tirupatthur(Uzhavar Sandhai ),Banana - Green,Banana - Green,Local,2026-09-20,2500.0,3000.0,2750.0
Tamil Nadu,Sivaganga,Tirupatthur(Uzhavar Sandhai ),Cabbage,Cabbage,Local,2026-09-20,3000.0,3500.0,3250.0
Tamil Nadu,Sivaganga,Tirupatthur(Uzhavar Sandhai ),Green Avare(W),Other,Local,2026-09-20,8400.0,10500.0,9450.0
Tamil Nadu,Sivaganga,Tirupatthur(Uzhavar Sandhai ),Drumstick,Drumstick,Local,2026-09-20,4000.0,4500.0,4250.0
Tamil Nadu,Thanjavur,Pattukottai(Uzhavar Sandhai ),Banana,Besrai,Local,2026-09-20,3500.0,3500.0,3500.0
Tamil Nadu,Thanjavur,Pattukottai(Uzhavar Sandhai ),Bottle gourd,Bottle Gourd,Local,2026-09-20,2600.0,2600.0,2600.0
Tamil Nadu,Thanjavur,Pattukottai(Uzhavar Sandhai ),Pumpkin,Pumpkin,Local,2026-09-20,2600.0,2600.0,2600.0
Tamil Nadu,Thanjavur,Pattukottai(Uzhavar Sandhai ),Carrot,Pusakesar,Local,2026-09-20,6400.0,6400.0,6400.0
Tamil Nadu,Thanjavur,Pattukottai(Uzhavar Sandhai ),Capsicum,Capsicum,Local,2026-09-20,6000.0,6000.0,6000.0
Tamil Nadu,Thanjavur,Pattukottai(Uzhavar Sandhai ),Green Avare(W),Green Avare (W),Local,2026-09-20,11400.0,11400.0,11400.0
Tamil Nadu,Thiruchirappalli,KKNagar(Uzhavar Sandhai ),Cauliflower,Ranchi,Local,2026-09-20,5000.0,5000.0,5000.0
Tamil Nadu,Thiruchirappalli,KKNagar(Uzhavar Sandhai ),Green Peas,Green Peas,Local,2026-09-20,16000.0,16000.0,16000.0
Tamil Nadu,Thiruchirappalli,KKNagar(Uzhavar Sandhai ),Bottle gourd,Bottle Gourd,Local,2026-09-20,2000.0,2000.0,2000.0
Tamil Nadu,Thiruchirappalli,KKNagar(Uzhavar Sandhai ),Ashgourd,Gouard,Local,2026-09-20,2000.0,2000.0,2000.0
Tamil Nadu,Thiruchirappalli,KKNagar(Uzhavar Sandhai ),Amaranthus,Amaranthus,Local,2026-09-20,2000.0,2000.0,2000.0
Tamil Nadu,Thiruchirappalli,KKNagar(Uzhavar Sandhai ),Coconut,Coconut,Local,2026-09-20,6500.0,7000.0,6750.0
Tamil Nadu,Thiruchirappalli,KKNagar(Uzhavar Sandhai ),Betal Leaves,Mysore,Local,2026-09-20,12000.0,12000.0,12000.0
Tamil Nadu,Thiruchirappalli,KKNagar(Uzhavar Sandhai ),Carrot,Pusakesar,Local,2026-09-20,5000.0,5000.0,5000.0
Tamil Nadu,Thiruchirappalli,KKNagar(Uzhavar Sandhai ),Capsicum,Capsicum,Local,2026-09-20,5400.0,5400.0,5400.0
Tamil Nadu,Thiruchirappalli,KKNagar(Uzhavar Sandhai ),Chow Chow,Chow Chow,Local,2026-09-20,4000.0,4000.0,4000.0
Tamil Nadu,Thiruchirappalli,KKNagar(Uzhavar Sandhai ),Yam(Ratalu),Yam (Ratalu),Local,2026-09-20,8000.0,8000.0,8000.0
Tamil Nadu,Thiruchirappalli,KKNagar(Uzhavar Sandhai ),Colacasia,Colacasia,Local,2026-09-20,6000.0,6000.0,6000.0
Tamil Nadu,Thiruchirappalli,KKNagar(Uzhavar Sandhai ),Sweet Corn,Sweet Corn,Local,2026-09-20,3000.0,3000.0,3000.0
Tamil Nadu,Thiruchirappalli,Lalgudi(Uzhavar Sandhai ),Papaya,Papaya,Local,2026-09-20,4000.0,4000.0,4000.0
Tamil Nadu,Thiruchirappalli,Lalgudi(Uzhavar Sandhai ),Pumpkin,Pumpkin,Local,2026-09-20,2000.0,2000.0,2000.0
Tamil Nadu,Thiruchirappalli,Lalgudi(Uzhavar Sandhai ),Bhindi(Ladies Finger),Bhindi,Local,2026-09-20,3600.0,3600.0,3600.0
Tamil Nadu,Thiruchirappalli,Lalgudi(Uzhavar Sandhai ),Amaranthus,Amaranthus,Local,2026-09-20,1500.0,1500.0,1500.0
Tamil Nadu,Thiruchirappalli,Lalgudi(Uzhavar Sandhai ),Banana - Green,Banana - Green,Local,2026-09-20,3000.0,3000.0,3000.0
Tamil Nadu,Thiruchirappalli,Lalgudi(Uzhavar Sandhai ),Tapioca,Tapioca,Local,2026-09-20,4000.0,4000.0,4000.0
Tamil Nadu,Thiruchirappalli,Lalgudi(Uzhavar Sandhai ),Sweet Potato,Hosur Red,Local,2026-09-20,5000.0,5000.0,5000.0
Tamil Nadu,Thiruchirappalli,Lalgudi(Uzhavar Sandhai ),Snakeguard,Snakeguard,Local,2026-09-20,4000.0,4000.0,4000.0
Tamil Nadu,Thiruchirappalli,Lalgudi(Uzhavar Sandhai ),Cucumbar(Kheera),Cucumbar,Local,2026-09-20,5000.0,5000.0,5000.0
Tamil Nadu,Thiruchirappalli,Lalgudi(Uzhavar Sandhai ),Knool Khol,Knool Khol,Local,2026-09-20,3600.0,3600.0,3600.0
Tamil Nadu,Thiruchirappalli,Lalgudi(Uzhavar Sandhai ),Guava,Guava Allahabad,Local,2026-09-20,8000.0,8000.0,8000.0
Tamil Nadu,Thiruchirappalli,Lalgudi(Uzhavar Sandhai ),Indian Beans(Seam),Indian Beans (Seam),Local,2026-09-20,7000.0,7000.0,7000.0
Tamil Nadu,Thiruchirappalli,Manachanallur(Uzhavar Sandhai ),Tomato,Other,Local,2026-09-20,2500.0,3000.0,2750.0
Tamil Nadu,Thiruchirappalli,Manachanallur(Uzhavar Sandhai ),Cluster beans,Cluster Beans,Local,2026-09-20,3000.0,3500.0,3250.0
Tamil Nadu,Thiruchirappalli,Manachanallur(Uzhavar Sandhai ),Bitter gourd,Other,Local,2026-09-20,5000.0,6000.0,5500.0
Tamil Nadu,Thiruchirappalli,Manachanallur(Uzhavar Sandhai ),Pumpkin,Pumpkin,Local,2026-09-20,1600.0,2000.0,1800.0
Tamil Nadu,Thiruchirappalli,Manachanallur(Uzhavar Sandhai ),Cowpea(Veg),Cowpea (Veg),Local,2026-09-20,3000.0,3500.0,3250.0
Tamil Nadu,Thiruchirappalli,Manachanallur(Uzhavar Sandhai ),Ginger(Green),Green Ginger,Local,2026-09-20,17000.0,19000.0,18000.0
Tamil Nadu,Thiruchirappalli,Manachanallur(Uzhavar Sandhai ),Cabbage,Cabbage,Local,2026-09-20,2500.0,3000.0,2750.0
Tamil Nadu,Thiruchirappalli,Manachanallur(Uzhavar Sandhai ),Beetroot,Beetroot,Local,2026-09-20,4500.0,5000.0,4750.0
Tamil Nadu,Thiruchirappalli,Manachanallur(Uzhavar Sandhai ),Green Avare(W),Other,Local,2026-09-20,7500.0,8600.0,8050.0
Tamil Nadu,Thiruchirappalli,Manachanallur(Uzhavar Sandhai ),Knool Khol,Knool Khol,Local,2026-09-20,3000.0,3500.0,3250.0
Tamil Nadu,Thiruchirappalli,Manapparai(Uzhavar Sandhai ),Banana,Poovan,Local,2026-09-20,4000.0,5000.0,4500.0
Tamil Nadu,Thiruchirappalli,Manapparai(Uzhavar Sandhai ),Onion,Bellary,Local,2026-09-20,5000.0,7000.0,6000.0
Tamil Nadu,Thiruchirappalli,Manapparai(Uzhavar Sandhai ),Coriander(Leaves),I Sort,Local,2026-09-20,3600.0,3600.0,3600.0
Tamil Nadu,Thiruchirappalli,Manapparai(Uzhavar Sandhai ),Chikoos(Sapota),Sapota,Local,2026-09-20,4000.0,4000.0,4000.0
Tamil Nadu,Thiruchirappalli,Manapparai(Uzhavar Sandhai ),Cluster beans,Cluster Beans,Local,2026-09-20,3600.0,3600.0,3600.0
Tamil Nadu,Thiruchirappalli,Manapparai(Uzhavar Sandhai ),Ashgourd,Gouard,Local,2026-09-20,2000.0,2000.0,2000.0
Tamil Nadu,Thiruchirappalli,Manapparai(Uzhavar Sandhai ),Green Chilli,Green Chilly,Local,2026-09-20,4500.0,4500.0,4500.0
Tamil Nadu,Thiruchirappalli,Manapparai(Uzhavar Sandhai ),Banana - Green,Banana - Green,Local,2026-09-20,3000.0,3000.0,3000.0
Tamil Nadu,Thiruchirappalli,Manapparai(Uzhavar Sandhai ),Ginger(Green),Green Ginger,Local,2026-09-20,23000.0,23000.0,23000.0
Tamil Nadu,Thiruchirappalli,Manapparai(Uzhavar Sandhai ),Cabbage,Cabbage,Local,2026-09-20,3000.0,3000.0,3000.0
Tamil Nadu,Thiruchirappalli,Manapparai(Uzhavar Sandhai ),Beetroot,Beetroot,Local,2026-09-20,5000.0,5000.0,5000.0
Tamil Nadu,Thiruchirappalli,Manapparai(Uzhavar Sandhai ),Knool Khol,Knool Khol,Local,2026-09-20,3600.0,3600.0,3600.0
Tamil Nadu,Thiruchirappalli,Musiri(Uzhavar Sandhai ),Banana,Other,Local,2026-09-20,4000.0,5000.0,4500.0
Tamil Nadu,Thiruchirappalli,Musiri(Uzhavar Sandhai ),Onion,Bellary,Local,2026-09-20,5500.0,7000.0,6250.0
Tamil Nadu,Thiruchirappalli,Musiri(Uzhavar Sandhai ),Papaya,Papaya,Local,2026-09-20,3500.0,4000.0,3750.0
Tamil Nadu,Thiruchirappalli,Musiri(Uzhavar Sandhai ),Tomato,Local,Local,2026-09-20,2400.0,2800.0,2600.0
Tamil Nadu,Thiruchirappalli,Musiri(Uzhavar Sandhai ),Bhindi(Ladies Finger),Bhindi,Local,2026-09-20,3000.0,3600.0,3300.0
Tamil Nadu,Thiruchirappalli,Musiri(Uzhavar Sandhai ),Green Chilli,Green Chilly,Local,2026-09-20,4000.0,4500.0,4250.0
Tamil Nadu,Thiruchirappalli,Musiri(Uzhavar Sandhai ),Beans,Beans (Whole),Local,2026-09-20,7000.0,7600.0,7300.0
Tamil Nadu,Thiruchirappalli,Musiri(Uzhavar Sandhai ),Tapioca,Tapioca,Local,2026-09-20,3000.0,3600.0,3300.0
Tamil Nadu,Thiruchirappalli,Musiri(Uzhavar Sandhai ),Ginger(Green),Green Ginger,Local,2026-09-20,16000.0,18000.0,17000.0
Tamil Nadu,Thiruchirappalli,Musiri(Uzhavar Sandhai ),Sweet Potato,Hosur Red,Local,2026-09-20,4500.0,5000.0,4750.0
Tamil Nadu,Thiruchirappalli,Musiri(Uzhavar Sandhai ),Carrot,Pusakesar,Local,2026-09-20,5000.0,5500.0,5250.0
Tamil Nadu,Thiruchirappalli,Musiri(Uzhavar Sandhai ),Green Avare(W),Green Avare (W),Local,2026-09-20,7000.0,8000.0,7500.0
Tamil Nadu,Thiruchirappalli,Thiruverumbur(Uzhavar Sandhai ),Banana,Karpura,Local,2026-09-20,4000.0,5000.0,4500.0
Tamil Nadu,Thiruchirappalli,Thiruverumbur(Uzhavar Sandhai ),Tomato,Other,Local,2026-09-20,3000.0,3000.0,3000.0
Tamil Nadu,Thiruchirappalli,Thiruverumbur(Uzhavar Sandhai ),Amaranthus,Amaranthus,Local,2026-09-20,2000.0,2000.0,2000.0
Tamil Nadu,Thiruchirappalli,Thiruverumbur(Uzhavar Sandhai ),Green Chilli,Green Chilly,Local,2026-09-20,4600.0,4600.0,4600.0
Tamil Nadu,Thiruchirappalli,Thiruverumbur(Uzhavar Sandhai ),Sweet Potato,Hosur Red,Local,2026-09-20,5000.0,5000.0,5000.0
Tamil Nadu,Thiruchirappalli,Thiruverumbur(Uzhavar Sandhai ),Ridgeguard(Tori),Ridgeguard(Tori),Local,2026-09-20,4600.0,4600.0,4600.0
Tamil Nadu,Thiruchirappalli,Thiruverumbur(Uzhavar Sandhai ),Raddish,Raddish,Local,2026-09-20,3600.0,3600.0,3600.0
Tamil Nadu,Thiruchirappalli,Thiruverumbur(Uzhavar Sandhai ),Green Avare(W),Other,Local,2026-09-20,8000.0,8600.0,8300.0
Tamil Nadu,Thiruchirappalli,Thiruverumbur(Uzhavar Sandhai ),Chow Chow,Chow Chow,Local,2026-09-20,4000.0,4000.0,4000.0
Tamil Nadu,Thiruchirappalli,Thiruverumbur(Uzhavar Sandhai ),Mango(Raw-Ripe),Mango - Raw-Ripe,Local,2026-09-20,8000.0,8000.0,8000.0
Tamil Nadu,Thiruchirappalli,Thiruverumbur(Uzhavar Sandhai ),Lemon,Lemon,Local,2026-09-20,27000.0,27000.0,27000.0
Tamil Nadu,Thiruchirappalli,Thiruverumbur(Uzhavar Sandhai ),Mint(Pudina),Mint(Pudina),Local,2026-09-20,7000.0,7000.0,7000.0
Tamil Nadu,Virudhunagar,Rajapalayam(Uzhavar Sandhai ),Banana,Besrai,Local,2026-09-20,3500.0,4000.0,3750.0
Tamil Nadu,Virudhunagar,Rajapalayam(Uzhavar Sandhai ),Cauliflower,Ranchi,Local,2026-09-20,3000.0,3500.0,3250.0
Tamil Nadu,Virudhunagar,Rajapalayam(Uzhavar Sandhai ),Bhindi(Ladies Finger),Bhindi,Local,2026-09-20,4000.0,4500.0,4250.0
Tamil Nadu,Virudhunagar,Rajapalayam(Uzhavar Sandhai ),Amaranthus,Amaranthus,Local,2026-09-20,2500.0,3000.0,2750.0
Tamil Nadu,Virudhunagar,Rajapalayam(Uzhavar Sandhai ),Coconut,Coconut,Local,2026-09-20,5000.0,6000.0,5500.0
Tamil Nadu,Virudhunagar,Rajapalayam(Uzhavar Sandhai ),Snakeguard,Snakeguard,Local,2026-09-20,3500.0,4000.0,3750.0
Tamil Nadu,Virudhunagar,Rajapalayam(Uzhavar Sandhai ),Ridgeguard(Tori),Ridgeguard(Tori),Local,2026-09-20,3500.0,4000.0,3750.0
Tamil Nadu,Virudhunagar,Rajapalayam(Uzhavar Sandhai ),Elephant Yam(Suran)/Amorphophallus,Elephant Yam (Suran),Local,2026-09-20,4500.0,5000.0,4750.0
Tamil Nadu,Virudhunagar,Rajapalayam(Uzhavar Sandhai ),Lemon,Lemon,Local,2026-09-20,20000.0,22000.0,21000.0
Tamil Nadu,Virudhunagar,Rajapalayam(Uzhavar Sandhai ),Colacasia,Colacasia,Local,2026-09-20,6000.0,7000.0,6500.0
Tamil Nadu,Virudhunagar,Rajapalayam(Uzhavar Sandhai ),Onion Green,Onion Green,Local,2026-09-20,8000.0,9000.0,8500.0
Tamil Nadu,Virudhunagar,Sathur(Uzhavar Sandhai ),Brinjal,Round,Local,2026-09-20,3500.0,4000.0,3750.0
Tamil Nadu,Virudhunagar,Sathur(Uzhavar Sandhai ),Ashgourd,Gouard,Local,2026-09-20,2000.0,2500.0,2250.0
Tamil Nadu,Virudhunagar,Sathur(Uzhavar Sandhai ),Pumpkin,Pumpkin,Local,2026-09-20,1800.0,2000.0,1900.0
Tamil Nadu,Virudhunagar,Sathur(Uzhavar Sandhai ),Carrot,Pusakesar,Local,2026-09-20,4500.0,5000.0,4750.0
Tamil Nadu,Virudhunagar,Sathur(Uzhavar Sandhai ),Ridgeguard(Tori),Ridgeguard(Tori),Local,2026-09-20,4500.0,5000.0,4750.0
Tamil Nadu,Virudhunagar,Thalavaipuram(Uzhavar Sandhai ),Banana,Besrai,Local,2026-09-20,3200.0,4000.0,3600.0
Tamil Nadu,Virudhunagar,Thalavaipuram(Uzhavar Sandhai ),Papaya,Papaya,Local,2026-09-20,2800.0,3500.0,3150.0
Tamil Nadu,Virudhunagar,Thalavaipuram(Uzhavar Sandhai ),Cluster beans,Cluster Beans,Local,2026-09-20,2800.0,3500.0,3150.0
Tamil Nadu,Virudhunagar,Thalavaipuram(Uzhavar Sandhai ),Bitter gourd,Other,Local,2026-09-20,7500.0,9000.0,8250.0
Tamil Nadu,Virudhunagar,Thalavaipuram(Uzhavar Sandhai ),Carrot,Pusakesar,Local,2026-09-20,3600.0,4500.0,4050.0
Tamil Nadu,Virudhunagar,Thalavaipuram(Uzhavar Sandhai ),Snakeguard,Snakeguard,Local,2026-09-20,3200.0,4000.0,3600.0
Tamil Nadu,Virudhunagar,Thalavaipuram(Uzhavar Sandhai ),Mint(Pudina),Mint(Pudina),Local,2026-09-20,5500.0,7000.0,6250.0
Tamil Nadu,Virudhunagar,Virudhunagar(Uzhavar Sandhai ),Cauliflower,Ranchi,Local,2026-09-20,3300.0,3400.0,3350.0
Tamil Nadu,Virudhunagar,Virudhunagar(Uzhavar Sandhai ),Brinjal,Round,Local,2026-09-20,3300.0,3400.0,3350.0
Tamil Nadu,Virudhunagar,Virudhunagar(Uzhavar Sandhai ),Tomato,Deshi,Local,2026-09-20,2500.0,2600.0,2550.0
Tamil Nadu,Virudhunagar,Virudhunagar(Uzhavar Sandhai ),Bhindi(Ladies Finger),Bhindi,Local,2026-09-20,2700.0,2800.0,2750.0
Tamil Nadu,Virudhunagar,Virudhunagar(Uzhavar Sandhai ),Amaranthus,Amaranthus,Local,2026-09-20,1400.0,1500.0,1450.0
Tamil Nadu,Virudhunagar,Virudhunagar(Uzhavar Sandhai ),Beetroot,Beetroot,Local,2026-09-20,3700.0,3800.0,3750.0
Tamil Nadu,Virudhunagar,Virudhunagar(Uzhavar Sandhai ),Onion Green,Onion Green,Local,2026-09-20,7300.0,7400.0,7350.0
Tamil Nadu,Virudhunagar,Virudhunagar(Uzhavar Sandhai ),Mint(Pudina),Mint(Pudina),Local,2026-09-20,3700.0,3800.0,3750.0
Tamil Nadu,Chengalpattu,Medavakkam(Uzhavar Sandhai ),Onion,Bellary,Local,2026-09-20,7000.0,7000.0,7000.0
Tamil Nadu,Chengalpattu,Medavakkam(Uzhavar Sandhai ),Potato,Other,Local,2026-09-20,3000.0,3000.0,3000.0
Tamil Nadu,Chengalpattu,Medavakkam(Uzhavar Sandhai ),Ashgourd,Gouard,Local,2026-09-20,2500.0,2500.0,2500.0
Tamil Nadu,Chengalpattu,Medavakkam(Uzhavar Sandhai ),Amaranthus,Amaranthus,Local,2026-09-20,2000.0,2000.0,2000.0
Tamil Nadu,Chengalpattu,Medavakkam(Uzhavar Sandhai ),Tender Coconut,Tender Coconut,Local,2026-09-20,5000.0,5000.0,5000.0
Tamil Nadu,Chengalpattu,Medavakkam(Uzhavar Sandhai ),Marigold(Calcutta),Marigold(Calcutta),Local,2026-09-20,10000.0,10000.0,10000.0
Tamil Nadu,Chengalpattu,Medavakkam(Uzhavar Sandhai ),Lemon,Lemon,Local,2026-09-20,10000.0,15000.0,12500.0
Tamil Nadu,Chengalpattu,Pallavaram(Uzhavar Sandhai ),Green Peas,Green Peas,Local,2026-09-20,15000.0,16000.0,15500.0
Tamil Nadu,Chengalpattu,Pallavaram(Uzhavar Sandhai ),Bitter gourd,Bitter Gourd,Local,2026-09-20,6000.0,7000.0,6500.0
Tamil Nadu,Chengalpattu,Pallavaram(Uzhavar Sandhai ),Carrot,Pusakesar,Local,2026-09-20,6000.0,7000.0,6500.0
Tamil Nadu,Chengalpattu,Pallavaram(Uzhavar Sandhai ),Cabbage,Cabbage,Local,2026-09-20,2000.0,2500.0,2250.0
Tamil Nadu,Chengalpattu,Pallavaram(Uzhavar Sandhai ),Beetroot,Beetroot,Local,2026-09-20,3500.0,4000.0,3750.0
Tamil Nadu,Chengalpattu,Pallavaram(Uzhavar Sandhai ),Cucumbar(Kheera),Cucumbar,Local,2026-09-20,4000.0,5000.0,4500.0
Tamil Nadu,Chengalpattu,Pallavaram(Uzhavar Sandhai ),Thondekai,Thondekai,Local,2026-09-20,4000.0,5000.0,4500.0
Tamil Nadu,Chengalpattu,Pallavaram(Uzhavar Sandhai ),Tender Coconut,Tender Coconut,Local,2026-09-20,2500.0,3000.0,2750.0
Tamil Nadu,Nagercoil (Kannyiakumari),Myladi(Uzhavar Sandhai ),Ashgourd,Gouard,Local,2026-09-20,2200.0,2500.0,2350.0
Tamil Nadu,Nagercoil (Kannyiakumari),Myladi(Uzhavar Sandhai ),Amaranthus,Amaranthus,Local,2026-09-20,1200.0,1500.0,1350.0
Tamil Nadu,Nagercoil (Kannyiakumari),Myladi(Uzhavar Sandhai ),Elephant Yam(Suran)/Amorphophallus,Elephant Yam (Suran),Local,2026-09-20,5500.0,6000.0,5750.0
Tamil Nadu,Chengalpattu,Jameenrayapettai(Uzhavar Sandhai ),Grapes,Annabesahai,Local,2026-09-20,11000.0,12000.0,11500.0
Tamil Nadu,Chengalpattu,Jameenrayapettai(Uzhavar Sandhai ),Onion,Bellary,Local,2026-09-20,6000.0,7000.0,6500.0
Tamil Nadu,Chengalpattu,Jameenrayapettai(Uzhavar Sandhai ),Cauliflower,Ranchi,Local,2026-09-20,2500.0,3000.0,2750.0
Tamil Nadu,Chengalpattu,Jameenrayapettai(Uzhavar Sandhai ),Cluster beans,Cluster Beans,Local,2026-09-20,5000.0,6000.0,5500.0
Tamil Nadu,Chengalpattu,Jameenrayapettai(Uzhavar Sandhai ),Bhindi(Ladies Finger),Bhindi,Local,2026-09-20,3500.0,4000.0,3750.0
Tamil Nadu,Chengalpattu,Jameenrayapettai(Uzhavar Sandhai ),Amaranthus,Amaranthus,Local,2026-09-20,2500.0,3000.0,2750.0
Tamil Nadu,Chengalpattu,Jameenrayapettai(Uzhavar Sandhai ),Capsicum,Capsicum,Local,2026-09-20,6000.0,7000.0,6500.0
Tamil Nadu,Chengalpattu,Jameenrayapettai(Uzhavar Sandhai ),Chow Chow,Chow Chow,Local,2026-09-20,3500.0,4000.0,3750.0
Tamil Nadu,Chengalpattu,Jameenrayapettai(Uzhavar Sandhai ),Knool Khol,Knool Khol,Local,2026-09-20,5000.0,6000.0,5500.0
Tamil Nadu,Chengalpattu,Jameenrayapettai(Uzhavar Sandhai ),Yam(Ratalu),Yam (Ratalu),Local,2026-09-20,6000.0,7000.0,6500.0
Karnataka,Koppal,Kustagi APMC,Maize,Hybrid/Local,FAQ,2026-09-20,2651.0,2781.0,2717.0
Karnataka,Koppal,Kustagi APMC,Cotton,Other,FAQ,2026-09-20,9200.0,9600.0,9407.0
Maharashtra,Chattrapati Sambhajinagar,APMC Chattrapati Sambhajinagar,Pomegranate,Other,Local,2026-09-20,900.0,14000.0,7450.0
Maharashtra,Chattrapati Sambhajinagar,APMC Chattrapati Sambhajinagar,Papaya,Other,Local,2026-09-20,2500.0,3000.0,2750.0
Maharashtra,Chattrapati Sambhajinagar,APMC Chattrapati Sambhajinagar,Seetapal,Other,Local,2026-09-20,3200.0,6500.0,4850.0
Maharashtra,Chattrapati Sambhajinagar,APMC Chattrapati Sambhajinagar,Bitter gourd,Other,Local,2026-09-20,2500.0,3000.0,2750.0
Maharashtra,Chattrapati Sambhajinagar,APMC Chattrapati Sambhajinagar,Cabbage,Other,Local,2026-09-20,400.0,700.0,550.0
Maharashtra,Jalgaon,APMC Bhusaval,Ginger(Green),Other,Local,2026-09-20,6000.0,6000.0,6000.0
Maharashtra,Jalgaon,APMC Bhusaval,Potato,Other,Local,2026-09-20,1500.0,2000.0,1800.0
Maharashtra,Jalgaon,APMC Bhusaval,Bhindi(Ladies Finger),Other,Local,2026-09-20,2000.0,2500.0,2200.0
Maharashtra,Jalgaon,APMC Bhusaval,Sweet Pumpkin,Other,Local,2026-09-20,800.0,1000.0,1000.0
Maharashtra,Jalgaon,APMC Bhusaval,Raddish,Other,Local,2026-09-20,500.0,1000.0,800.0
Maharashtra,Jalgaon,APMC Bhusaval,Little gourd(Kundru),Other,Local,2026-09-20,1500.0,2000.0,2000.0
Tamil Nadu,Villupuram,Tindivanam APMC,Bhindi(Ladies Finger),Bhindi,Local,2026-09-20,2000.0,2000.0,2000.0
Tamil Nadu,Villupuram,Tindivanam APMC,Ginger(Green),Green Ginger,Local,2026-09-20,9000.0,9000.0,9000.0
Tamil Nadu,Villupuram,Tindivanam APMC,Ridgeguard(Tori),Ridgeguard(Tori),Local,2026-09-20,4000.0,4000.0,4000.0
Tamil Nadu,Villupuram,Tindivanam APMC,Chow Chow,Chow Chow,Local,2026-09-20,4600.0,4600.0,4600.0
Tamil Nadu,Villupuram,Tindivanam APMC,Drumstick,Drumstick,Local,2026-09-20,4000.0,4000.0,4000.0
Tamil Nadu,Villupuram,Tindivanam APMC,Guava,Guava Allahabad,Local,2026-09-20,8000.0,8000.0,8000.0
Tamil Nadu,Villupuram,Tindivanam APMC,Marigold(Calcutta),Marigold(Calcutta),Local,2026-09-20,25000.0,25000.0,25000.0
Tamil Nadu,Villupuram,Ulundurpettai APMC,Onion,Bellary,Local,2026-09-20,6000.0,6000.0,6000.0
Tamil Nadu,Villupuram,Ulundurpettai APMC,Papaya,Papaya,Local,2026-09-20,3000.0,3000.0,3000.0
Tamil Nadu,Villupuram,Ulundurpettai APMC,Bhindi(Ladies Finger),Bhindi,Local,2026-09-20,3000.0,3000.0,3000.0
Tamil Nadu,Villupuram,Ulundurpettai APMC,Ginger(Green),Green Ginger,Local,2026-09-20,11000.0,11000.0,11000.0
Tamil Nadu,Villupuram,Ulundurpettai APMC,Drumstick,Drumstick,Local,2026-09-20,4000.0,4000.0,4000.0
Tamil Nadu,Villupuram,Ulundurpettai APMC,Tender Coconut,Tender Coconut,Local,2026-09-20,3000.0,3000.0,3000.0
Tamil Nadu,Villupuram,Ulundurpettai APMC,Lemon,Lemon,Local,2026-09-20,5000.0,5000.0,5000.0
Uttar Pradesh,Etah,Etah APMC,Paddy(Common),Basmati,FAQ,2026-09-20,3100.0,3100.0,3100.0
Keralam,Pathanamthitta,Seethathode  VFPCK Market,Tapioca,Tapioca,Grade Range-1,2026-09-20,2800.0,3200.0,3000.0
Uttar Pradesh,Etah,Aliganj APMC,Wheat,Wheat-Organic,FAQ,2026-09-20,2550.0,2550.0,2550.0
Uttar Pradesh,Bulandshahar,Anoop Shahar APMC,Wheat,Other,FAQ,2026-09-20,2430.0,2430.0,2430.0
Uttar Pradesh,Badaun,Babrala APMC,Potato,Potato,Medium,2026-09-20,580.0,600.0,590.0
Maharashtra,Kolhapur,APMC Kolhapur,Apple,Other,Local,2026-09-20,5000.0,17500.0,12500.0
Uttar Pradesh,Farukhabad,Kayamganj APMC,Tobacco,Other,FAQ,2026-09-20,1100.0,8790.33,4465.04
Uttar Pradesh,Jalaun (Orai),Kalpi APMC,Wheat,Other,FAQ,2026-09-20,2500.0,2500.0,2500.0
Uttar Pradesh,Kasganj,Kasganj APMC,Paddy(Common),Basmati,FAQ,2026-09-20,3300.0,3300.0,3300.0
Madhya Pradesh,Rewa,Rewa APMC,Gur(Jaggery),Jaggery,FAQ,2026-09-20,6450.99,6450.99,6450.99
Gujarat,Amreli,Damnagar APMC,Lemon,Lemon,Local,2026-09-20,5500.0,5500.0,5500.0
Gujarat,Amreli,Damnagar APMC,Bottle gourd,Bottle Gourd,Local,2026-09-20,3000.0,3000.0,3000.0
Gujarat,Rajkot,Gondal(Veg.market Gondal) APMC,Guava,Guava,Local,2026-09-20,9900.0,12000.0,10950.0
Gujarat,Rajkot,Gondal(Veg.market Gondal) APMC,Chikoos(Sapota),Sapota,Local,2026-09-20,4500.0,6500.0,5500.0
Gujarat,Rajkot,Gondal(Veg.market Gondal) APMC,Brinjal,Brinjal,Local,2026-09-20,200.0,1500.0,850.0
Gujarat,Rajkot,Gondal(Veg.market Gondal) APMC,Lemon,Other,Local,2026-09-20,3000.0,17000.0,10000.0
Gujarat,Rajkot,Gondal(Veg.market Gondal) APMC,Guar,Gwar,Local,2026-09-20,1000.0,6500.0,3750.0
Tamil Nadu,Madurai,Chokkikulam(Uzhavar Sandhai ),Banana,Besrai,Local,2026-09-20,4000.0,5000.0,4500.0
Tamil Nadu,Madurai,Chokkikulam(Uzhavar Sandhai ),Potato,Red Nanital,Local,2026-09-20,5000.0,5500.0,5250.0
Tamil Nadu,Madurai,Chokkikulam(Uzhavar Sandhai ),Pumpkin,Pumpkin,Local,2026-09-20,1600.0,2000.0,1800.0
Tamil Nadu,Madurai,Chokkikulam(Uzhavar Sandhai ),Bhindi(Ladies Finger),Bhindi,Local,2026-09-20,2800.0,3200.0,3000.0
Tamil Nadu,Madurai,Chokkikulam(Uzhavar Sandhai ),Beans,Beans (Whole),Local,2026-09-20,8000.0,9000.0,8500.0
Tamil Nadu,Madurai,Chokkikulam(Uzhavar Sandhai ),Sweet Potato,Hosur Red,Local,2026-09-20,5000.0,6000.0,5500.0
Tamil Nadu,Madurai,Chokkikulam(Uzhavar Sandhai ),Cabbage,Cabbage,Local,2026-09-20,2600.0,3000.0,2800.0
Tamil Nadu,Madurai,Chokkikulam(Uzhavar Sandhai ),Raddish,Raddish,Local,2026-09-20,2400.0,2800.0,2600.0
Tamil Nadu,Madurai,Chokkikulam(Uzhavar Sandhai ),Guava,Guava Allahabad,Local,2026-09-20,6000.0,7000.0,6500.0
Tamil Nadu,Madurai,Chokkikulam(Uzhavar Sandhai ),Pomegranate,Pomogranate,Local,2026-09-20,20000.0,23000.0,21500.0
Karnataka,Vijayanagara,H.B. Halli APMC,Jowar(Sorghum),Jowar ( White),FAQ,2026-09-20,2400.0,2400.0,2400.0
Uttar Pradesh,Ghaziabad,Noida APMC,Green Chilli,Other,FAQ,2026-09-20,4000.0,4000.0,4000.0
Uttar Pradesh,Ghaziabad,Noida APMC,Capsicum,Other,FAQ,2026-09-20,3500.0,3500.0,3500.0
Uttar Pradesh,Saharanpur,Saharanpur APMC,Garlic,Other,FAQ,2026-09-20,9000.0,9500.0,9215.38
Uttar Pradesh,Saharanpur,Saharanpur APMC,Wood,Other,FAQ,2026-09-20,1300.0,1300.0,1300.0
Uttar Pradesh,Ambedkarnagar,Akbarpur APMC,Wheat,Dara,FAQ,2026-09-20,2450.0,2510.0,2460.75
Uttar Pradesh,Bulandshahar,Sikanderabad APMC,Tomato,Other,FAQ,2026-09-20,2000.0,2000.0,2000.0
Andhra Pradesh,Prakasam,Addanki APMC,Paddy(Common),Paddy,FAQ,2026-09-20,2400.0,2450.0,2430.0
Andhra Pradesh,Prakasam,Addanki APMC,Maize,Local,FAQ,2026-09-20,2400.0,2420.0,2410.0
Andhra Pradesh,SPSR Nellore,Udayagiri APMC,Paddy(Common),Paddy,Local,2026-09-20,2444.0,2464.0,2454.0
Uttar Pradesh,Kanpur,Kanpur(Grain) APMC,Sweet Saag,Other,FAQ,2026-09-20,17105.0,17105.0,17105.0
Uttar Pradesh,Lalitpur,Lalitpur APMC,Wheat,Other,FAQ,2026-09-20,2425.0,2425.0,2425.0
Uttar Pradesh,Pillibhit,Pilibhit APMC,Paddy(Common),Common,FAQ,2026-09-20,2000.0,2000.0,2000.0
Uttar Pradesh,Sitapur,Sitapur APMC,Onion,Other,FAQ,2026-09-20,2800.0,2800.0,2800.0
Uttar Pradesh,Sitapur,Sitapur APMC,Tomato,Other,FAQ,2026-09-20,1500.0,1500.0,1500.0
Uttar Pradesh,Varanasi,Varanasi APMC,Potato,Other,FAQ,2026-09-20,800.0,800.0,800.0
West Bengal,Bankura,Bankura Sadar APMC,Masur Dal,Masur Dal,FAQ,2026-09-20,10000.0,10750.0,10500.0
West Bengal,Bankura,Bankura Sadar APMC,Rice,Common,FAQ,2026-09-20,3250.0,3350.0,3300.0
Uttarakhand,Haridwar,Roorkee APMC,Banana,Other,Medium,2026-09-20,800.0,1200.0,1000.0
Uttarakhand,Haridwar,Roorkee APMC,Cauliflower,Other,Local,2026-09-20,1000.0,1500.0,1200.0
Maharashtra,Pune,Pune(Moshi),Beetroot,Other,Local,2026-09-20,2000.0,2500.0,2250.0
Maharashtra,Pune,Pune(Moshi),Bhindi(Ladies Finger),Other,Local,2026-09-20,1000.0,2000.0,1500.0
Maharashtra,Pune,Pune(Moshi),Cucumbar(Kheera),Other,Local,2026-09-20,1000.0,2000.0,1500.0
Maharashtra,Pune,Pune(Moshi),Bitter gourd,Other,Local,2026-09-20,2000.0,3000.0,2500.0
Maharashtra,Pune,Pune(Moshi),Cabbage,Other,Local,2026-09-20,700.0,1000.0,850.0
Maharashtra,Pune,Pune(Moshi),Chilly Capsicum,Other,Local,2026-09-20,1000.0,2500.0,1750.0
Maharashtra,Pune,Pune(Moshi),Brinjal,Other,Local,2026-09-20,1000.0,2000.0,1500.0
Maharashtra,Pune,Pune(Moshi),Chikoos(Sapota),Other,Local,2026-09-20,5000.0,5000.0,5000.0
Maharashtra,Pune,Pune(Moshi),Banana,Other,Local,2026-09-20,2000.0,6000.0,4000.0
Maharashtra,Nagpur,APMC Kalmeshwar,Coriander(Leaves),Other,Local,2026-09-20,1325.0,2000.0,1550.0
Maharashtra,Nagpur,APMC Kalmeshwar,Raddish,Other,Local,2026-09-20,1010.0,1500.0,1320.0
Tamil Nadu,Erode,Thalavadi(Uzhavar Sandhai ),Tomato,Other,Local,2026-09-20,2000.0,2500.0,2250.0
Tamil Nadu,Erode,Thalavadi(Uzhavar Sandhai ),Bottle gourd,Bottle Gourd,Local,2026-09-20,1600.0,2000.0,1800.0
Tamil Nadu,Erode,Thalavadi(Uzhavar Sandhai ),Pumpkin,Pumpkin,Local,2026-09-20,800.0,1000.0,900.0
Tamil Nadu,Erode,Thalavadi(Uzhavar Sandhai ),Carrot,Pusakesar,Local,2026-09-20,5000.0,6000.0,5500.0
Tamil Nadu,Erode,Thalavadi(Uzhavar Sandhai ),Snakeguard,Snakeguard,Local,2026-09-20,2000.0,2600.0,2300.0
Tamil Nadu,Erode,Thalavadi(Uzhavar Sandhai ),Cucumbar(Kheera),Cucumbar,Local,2026-09-20,2800.0,3200.0,3000.0
Tamil Nadu,Erode,Thalavadi(Uzhavar Sandhai ),Raddish,Raddish,Local,2026-09-20,2400.0,2800.0,2600.0
Tamil Nadu,Erode,Thalavadi(Uzhavar Sandhai ),Green Avare(W),Other,Local,2026-09-20,4000.0,4500.0,4250.0
Tamil Nadu,Cuddalore,Viruthachalam(Uzhavar Sandhai ),Papaya,Papaya,Local,2026-09-20,4000.0,4500.0,4250.0
Tamil Nadu,Cuddalore,Viruthachalam(Uzhavar Sandhai ),Green Chilli,Green Chilly,Local,2026-09-20,5000.0,5000.0,5000.0
Tamil Nadu,Cuddalore,Viruthachalam(Uzhavar Sandhai ),Beetroot,Beetroot,Local,2026-09-20,5000.0,5000.0,5000.0
Maharashtra,Satara,APMC Satara,Bottle gourd,Other,Local,2026-09-20,800.0,1000.0,900.0
Maharashtra,Satara,APMC Satara,Carrot,Other,Local,2026-09-20,2000.0,3000.0,2500.0
Maharashtra,Satara,APMC Satara,Guar,Other,Local,2026-09-20,3000.0,6000.0,4500.0
Maharashtra,Satara,APMC Satara,Onion,Other,Local,2026-09-20,2000.0,4800.0,3400.0
Maharashtra,Satara,APMC Satara,Drumstick,Other,Local,2026-09-20,3000.0,6000.0,4500.0
Tamil Nadu,Krishnagiri,Krishnagiri(Uzhavar Sandhai ),Groundnut,Big (With Shell),Local,2026-09-20,6000.0,6500.0,6250.0
Tamil Nadu,Krishnagiri,Krishnagiri(Uzhavar Sandhai ),Green Chilli,Green Chilly,Local,2026-09-20,3600.0,4000.0,3800.0
Tamil Nadu,Krishnagiri,Krishnagiri(Uzhavar Sandhai ),Ginger(Green),Green Ginger,Local,2026-09-20,16000.0,18000.0,17000.0
Tamil Nadu,Krishnagiri,Krishnagiri(Uzhavar Sandhai ),Snakeguard,Snakeguard,Local,2026-09-20,2500.0,3000.0,2750.0
Tamil Nadu,Krishnagiri,Krishnagiri(Uzhavar Sandhai ),Ridgeguard(Tori),Ridgeguard(Tori),Local,2026-09-20,2600.0,3000.0,2800.0
Tamil Nadu,Krishnagiri,Krishnagiri(Uzhavar Sandhai ),Capsicum,Capsicum,Local,2026-09-20,4500.0,5000.0,4750.0
Tamil Nadu,Krishnagiri,Krishnagiri(Uzhavar Sandhai ),Chow Chow,Chow Chow,Local,2026-09-20,3500.0,4000.0,3750.0
Tamil Nadu,Krishnagiri,Krishnagiri(Uzhavar Sandhai ),Tender Coconut,Tender Coconut,Local,2026-09-20,3500.0,4000.0,3750.0
Tamil Nadu,Krishnagiri,Krishnagiri(Uzhavar Sandhai ),Indian Beans(Seam),Indian Beans (Seam),Local,2026-09-20,2600.0,3000.0,2800.0
Tamil Nadu,Nagapattinam,Nagapattinam(Uzhavar Sandhai ),Banana,Poovan,Local,2026-09-20,3700.0,4400.0,4050.0
Tamil Nadu,Nagapattinam,Nagapattinam(Uzhavar Sandhai ),Garlic,Garlic,Local,2026-09-20,17700.0,20000.0,18850.0
Tamil Nadu,Nagapattinam,Nagapattinam(Uzhavar Sandhai ),Brinjal,Round,Local,2026-09-20,5400.0,6500.0,5950.0
Tamil Nadu,Nagapattinam,Nagapattinam(Uzhavar Sandhai ),Bhindi(Ladies Finger),Bhindi,Local,2026-09-20,5600.0,5600.0,5600.0
Tamil Nadu,Nagapattinam,Nagapattinam(Uzhavar Sandhai ),Amaranthus,Amaranthus,Local,2026-09-20,2200.0,2500.0,2350.0
Tamil Nadu,Nagapattinam,Nagapattinam(Uzhavar Sandhai ),Carrot,Pusakesar,Local,2026-09-20,7300.0,8800.0,8050.0
Tamil Nadu,Nagapattinam,Nagapattinam(Uzhavar Sandhai ),Ridgeguard(Tori),Ridgeguard(Tori),Local,2026-09-20,5000.0,5500.0,5250.0
Tamil Nadu,Nagapattinam,Nagapattinam(Uzhavar Sandhai ),Green Avare(W),Green Avare (W),Local,2026-09-20,7000.0,8000.0,7500.0
Tamil Nadu,Nagapattinam,Nagapattinam(Uzhavar Sandhai ),Mango(Raw-Ripe),Mango - Raw-Ripe,Local,2026-09-20,5200.0,6000.0,5600.0
Tamil Nadu,Nagapattinam,Nagapattinam(Uzhavar Sandhai ),Lemon,Lemon,Local,2026-09-20,12400.0,15000.0,13700.0
Tamil Nadu,Tenkasi,Sankarankoil(Uzhavar Sandhai ),Tomato,Deshi,Local,2026-09-20,1500.0,2000.0,1750.0
Tamil Nadu,Tenkasi,Sankarankoil(Uzhavar Sandhai ),Bottle gourd,Bottle Gourd,Local,2026-09-20,1500.0,2000.0,1750.0
Tamil Nadu,Tenkasi,Sankarankoil(Uzhavar Sandhai ),Coconut,Coconut,Local,2026-09-20,5500.0,6000.0,5750.0
Tamil Nadu,Tenkasi,Sankarankoil(Uzhavar Sandhai ),Onion Green,Onion Green,Local,2026-09-20,8000.0,9000.0,8500.0
Tamil Nadu,Tenkasi,Tenkasi(Uzhavar Sandhai ),Garlic,Garlic,Local,2026-09-20,16000.0,16000.0,16000.0
Tamil Nadu,Tenkasi,Tenkasi(Uzhavar Sandhai ),Tomato,Local,Local,2026-09-20,1200.0,1200.0,1200.0
Tamil Nadu,Tenkasi,Tenkasi(Uzhavar Sandhai ),Snakeguard,Snakeguard,Local,2026-09-20,3000.0,3000.0,3000.0
Tamil Nadu,Tenkasi,Tenkasi(Uzhavar Sandhai ),Capsicum,Capsicum,Local,2026-09-20,6000.0,6000.0,6000.0
Tamil Nadu,Tenkasi,Tenkasi(Uzhavar Sandhai ),Green Avare(W),Other,Local,2026-09-20,7000.0,8000.0,7500.0
Tamil Nadu,Tenkasi,Tenkasi(Uzhavar Sandhai ),Colacasia,Colacasia,Local,2026-09-20,5000.0,6000.0,5500.0
Tamil Nadu,Tenkasi,Tenkasi(Uzhavar Sandhai ),Mint(Pudina),Mint(Pudina),Local,2026-09-20,4000.0,4000.0,4000.0
Tamil Nadu,Pudukkottai,Pudukottai(Uzhavar Sandhai ),Green Peas,Green Peas,Local,2026-09-20,10000.0,12000.0,11000.0
Tamil Nadu,Pudukkottai,Pudukottai(Uzhavar Sandhai ),Bitter gourd,Bitter Gourd,Local,2026-09-20,7000.0,8000.0,7500.0
Tamil Nadu,Pudukkottai,Pudukottai(Uzhavar Sandhai ),Green Chilli,Green Chilly,Local,2026-09-20,5000.0,6000.0,5500.0
Tamil Nadu,Pudukkottai,Pudukottai(Uzhavar Sandhai ),Guava,Guava Allahabad,Local,2026-09-20,7000.0,8000.0,7500.0
Tamil Nadu,Pudukkottai,Pudukottai(Uzhavar Sandhai ),Elephant Yam(Suran)/Amorphophallus,Elephant Yam (Suran),Local,2026-09-20,5000.0,6000.0,5500.0
Tamil Nadu,Pudukkottai,Pudukottai(Uzhavar Sandhai ),Lemon,Lemon,Local,2026-09-20,25000.0,26000.0,25500.0
Tamil Nadu,Thanjavur,Kumbakonam (Uzhavar Sandhai ),Onion,Bellary,Local,2026-09-20,7200.0,8400.0,7800.0
Tamil Nadu,Thanjavur,Kumbakonam (Uzhavar Sandhai ),Coriander(Leaves),I Sort,Local,2026-09-20,4200.0,4200.0,4200.0
Tamil Nadu,Thanjavur,Kumbakonam (Uzhavar Sandhai ),Ashgourd,Gouard,Local,2026-09-20,2400.0,2400.0,2400.0
Tamil Nadu,Thanjavur,Kumbakonam (Uzhavar Sandhai ),Green Chilli,Green Chilly,Local,2026-09-20,6000.0,6000.0,6000.0
Tamil Nadu,Thanjavur,Kumbakonam (Uzhavar Sandhai ),Beans,Beans (Whole),Local,2026-09-20,8400.0,8400.0,8400.0
Tamil Nadu,The Nilgiris,Udhagamandalam(Uzhavar Sandhai ),Banana,Besrai,Local,2026-09-20,4000.0,5000.0,4500.0
Tamil Nadu,The Nilgiris,Udhagamandalam(Uzhavar Sandhai ),Onion,Bellary,Local,2026-09-20,6500.0,6800.0,6650.0
Tamil Nadu,The Nilgiris,Udhagamandalam(Uzhavar Sandhai ),Mousambi(Sweet Lime),Mousambi,Local,2026-09-20,7000.0,8000.0,7500.0
Tamil Nadu,The Nilgiris,Udhagamandalam(Uzhavar Sandhai ),Tomato,Deshi,Local,2026-09-20,2800.0,3000.0,2900.0
Tamil Nadu,The Nilgiris,Udhagamandalam(Uzhavar Sandhai ),Cluster beans,Cluster Beans,Local,2026-09-20,3000.0,3500.0,3250.0
Tamil Nadu,The Nilgiris,Udhagamandalam(Uzhavar Sandhai ),Pumpkin,Pumpkin,Local,2026-09-20,1500.0,2000.0,1750.0
Tamil Nadu,The Nilgiris,Udhagamandalam(Uzhavar Sandhai ),Bhindi(Ladies Finger),Bhindi,Local,2026-09-20,4000.0,4400.0,4200.0
Tamil Nadu,The Nilgiris,Udhagamandalam(Uzhavar Sandhai ),Cowpea(Veg),Cowpea (Veg),Local,2026-09-20,3500.0,4000.0,3750.0
Tamil Nadu,The Nilgiris,Udhagamandalam(Uzhavar Sandhai ),Elephant Yam(Suran)/Amorphophallus,Elephant Yam (Suran),Local,2026-09-20,3500.0,4000.0,3750.0
Tamil Nadu,The Nilgiris,Udhagamandalam(Uzhavar Sandhai ),Amla(Nelli Kai),Amla,Local,2026-09-20,9000.0,10000.0,9500.0
Tamil Nadu,The Nilgiris,Udhagamandalam(Uzhavar Sandhai ),Mint(Pudina),Mint(Pudina),Local,2026-09-20,4000.0,5000.0,4500.0
Tamil Nadu,Theni,Andipatti(Uzhavar Sandhai ),Potato,Other,Local,2026-09-20,2800.0,3000.0,2900.0
Tamil Nadu,Theni,Andipatti(Uzhavar Sandhai ),Cauliflower,Ranchi,Local,2026-09-20,3000.0,3500.0,3250.0
Tamil Nadu,Theni,Andipatti(Uzhavar Sandhai ),Papaya,Papaya,Local,2026-09-20,3000.0,3500.0,3250.0
Tamil Nadu,Theni,Andipatti(Uzhavar Sandhai ),Pumpkin,Pumpkin,Local,2026-09-20,1600.0,1800.0,1700.0
Tamil Nadu,Theni,Andipatti(Uzhavar Sandhai ),Green Chilli,Green Chilly,Local,2026-09-20,5400.0,5800.0,5600.0
Tamil Nadu,Theni,Andipatti(Uzhavar Sandhai ),Banana - Green,Banana - Green,Local,2026-09-20,2500.0,3000.0,2750.0
Tamil Nadu,Theni,Andipatti(Uzhavar Sandhai ),Ginger(Green),Green Ginger,Local,2026-09-20,9000.0,16000.0,12500.0
Tamil Nadu,Theni,Andipatti(Uzhavar Sandhai ),Snakeguard,Snakeguard,Local,2026-09-20,2300.0,2500.0,2400.0
Tamil Nadu,Theni,Andipatti(Uzhavar Sandhai ),Raddish,Raddish,Local,2026-09-20,2200.0,2400.0,2300.0
Tamil Nadu,Theni,Andipatti(Uzhavar Sandhai ),Lime,Lime,Local,2026-09-20,9000.0,9500.0,9250.0
Tamil Nadu,Theni,Andipatti(Uzhavar Sandhai ),Mint(Pudina),Mint(Pudina),Local,2026-09-20,5500.0,5500.0,5500.0
Tamil Nadu,Theni,Bodinayakanur(Uzhavar Sandhai ),Potato,Red Nanital,Local,2026-09-20,3000.0,3000.0,3000.0
Tamil Nadu,Theni,Bodinayakanur(Uzhavar Sandhai ),Brinjal,Round,Local,2026-09-20,3200.0,3200.0,3200.0
Tamil Nadu,Theni,Bodinayakanur(Uzhavar Sandhai ),Raddish,Raddish,Local,2026-09-20,2400.0,2400.0,2400.0
Tamil Nadu,Theni,Bodinayakanur(Uzhavar Sandhai ),Chow Chow,Chow Chow,Local,2026-09-20,3000.0,3000.0,3000.0
West Bengal,Bankura,Bishnupur(Bankura) APMC,Masur Dal,Other,FAQ,2026-09-20,9900.0,11200.0,10550.0
West Bengal,Bankura,Bishnupur(Bankura) APMC,Bottle gourd,Bottle Gourd,FAQ,2026-09-20,1200.0,1600.0,1400.0
West Bengal,Bankura,Bishnupur(Bankura) APMC,Brinjal,Brinjal,FAQ,2026-09-20,3600.0,4500.0,4000.0
Tamil Nadu,Thiruvarur,Needamangalam(Uzhavar Sandhai ),Ashgourd,Gouard,Local,2026-09-20,3000.0,3000.0,3000.0
Tamil Nadu,Thiruvarur,Needamangalam(Uzhavar Sandhai ),Amaranthus,Amaranthus,Local,2026-09-20,2000.0,2000.0,2000.0
Tamil Nadu,Thiruvarur,Needamangalam(Uzhavar Sandhai ),Banana - Green,Banana - Green,Local,2026-09-20,4000.0,4000.0,4000.0
Tamil Nadu,Thiruvarur,Tiruvarur(Uzhavar Sandhai ),Pumpkin,Pumpkin,Local,2026-09-20,3000.0,3000.0,3000.0
Tamil Nadu,Thiruvarur,Tiruvarur(Uzhavar Sandhai ),Drumstick,Drumstick,Local,2026-09-20,4000.0,4000.0,4000.0
Tamil Nadu,Thiruvarur,Tiruvarur(Uzhavar Sandhai ),Mango(Raw-Ripe),Mango - Raw-Ripe,Local,2026-09-20,9000.0,9000.0,9000.0
Bihar,Sheikhpura,Barbigha APMC,Bitter gourd,Bitter Gourd,FAQ,2026-09-20,3802.0,3930.0,3860.0
West Bengal,Bankura,Indus(Bankura Sadar) APMC,Potato,Jyoti,FAQ,2026-09-20,635.0,675.0,655.0
West Bengal,Bankura,Indus(Bankura Sadar) APMC,Rice,Fine,FAQ,2026-09-20,4575.0,4700.0,4650.0
NCT of Delhi,Delhi,"Fish,Poultry & Egg Market, Gazipur APMC",Fish,Katla(Big),Local,2026-09-20,11000.0,19000.0,15500.0
NCT of Delhi,Delhi,"Fish,Poultry & Egg Market, Gazipur APMC",Fish,Soli,Local,2026-09-20,15000.0,22000.0,19000.0
NCT of Delhi,Delhi,"Fish,Poultry & Egg Market, Gazipur APMC",Fish,Sol,Local,2026-09-20,35000.0,45000.0,40000.0
NCT of Delhi,Delhi,"Fish,Poultry & Egg Market, Gazipur APMC",Fish,Malli(Big),Local,2026-09-20,16000.0,24000.0,20000.0
Tamil Nadu,Virudhunagar,Aruppukottai(Uzhavar Sandhai ),Coriander(Leaves),I Sort,Local,2026-09-20,3500.0,4000.0,3750.0
Tamil Nadu,Virudhunagar,Aruppukottai(Uzhavar Sandhai ),Tomato,Deshi,Local,2026-09-20,2000.0,2500.0,2250.0
Tamil Nadu,Virudhunagar,Aruppukottai(Uzhavar Sandhai ),Cluster beans,Cluster Beans,Local,2026-09-20,3000.0,3500.0,3250.0
Tamil Nadu,Virudhunagar,Aruppukottai(Uzhavar Sandhai ),Bitter gourd,Bitter Gourd,Local,2026-09-20,7500.0,8000.0,7750.0
Tamil Nadu,Virudhunagar,Aruppukottai(Uzhavar Sandhai ),Bottle gourd,Bottle Gourd,Local,2026-09-20,2500.0,3000.0,2750.0
Tamil Nadu,Virudhunagar,Aruppukottai(Uzhavar Sandhai ),Thondekai,Thondekai,Local,2026-09-20,3500.0,4000.0,3750.0
Tamil Nadu,Virudhunagar,Aruppukottai(Uzhavar Sandhai ),Chow Chow,Chow Chow,Local,2026-09-20,3000.0,3500.0,3250.0
Tamil Nadu,Virudhunagar,Aruppukottai(Uzhavar Sandhai ),Guava,Guava Allahabad,Local,2026-09-20,4500.0,5000.0,4750.0
Tamil Nadu,Virudhunagar,Aruppukottai(Uzhavar Sandhai ),Mint(Pudina),Mint(Pudina),Local,2026-09-20,6500.0,7000.0,6750.0
Tamil Nadu,Villupuram,Gingee(Uzhavar Sandhai ),Amaranthus,Amaranthus,Local,2026-09-20,4000.0,5000.0,4500.0
Tamil Nadu,Villupuram,Gingee(Uzhavar Sandhai ),Coconut,Coconut,Local,2026-09-20,6000.0,6000.0,6000.0
Tamil Nadu,Villupuram,Gingee(Uzhavar Sandhai ),Ridgeguard(Tori),Ridgeguard(Tori),Local,2026-09-20,4000.0,4000.0,4000.0
Tamil Nadu,Villupuram,Gingee(Uzhavar Sandhai ),Raddish,Raddish,Local,2026-09-20,4000.0,4000.0,4000.0
Tamil Nadu,Villupuram,Gingee(Uzhavar Sandhai ),Tender Coconut,Tender Coconut,Local,2026-09-20,3500.0,4000.0,3750.0
Tamil Nadu,Villupuram,Gingee(Uzhavar Sandhai ),Colacasia,Colacasia,Local,2026-09-20,6000.0,6000.0,6000.0
Tamil Nadu,Villupuram,Gingee(Uzhavar Sandhai ),Mint(Pudina),Mint(Pudina),Local,2026-09-20,4000.0,4000.0,4000.0
Uttar Pradesh,Fatehpur,Bindki APMC,Paddy(Common),Masuri,FAQ,2026-09-20,2135.0,2450.0,2309.72
Uttar Pradesh,Balrampur,Balrampur APMC,Ginger(Green),Other,FAQ,2026-09-20,2000.0,2000.0,2000.0
Tamil Nadu,Thiruvarur,Valangaiman APMC,Tomato,Deshi,Local,2026-09-20,2800.0,3200.0,3000.0
Tamil Nadu,Thiruvarur,Valangaiman APMC,Amaranthus,Amaranthus,Local,2026-09-20,2000.0,2000.0,2000.0
Tamil Nadu,Thiruvarur,Valangaiman APMC,Snakeguard,Snakeguard,Local,2026-09-20,4000.0,4000.0,4000.0
Tamil Nadu,Thiruvarur,Valangaiman APMC,Ridgeguard(Tori),Ridgeguard(Tori),Local,2026-09-20,4000.0,4000.0,4000.0
Tamil Nadu,Thiruvarur,Valangaiman APMC,Green Avare(W),Green Avare (W),Local,2026-09-20,6000.0,6000.0,6000.0
Tamil Nadu,Thiruvarur,Valangaiman APMC,Onion Green,Onion Green,Local,2026-09-20,9000.0,9000.0,9000.0
Tamil Nadu,Virudhunagar,Kariyapatti(Uzhavar Sandhai ),Banana,Besrai,Local,2026-09-20,3500.0,4000.0,3750.0
Tamil Nadu,Virudhunagar,Kariyapatti(Uzhavar Sandhai ),Coriander(Leaves),I Sort,Local,2026-09-20,3500.0,4000.0,3750.0
Tamil Nadu,Virudhunagar,Kariyapatti(Uzhavar Sandhai ),Coconut,Coconut,Local,2026-09-20,5500.0,6000.0,5750.0
Tamil Nadu,Virudhunagar,Kariyapatti(Uzhavar Sandhai ),Yam(Ratalu),Yam (Ratalu),Local,2026-09-20,6500.0,7000.0,6750.0
Tamil Nadu,Virudhunagar,Kariyapatti(Uzhavar Sandhai ),Onion Green,Onion Green,Local,2026-09-20,8500.0,9000.0,8750.0
Uttar Pradesh,Chandauli,Chandoli APMC,Onion,Other,FAQ,2026-09-20,3500.0,3500.0,3500.0
Uttar Pradesh,Aligarh,Charra APMC,Paddy(Common),Basmati,FAQ,2026-09-20,3200.0,4000.0,3414.2
Uttar Pradesh,Kannuj,Chhibramau APMC,Maize,Other,FAQ,2026-09-20,2200.0,2200.0,2200.0
Tamil Nadu,Thiruvellore,Tiruvallur(Uzhavar Sandhai ),Green Avare(W),Green Avare (W),Local,2026-09-20,7000.0,7000.0,7000.0
Madhya Pradesh,Dhar,Manawar(F&V) APMC,Green Chilli,Green Chilly,Grade B,2026-09-20,2000.0,2300.0,2050.0
Madhya Pradesh,Dhar,Manawar(F&V) APMC,Potato,Potato,Grade B,2026-09-20,1000.0,1150.0,1067.0
Madhya Pradesh,Dhar,Manawar(F&V) APMC,Bottle gourd,Bottle Gourd,Grade B,2026-09-20,700.0,850.0,714.0
Madhya Pradesh,Dhar,Manawar(F&V) APMC,Cucumbar(Kheera),Cucumbar,Grade B,2026-09-20,1000.0,1200.0,1100.0
Tamil Nadu,Vellore,Katpadi (Uzhavar Sandhai ),Onion,Bellary,Local,2026-09-20,6500.0,7000.0,6750.0
Tamil Nadu,Vellore,Katpadi (Uzhavar Sandhai ),Cauliflower,Ranchi,Local,2026-09-20,2500.0,3000.0,2750.0
Tamil Nadu,Vellore,Katpadi (Uzhavar Sandhai ),Cluster beans,Cluster Beans,Local,2026-09-20,3000.0,3500.0,3250.0
Tamil Nadu,Vellore,Katpadi (Uzhavar Sandhai ),Beans,Beans (Whole),Local,2026-09-20,7000.0,7000.0,7000.0
Tamil Nadu,Vellore,Katpadi (Uzhavar Sandhai ),Ridgeguard(Tori),Ridgeguard(Tori),Local,2026-09-20,3500.0,4000.0,3750.0
Tamil Nadu,Vellore,Katpadi (Uzhavar Sandhai ),Raddish,Raddish,Local,2026-09-20,2500.0,2500.0,2500.0
Tamil Nadu,Vellore,Katpadi (Uzhavar Sandhai ),Green Avare(W),Green Avare (W),Local,2026-09-20,6000.0,6000.0,6000.0
Tamil Nadu,Vellore,Katpadi (Uzhavar Sandhai ),Knool Khol,Knool Khol,Local,2026-09-20,3000.0,3000.0,3000.0
Tamil Nadu,Vellore,Katpadi (Uzhavar Sandhai ),Guava,Guava Allahabad,Local,2026-09-20,10000.0,10000.0,10000.0
Tamil Nadu,Vellore,Katpadi (Uzhavar Sandhai ),Lemon,Lemon,Local,2026-09-20,13000.0,13000.0,13000.0
Tamil Nadu,Vellore,Katpadi (Uzhavar Sandhai ),Custard Apple(Sharifa),Custard Apple(Sharifa),Local,2026-09-20,5000.0,5000.0,5000.0
Tamil Nadu,Vellore,Katpadi (Uzhavar Sandhai ),Rose(Local),Rose (Local),Local,2026-09-20,12000.0,12000.0,12000.0
Tamil Nadu,Madurai,Thirumangalam(Uzhavar Sandhai ),Chikoos(Sapota),Sapota,Local,2026-09-20,5000.0,6000.0,5500.0
Tamil Nadu,Madurai,Thirumangalam(Uzhavar Sandhai ),Papaya,Papaya,Local,2026-09-20,4000.0,5000.0,4500.0
Tamil Nadu,Madurai,Thirumangalam(Uzhavar Sandhai ),Cluster beans,Cluster Beans,Local,2026-09-20,3000.0,4000.0,3500.0
Tamil Nadu,Madurai,Thirumangalam(Uzhavar Sandhai ),Ridgeguard(Tori),Ridgeguard(Tori),Local,2026-09-20,4000.0,4500.0,4250.0
Tamil Nadu,Madurai,Thirumangalam(Uzhavar Sandhai ),Green Avare(W),Green Avare (W),Local,2026-09-20,10000.0,11000.0,10500.0
Tamil Nadu,Madurai,Melur(Uzhavar Sandhai ),Banana,Besrai,Local,2026-09-20,4000.0,5000.0,4500.0
Tamil Nadu,Madurai,Melur(Uzhavar Sandhai ),Ashgourd,Gouard,Local,2026-09-20,1600.0,1800.0,1700.0
Tamil Nadu,Madurai,Melur(Uzhavar Sandhai ),Amaranthus,Amaranthus,Local,2026-09-20,3000.0,3600.0,3300.0
Tamil Nadu,Madurai,Melur(Uzhavar Sandhai ),Cucumbar(Kheera),Cucumbar,Local,2026-09-20,4000.0,5000.0,4500.0
Tamil Nadu,Madurai,Melur(Uzhavar Sandhai ),Guava,Guava Allahabad,Local,2026-09-20,6000.0,7000.0,6500.0
Tamil Nadu,Madurai,Melur(Uzhavar Sandhai ),Mint(Pudina),Mint(Pudina),Local,2026-09-20,5500.0,6000.0,5750.0
Tamil Nadu,Karur,Gandhigramam(Uzhavar Sandhai),Papaya,Papaya,Local,2026-09-20,4500.0,5000.0,4750.0
Tamil Nadu,Karur,Gandhigramam(Uzhavar Sandhai),Bhindi(Ladies Finger),Bhindi,Local,2026-09-20,3500.0,4000.0,3750.0
Tamil Nadu,Karur,Gandhigramam(Uzhavar Sandhai),Ginger(Green),Green Ginger,Local,2026-09-20,17000.0,19000.0,18000.0
Tamil Nadu,Karur,Gandhigramam(Uzhavar Sandhai),Coconut,Coconut,Local,2026-09-20,5500.0,6000.0,5750.0
Tamil Nadu,Karur,Gandhigramam(Uzhavar Sandhai),Sweet Potato,Hosur Red,Local,2026-09-20,4500.0,5000.0,4750.0
Tamil Nadu,Karur,Gandhigramam(Uzhavar Sandhai),Cucumbar(Kheera),Cucumbar,Local,2026-09-20,4000.0,8000.0,6000.0
Tamil Nadu,Karur,Gandhigramam(Uzhavar Sandhai),Chow Chow,Chow Chow,Local,2026-09-20,3500.0,4000.0,3750.0
Tamil Nadu,Karur,Gandhigramam(Uzhavar Sandhai),Onion Green,Onion Green,Local,2026-09-20,8500.0,9500.0,9000.0
Tamil Nadu,Karur,Gandhigramam(Uzhavar Sandhai),Baby Corn,Baby Corn,Grade A,2026-09-20,3500.0,4000.0,3750.0
Karnataka,Bengaluru South,Ramanagara APMC,Brinjal,Round,Local,2026-09-20,1400.0,2000.0,1600.0
Karnataka,Bengaluru South,Ramanagara APMC,Cucumbar(Kheera),Cucumbar,Local,2026-09-20,1600.0,2000.0,1800.0
Karnataka,Bengaluru South,Ramanagara APMC,Chilly Capsicum,Chilly Capsicum,Local,2026-09-20,3000.0,4800.0,4000.0
Karnataka,Bengaluru South,Ramanagara APMC,Snakeguard,Snakeguard,Local,2026-09-20,1600.0,2300.0,2000.0
Karnataka,Bengaluru South,Ramanagara APMC,Capsicum,Capsicum,Local,2026-09-20,3000.0,5000.0,4000.0
Tamil Nadu,Salem,Vazhapadi(Uzhavar Sandhai),Garlic,Garlic,Local,2026-09-20,25000.0,25000.0,25000.0
Tamil Nadu,Salem,Vazhapadi(Uzhavar Sandhai),Coriander(Leaves),I Sort,Local,2026-09-20,5000.0,5000.0,5000.0
Tamil Nadu,Salem,Vazhapadi(Uzhavar Sandhai),Papaya,Papaya,Local,2026-09-20,4000.0,4000.0,4000.0
Tamil Nadu,Salem,Vazhapadi(Uzhavar Sandhai),Cluster beans,Cluster Beans,Local,2026-09-20,3000.0,3000.0,3000.0
Tamil Nadu,Salem,Vazhapadi(Uzhavar Sandhai),Banana - Green,Banana - Green,Local,2026-09-20,3000.0,3000.0,3000.0
Tamil Nadu,Salem,Vazhapadi(Uzhavar Sandhai),Coconut,Coconut,Local,2026-09-20,6000.0,6000.0,6000.0
Tamil Nadu,Salem,Vazhapadi(Uzhavar Sandhai),Thondekai,Thondekai,Local,2026-09-20,5000.0,5000.0,5000.0
Tamil Nadu,Salem,Vazhapadi(Uzhavar Sandhai),Green Avare(W),Green Avare (W),Local,2026-09-20,7000.0,7000.0,7000.0
Tamil Nadu,Salem,Vazhapadi(Uzhavar Sandhai),Onion Green,Onion Green,Local,2026-09-20,7000.0,8000.0,7500.0
Tamil Nadu,Pudukkottai,Aranthangi(Uzhavar Sandhai ),Banana,Poovan,Local,2026-09-20,4500.0,5000.0,4750.0
Tamil Nadu,Pudukkottai,Aranthangi(Uzhavar Sandhai ),Ashgourd,Gouard,Local,2026-09-20,1000.0,1500.0,1250.0
Tamil Nadu,Pudukkottai,Aranthangi(Uzhavar Sandhai ),Green Avare(W),Other,Local,2026-09-20,6000.0,7000.0,6500.0
Tamil Nadu,Pudukkottai,Aranthangi(Uzhavar Sandhai ),Drumstick,Drumstick,Local,2026-09-20,4500.0,5000.0,4750.0
Tamil Nadu,Pudukkottai,Aranthangi(Uzhavar Sandhai ),Onion Green,Onion Green,Local,2026-09-20,9000.0,10000.0,9500.0
Tamil Nadu,Nagapattinam,Vedaranyam(Uzhavar Sandhai),Ridgeguard(Tori),Ridgeguard(Tori),Local,2026-09-20,3200.0,3500.0,3350.0
Tamil Nadu,Nagapattinam,Vedaranyam(Uzhavar Sandhai),Raddish,Raddish,Local,2026-09-20,2800.0,3000.0,2900.0
Tamil Nadu,Nagapattinam,Vedaranyam(Uzhavar Sandhai),Drumstick,Drumstick,Local,2026-09-20,3200.0,3500.0,3350.0
Tamil Nadu,Vellore,Perampet(Uzhavar Sandhai),Banana,Other,Local,2026-09-20,6000.0,6000.0,6000.0
Tamil Nadu,Vellore,Perampet(Uzhavar Sandhai),Papaya,Papaya,Local,2026-09-20,3000.0,3500.0,3250.0
Tamil Nadu,Vellore,Perampet(Uzhavar Sandhai),Ashgourd,Gouard,Local,2026-09-20,2400.0,2400.0,2400.0
Tamil Nadu,Vellore,Perampet(Uzhavar Sandhai),Bhindi(Ladies Finger),Bhindi,Local,2026-09-20,2500.0,2500.0,2500.0
Tamil Nadu,Vellore,Perampet(Uzhavar Sandhai),Carrot,Pusakesar,Local,2026-09-20,5500.0,6000.0,5750.0
Tamil Nadu,Vellore,Perampet(Uzhavar Sandhai),Drumstick,Drumstick,Local,2026-09-20,3000.0,3600.0,3300.0
Tamil Nadu,Vellore,Perampet(Uzhavar Sandhai),Knool Khol,Knool Khol,Local,2026-09-20,4000.0,4000.0,4000.0
Tamil Nadu,Vellore,Perampet(Uzhavar Sandhai),Sweet Corn,Sweet Corn,Local,2026-09-20,2500.0,3000.0,2750.0
Andhra Pradesh,Alluri Sitharama Raju,Araku Valley APMC,Ginger(Dry),Ginger-Organic,Grade Range-1,2026-09-20,13000.0,13000.0,13000.0
Maharashtra,Pune,Pune(Pimpri),Cabbage,Other,Local,2026-09-20,700.0,1200.0,950.0
Tamil Nadu,Karur,Kulithalai(Uzhavar Sandhai ),Bitter gourd,Other,Local,2026-09-20,5600.0,6000.0,5800.0
Tamil Nadu,Karur,Kulithalai(Uzhavar Sandhai ),Banana - Green,Banana - Green,Local,2026-09-20,2500.0,3000.0,2750.0
Tamil Nadu,Karur,Kulithalai(Uzhavar Sandhai ),Sweet Potato,Hosur Red,Local,2026-09-20,2500.0,3000.0,2750.0
Tamil Nadu,Karur,Kulithalai(Uzhavar Sandhai ),Green Avare(W),Other,Local,2026-09-20,7000.0,9000.0,8000.0
Tamil Nadu,Karur,Kulithalai(Uzhavar Sandhai ),Chow Chow,Chow Chow,Local,2026-09-20,2800.0,3200.0,3000.0
Tamil Nadu,Karur,Kulithalai(Uzhavar Sandhai ),Drumstick,Drumstick,Local,2026-09-20,3000.0,3500.0,3250.0
Tamil Nadu,Karur,Kulithalai(Uzhavar Sandhai ),Mango(Raw-Ripe),Mango - Raw-Ripe,Local,2026-09-20,7000.0,9000.0,8000.0
Tamil Nadu,Karur,Kulithalai(Uzhavar Sandhai ),Knool Khol,Knool Khol,Local,2026-09-20,5500.0,6000.0,5750.0
Tamil Nadu,Karur,Kulithalai(Uzhavar Sandhai ),Elephant Yam(Suran)/Amorphophallus,Elephant Yam (Suran),Local,2026-09-20,5000.0,5500.0,5250.0
Tamil Nadu,Chengalpattu,Guduvancheri(Uzhavar Sandhai ),Cluster beans,Cluster Beans,Local,2026-09-20,5000.0,6000.0,5500.0
Tamil Nadu,Chengalpattu,Guduvancheri(Uzhavar Sandhai ),Bottle gourd,Bottle Gourd,Local,2026-09-20,3500.0,4000.0,3750.0
Tamil Nadu,Chengalpattu,Guduvancheri(Uzhavar Sandhai ),Ashgourd,Gouard,Local,2026-09-20,2200.0,2500.0,2350.0
Tamil Nadu,Chengalpattu,Guduvancheri(Uzhavar Sandhai ),Ginger(Green),Green Ginger,Local,2026-09-20,16000.0,18000.0,17000.0
Tamil Nadu,Chengalpattu,Guduvancheri(Uzhavar Sandhai ),Ridgeguard(Tori),Ridgeguard(Tori),Local,2026-09-20,6000.0,7000.0,6500.0
Tamil Nadu,Thirupur,Dharapuram(Uzhavar Sandhai ),Onion,Bellary,Local,2026-09-20,6500.0,7000.0,6750.0
Tamil Nadu,Thirupur,Dharapuram(Uzhavar Sandhai ),Cauliflower,Ranchi,Local,2026-09-20,3000.0,3500.0,3250.0
Tamil Nadu,Thirupur,Dharapuram(Uzhavar Sandhai ),Coriander(Leaves),I Sort,Local,2026-09-20,4400.0,4800.0,4600.0
Tamil Nadu,Thirupur,Dharapuram(Uzhavar Sandhai ),Tomato,Local,Local,2026-09-20,2000.0,2200.0,2100.0
Tamil Nadu,Thirupur,Dharapuram(Uzhavar Sandhai ),Pumpkin,Pumpkin,Local,2026-09-20,2500.0,3000.0,2750.0
Tamil Nadu,Thirupur,Dharapuram(Uzhavar Sandhai ),Amaranthus,Amaranthus,Local,2026-09-20,2000.0,2500.0,2250.0
Tamil Nadu,Thirupur,Dharapuram(Uzhavar Sandhai ),Cowpea(Veg),Cowpea (Veg),Local,2026-09-20,3500.0,4000.0,3750.0
Tamil Nadu,Thirupur,Dharapuram(Uzhavar Sandhai ),Drumstick,Drumstick,Local,2026-09-20,2500.0,3000.0,2750.0
Tamil Nadu,Thirupur,Dharapuram(Uzhavar Sandhai ),Elephant Yam(Suran)/Amorphophallus,Elephant Yam (Suran),Local,2026-09-20,4500.0,5000.0,4750.0
Tamil Nadu,Thirupur,Dharapuram(Uzhavar Sandhai ),Mint(Pudina),Mint(Pudina),Local,2026-09-20,2500.0,3000.0,2750.0
Tamil Nadu,Thirupur,Palladam(Uzhavar Sandhai ),Potato,Red Nanital,Local,2026-09-20,2500.0,3000.0,2750.0
Tamil Nadu,Thirupur,Palladam(Uzhavar Sandhai ),Brinjal,Other,Local,2026-09-20,3500.0,4000.0,3750.0
Tamil Nadu,Thirupur,Palladam(Uzhavar Sandhai ),Tomato,Local,Local,2026-09-20,2000.0,2500.0,2250.0
Tamil Nadu,Thirupur,Palladam(Uzhavar Sandhai ),Cluster beans,Cluster Beans,Local,2026-09-20,2500.0,3000.0,2750.0
Tamil Nadu,Thirupur,Palladam(Uzhavar Sandhai ),Lemon,Lemon,Local,2026-09-20,24000.0,25000.0,24500.0
Tamil Nadu,Thirupur,Palladam(Uzhavar Sandhai ),Onion Green,Onion Green,Local,2026-09-20,8000.0,9000.0,8500.0
Uttar Pradesh,Ghaziabad,Hapur APMC,Gur(Jaggery),Other,FAQ,2026-09-20,5000.0,5000.0,5000.0
Uttar Pradesh,Hathras,Haathras APMC,Onion,Other,FAQ,2026-09-20,3000.0,3000.0,3000.0
Uttar Pradesh,Hathras,Haathras APMC,Firewood,Firewood,FAQ,2026-09-20,500.0,500.0,500.0
Uttar Pradesh,Raebarelli,Jayas APMC,Wood,Eucalyptus,FAQ,2026-09-20,550.0,550.0,550.0
Tamil Nadu,Kallakuruchi,Kallakurichi(Uzhavar Sandhai ),Garlic,Garlic,Local,2026-09-20,26000.0,26000.0,26000.0
Tamil Nadu,Kallakuruchi,Kallakurichi(Uzhavar Sandhai ),Beans,Beans (Whole),Local,2026-09-20,10000.0,10000.0,10000.0
Tamil Nadu,Kallakuruchi,Kallakurichi(Uzhavar Sandhai ),Coconut,Coconut,Local,2026-09-20,6000.0,6000.0,6000.0
Tamil Nadu,Kallakuruchi,Kallakurichi(Uzhavar Sandhai ),Raddish,Raddish,Local,2026-09-20,4000.0,4000.0,4000.0
Tamil Nadu,Kallakuruchi,Kallakurichi(Uzhavar Sandhai ),Green Avare(W),Green Avare (W),Local,2026-09-20,7000.0,7000.0,7000.0
Tamil Nadu,Kallakuruchi,Kallakurichi(Uzhavar Sandhai ),Colacasia,Colacasia,Local,2026-09-20,4000.0,4000.0,4000.0
Tamil Nadu,Kallakuruchi,Kallakurichi(Uzhavar Sandhai ),Rose(Local),Rose (Local),Local,2026-09-20,35000.0,35000.0,35000.0
Madhya Pradesh,Khargone,Bedia APMC,Chili Red,Red,FAQ,2026-09-20,15800.0,19000.0,16800.0
Uttar Pradesh,Hamirpur,Kurara APMC,Peas(Dry),Other,FAQ,2026-09-20,3500.0,3500.0,3500.0
Uttar Pradesh,Mahoba,Mahoba APMC,Peas(Dry),Other,FAQ,2026-09-20,3460.0,4360.0,3775.71
Uttar Pradesh,Mathura,Mathura APMC,Wheat,Dara,FAQ,2026-09-20,2500.0,2500.0,2500.0
Madhya Pradesh,Guna,Aron (F&V) APMC,Tomato,Deshi,Local,2026-09-20,1250.0,1600.0,1450.0
Tamil Nadu,Thirupathur,Natrampalli(Uzhavar Sandhai ),Onion,Bellary,Local,2026-09-20,6000.0,7000.0,6500.0
Tamil Nadu,Thirupathur,Natrampalli(Uzhavar Sandhai ),Garlic,Garlic,Local,2026-09-20,20000.0,25000.0,22500.0
Tamil Nadu,Thirupathur,Natrampalli(Uzhavar Sandhai ),Cauliflower,Ranchi,Local,2026-09-20,2500.0,3000.0,2750.0
Tamil Nadu,Thirupathur,Natrampalli(Uzhavar Sandhai ),Brinjal,Round,Local,2026-09-20,4000.0,5000.0,4500.0
Tamil Nadu,Thirupathur,Natrampalli(Uzhavar Sandhai ),Ginger(Green),Green Ginger,Local,2026-09-20,15000.0,20000.0,17500.0
Tamil Nadu,Thirupathur,Natrampalli(Uzhavar Sandhai ),Carrot,Pusakesar,Local,2026-09-20,5000.0,6000.0,5500.0
Tamil Nadu,Thirupathur,Natrampalli(Uzhavar Sandhai ),Drumstick,Drumstick,Local,2026-09-20,4000.0,5000.0,4500.0
Tamil Nadu,Thirupathur,Natrampalli(Uzhavar Sandhai ),Guava,Guava Allahabad,Local,2026-09-20,4000.0,5000.0,4500.0
Tamil Nadu,Thirupathur,Natrampalli(Uzhavar Sandhai ),Onion Green,Onion Green,Local,2026-09-20,7000.0,8000.0,7500.0
Uttar Pradesh,Maharajganj,Nautnava APMC,Paddy(Common),Common,FAQ,2026-09-20,2200.0,2200.0,2200.0
Telangana,Nagarkurnool,Kalwakurthy APMC,Bitter gourd,Bitter Gourd,Local,2026-09-20,4000.0,4000.0,4000.0
Telangana,Nagarkurnool,Kalwakurthy APMC,Green Chilli,Green Chilly,Local,2026-09-20,3000.0,3000.0,3000.0
Telangana,Nagarkurnool,Kalwakurthy APMC,Cabbage,Cabbage,Local,2026-09-20,1750.0,1750.0,1750.0
Andhra Pradesh,Markapuram,Kanigiri APMC,Red gram/Arhar/Tur(whole),(Whole),Local,2026-09-20,8600.0,8800.0,8700.0
Tripura,South Tripura,Kalsi APMC,Green Chilli,Other,FAQ,2026-09-20,12500.0,12600.0,12550.0
Uttar Pradesh,Shravasti,Payagpur APMC,Wheat,Dara,FAQ,2026-09-20,2500.0,2500.0,2500.0
Tamil Nadu,Salem,Athur(Uzhavar Sandhai ),Brinjal,Other,Local,2026-09-20,2000.0,2500.0,2250.0
Tamil Nadu,Salem,Athur(Uzhavar Sandhai ),Groundnut,Big (With Shell),Local,2026-09-20,6500.0,7000.0,6750.0
Tamil Nadu,Salem,Athur(Uzhavar Sandhai ),Cauliflower,Ranchi,Local,2026-09-20,3500.0,4000.0,3750.0
Tamil Nadu,Salem,Athur(Uzhavar Sandhai ),Coriander(Leaves),I Sort,Local,2026-09-20,2500.0,3000.0,2750.0
Tamil Nadu,Salem,Athur(Uzhavar Sandhai ),Cluster beans,Cluster Beans,Local,2026-09-20,2500.0,3000.0,2750.0
Tamil Nadu,Salem,Athur(Uzhavar Sandhai ),Bottle gourd,Bottle Gourd,Local,2026-09-20,2200.0,2500.0,2350.0
Tamil Nadu,Salem,Athur(Uzhavar Sandhai ),Coconut,Coconut,Local,2026-09-20,6000.0,6500.0,6250.0
Tamil Nadu,Salem,Athur(Uzhavar Sandhai ),Cabbage,Cabbage,Local,2026-09-20,2500.0,3000.0,2750.0
Tamil Nadu,Salem,Athur(Uzhavar Sandhai ),Beetroot,Beetroot,Local,2026-09-20,5000.0,7000.0,6000.0
Tamil Nadu,Salem,Athur(Uzhavar Sandhai ),Jasmine,Jasmine,Local,2026-09-20,32000.0,36000.0,34000.0
Tamil Nadu,Salem,Athur(Uzhavar Sandhai ),Onion Green,Onion Green,Local,2026-09-20,5500.0,6500.0,6000.0
Uttar Pradesh,Pratapgarh,Pratapgarh APMC,Wood,Eucalyptus,FAQ,2026-09-20,400.0,400.0,400.0
Tamil Nadu,Theni,Periyakulam(Uzhavar Sandhai ),Banana,Karpura,Local,2026-09-20,5500.0,6000.0,5750.0
Tamil Nadu,Theni,Periyakulam(Uzhavar Sandhai ),Onion,Bellary,Local,2026-09-20,6300.0,6500.0,6400.0
Tamil Nadu,Theni,Periyakulam(Uzhavar Sandhai ),Papaya,Papaya,Local,2026-09-20,3000.0,3500.0,3250.0
Tamil Nadu,Theni,Periyakulam(Uzhavar Sandhai ),Bitter gourd,Other,Local,2026-09-20,3600.0,3800.0,3700.0
Tamil Nadu,Theni,Periyakulam(Uzhavar Sandhai ),Pumpkin,Pumpkin,Local,2026-09-20,1600.0,1800.0,1700.0
Tamil Nadu,Theni,Periyakulam(Uzhavar Sandhai ),Bhindi(Ladies Finger),Bhindi,Local,2026-09-20,3600.0,3800.0,3700.0
Tamil Nadu,Theni,Periyakulam(Uzhavar Sandhai ),Ginger(Green),Green Ginger,Local,2026-09-20,9000.0,16000.0,12500.0
Tamil Nadu,Theni,Periyakulam(Uzhavar Sandhai ),Thondekai,Thondekai,Local,2026-09-20,3300.0,3500.0,3400.0
Tamil Nadu,Theni,Periyakulam(Uzhavar Sandhai ),Green Avare(W),Other,Local,2026-09-20,8500.0,9000.0,8750.0
Tamil Nadu,Theni,Periyakulam(Uzhavar Sandhai ),Yam(Ratalu),Yam (Ratalu),Local,2026-09-20,4800.0,5000.0,4900.0
Tamil Nadu,Theni,Periyakulam(Uzhavar Sandhai ),Onion Green,Onion Green,Local,2026-09-20,8000.0,8500.0,8250.0
Tamil Nadu,Virudhunagar,Srivilliputhur(Uzhavar Sandhai ),Potato,Red Nanital,Local,2026-09-20,3000.0,3500.0,3250.0
Tamil Nadu,Virudhunagar,Srivilliputhur(Uzhavar Sandhai ),Coriander(Leaves),I Sort,Local,2026-09-20,4000.0,4500.0,4250.0
Tamil Nadu,Virudhunagar,Srivilliputhur(Uzhavar Sandhai ),Chikoos(Sapota),Sapota,Local,2026-09-20,3500.0,4000.0,3750.0
Tamil Nadu,Virudhunagar,Srivilliputhur(Uzhavar Sandhai ),Pumpkin,Pumpkin,Local,2026-09-20,1700.0,2000.0,1850.0
Tamil Nadu,Virudhunagar,Srivilliputhur(Uzhavar Sandhai ),Green Chilli,Green Chilly,Local,2026-09-20,5000.0,6000.0,5500.0
Tamil Nadu,Virudhunagar,Srivilliputhur(Uzhavar Sandhai ),Ridgeguard(Tori),Ridgeguard(Tori),Local,2026-09-20,4500.0,5000.0,4750.0
Tamil Nadu,Virudhunagar,Srivilliputhur(Uzhavar Sandhai ),Mint(Pudina),Mint(Pudina),Local,2026-09-20,6000.0,7000.0,6500.0
Uttar Pradesh,Pillibhit,Puranpur APMC,Paddy(Common),Other,FAQ,2026-09-20,2500.0,2500.0,2500.0
Uttar Pradesh,Rampur,Rampur APMC,Wood,Other,FAQ,2026-09-20,630.0,630.0,630.0
Uttar Pradesh,Ayodhya,Rudauli APMC,Tobacco,Other,FAQ,2026-09-20,1650.0,1650.0,1650.0
Uttar Pradesh,Hathras,Shadabad APMC,Bottle gourd,Bottle Gourd,Small,2026-09-20,600.0,700.0,650.0
Uttar Pradesh,Bulandshahar,Sikarpur APMC,Paddy(Common),Common,FAQ,2026-09-20,3200.0,3205.0,3200.86
Uttar Pradesh,Firozabad,Sirsaganj APMC,Maize,Other,FAQ,2026-09-20,2350.0,2350.0,2350.0
Uttar Pradesh,Badaun,Bisoli APMC,Potato,Other,FAQ,2026-09-20,600.0,600.0,600.0
Uttar Pradesh,Badaun,Bisoli APMC,Maize,Other,FAQ,2026-09-20,2000.0,2000.0,2000.0
Uttar Pradesh,Amethi,Sultanpur APMC,Firewood,Firewood,FAQ,2026-09-20,325.0,590.0,443.93
Uttar Pradesh,Khiri (Lakhimpur),Tikonia APMC,Gur(Jaggery),Other,FAQ,2026-09-20,5000.0,5000.0,5000.0
Uttar Pradesh,Shahjahanpur,Tilhar APMC,Wood,Eucalyptus,FAQ,2026-09-20,590.0,590.0,590.0
West Bengal,North 24 Parganas,Habra APMC,Onion,Onion,FAQ,2026-09-20,4600.0,4700.0,4600.0
West Bengal,North 24 Parganas,Habra APMC,Pumpkin,Other,FAQ,2026-09-20,1800.0,1800.0,1800.0
West Bengal,Bankura,Khatra APMC,Brinjal,Round/Long,FAQ,2026-09-20,3500.0,4200.0,4000.0
Tamil Nadu,Coimbatore,Vadavalli(Uzhavar Sandhai ),Green Peas,Green Peas,Local,2026-09-20,18000.0,19000.0,18500.0
Tamil Nadu,Coimbatore,Vadavalli(Uzhavar Sandhai ),Water Melon,Water Melon,Local,2026-09-20,1500.0,2000.0,1750.0
Tamil Nadu,Coimbatore,Vadavalli(Uzhavar Sandhai ),Cluster beans,Cluster Beans,Local,2026-09-20,3400.0,3800.0,3600.0
Tamil Nadu,Coimbatore,Vadavalli(Uzhavar Sandhai ),Bitter gourd,Other,Local,2026-09-20,4400.0,5000.0,4700.0
Tamil Nadu,Coimbatore,Vadavalli(Uzhavar Sandhai ),Bottle gourd,Bottle Gourd,Local,2026-09-20,2800.0,3200.0,3000.0
Tamil Nadu,Coimbatore,Vadavalli(Uzhavar Sandhai ),Ashgourd,Gouard,Local,2026-09-20,1600.0,1800.0,1700.0
Tamil Nadu,Coimbatore,Vadavalli(Uzhavar Sandhai ),Bhindi(Ladies Finger),Bhindi,Local,2026-09-20,4000.0,4600.0,4300.0
Tamil Nadu,Coimbatore,Vadavalli(Uzhavar Sandhai ),Carrot,Pusakesar,Local,2026-09-20,4400.0,4800.0,4600.0
Tamil Nadu,Coimbatore,Vadavalli(Uzhavar Sandhai ),Thondekai,Thondekai,Local,2026-09-20,3500.0,4000.0,3750.0
Tamil Nadu,Coimbatore,Vadavalli(Uzhavar Sandhai ),Capsicum,Capsicum,Local,2026-09-20,3800.0,4400.0,4100.0
Tamil Nadu,Coimbatore,Vadavalli(Uzhavar Sandhai ),Amla(Nelli Kai),Amla,Local,2026-09-20,10000.0,11500.0,10750.0
Tamil Nadu,Coimbatore,Vadavalli(Uzhavar Sandhai ),Onion Green,Onion Green,Local,2026-09-20,8500.0,9000.0,8750.0
Uttar Pradesh,Shahjahanpur,Powayan APMC,Paddy(Common),Other,FAQ,2026-09-20,1700.0,1750.0,1724.68
West Bengal,Darjeeling,Karsiyang(Matigara) APMC,Tomato,Other,FAQ,2026-09-20,3600.0,3800.0,3700.0
West Bengal,Darjeeling,Karsiyang(Matigara) APMC,Onion,Nasik,FAQ,2026-09-20,5900.0,6100.0,6000.0
Tamil Nadu,Dindigul,Vedasanthur(Uzhavar Sandhai ),Onion,Bellary,Local,2026-09-20,6000.0,7000.0,6500.0
Tamil Nadu,Dindigul,Vedasanthur(Uzhavar Sandhai ),Bottle gourd,Bottle Gourd,Local,2026-09-20,1000.0,1400.0,1200.0
Tamil Nadu,Dindigul,Vedasanthur(Uzhavar Sandhai ),Pumpkin,Pumpkin,Local,2026-09-20,1000.0,1500.0,1250.0
Tamil Nadu,Dindigul,Vedasanthur(Uzhavar Sandhai ),Bhindi(Ladies Finger),Bhindi,Local,2026-09-20,2000.0,2600.0,2300.0
Tamil Nadu,Dindigul,Vedasanthur(Uzhavar Sandhai ),Raddish,Raddish,Local,2026-09-20,2500.0,3000.0,2750.0
West Bengal,Darjeeling,Darjeeling APMC,Potato,Red,FAQ,2026-09-20,1400.0,1600.0,1500.0
West Bengal,Darjeeling,Darjeeling APMC,Raddish,Raddish,FAQ,2026-09-20,3200.0,3400.0,3300.0
West Bengal,Darjeeling,Darjeeling APMC,Tomato,Other,FAQ,2026-09-20,3600.0,3800.0,3700.0
Andhra Pradesh,Annamayya,Piler APMC,Gur(Jaggery),NO 3,Local,2026-09-20,4500.0,5200.0,4800.0
Haryana,Yamuna Nagar,Sadhaura APMC,Potato,Potato,Local,2026-09-20,700.0,800.0,750.0
Tripura,South Tripura,Barpathari APMC,Cucumbar(Kheera),Cucumbar,Local,2026-09-20,6900.0,7100.0,7000.0
Tripura,South Tripura,Barpathari APMC,Ridgeguard(Tori),Ridgeguard(Tori),Local,2026-09-20,6900.0,7100.0,7000.0
Tamil Nadu,Coimbatore,Udumalpet APMC,Tomato,Deshi,Local,2026-09-20,1500.0,2400.0,1950.0
Tamil Nadu,Coimbatore,Udumalpet APMC,Pumpkin,Pumpkin,Local,2026-09-20,1500.0,2000.0,1750.0
Tamil Nadu,Coimbatore,Udumalpet APMC,Cowpea(Veg),Cowpea (Veg),Local,2026-09-20,3500.0,4000.0,3750.0
Tamil Nadu,Coimbatore,Udumalpet APMC,Beans,Beans (Whole),Local,2026-09-20,8000.0,9000.0,8500.0
Tamil Nadu,Coimbatore,Udumalpet APMC,Coconut,Coconut,Local,2026-09-20,5500.0,6000.0,5750.0
Tamil Nadu,Coimbatore,Udumalpet APMC,Carrot,Pusakesar,Local,2026-09-20,5500.0,6000.0,5750.0
Tamil Nadu,Coimbatore,Udumalpet APMC,Cabbage,Cabbage,Local,2026-09-20,3000.0,3500.0,3250.0
Tamil Nadu,Coimbatore,Udumalpet APMC,Ridgeguard(Tori),Ridgeguard(Tori),Local,2026-09-20,5000.0,6500.0,5750.0
Tamil Nadu,Coimbatore,Udumalpet APMC,Mango(Raw-Ripe),Mango - Raw-Ripe,Local,2026-09-20,16000.0,17500.0,16750.0
Tamil Nadu,Coimbatore,Udumalpet APMC,Knool Khol,Knool Khol,Local,2026-09-20,7000.0,8000.0,7500.0
Tamil Nadu,Coimbatore,Udumalpet APMC,Yam(Ratalu),Yam (Ratalu),Local,2026-09-20,8000.0,9000.0,8500.0
Tamil Nadu,Coimbatore,Udumalpet APMC,Onion Green,Onion Green,Local,2026-09-20,8500.0,10500.0,9500.0
West Bengal,Darjeeling,Siliguri APMC,Squash(Chappal Kadoo),Other,FAQ,2026-09-20,800.0,1000.0,900.0
Madhya Pradesh,Khargone,Bhikangaon APMC,Wheat,Wheat,FAQ,2026-09-20,2554.0,2760.0,2690.0
Madhya Pradesh,Khargone,Bhikangaon APMC,Maize,Local,FAQ,2026-09-20,1506.0,2430.0,1620.0
Madhya Pradesh,Khargone,Bhikangaon APMC,Soyabean,Soyabeen,FAQ,2026-09-20,6221.0,6221.0,6221.0
Tamil Nadu,Erode,Gobichettipalayam(Uzhavar Sandhai ),Groundnut,Big (With Shell),Local,2026-09-20,4500.0,5000.0,4750.0
Tamil Nadu,Erode,Gobichettipalayam(Uzhavar Sandhai ),Potato,Red Nanital,Local,2026-09-20,3600.0,4000.0,3800.0
Tamil Nadu,Erode,Gobichettipalayam(Uzhavar Sandhai ),Cauliflower,Ranchi,Local,2026-09-20,4000.0,4500.0,4250.0
Tamil Nadu,Erode,Gobichettipalayam(Uzhavar Sandhai ),Cluster beans,Cluster Beans,Local,2026-09-20,2200.0,2400.0,2300.0
Tamil Nadu,Erode,Gobichettipalayam(Uzhavar Sandhai ),Ginger(Green),Green Ginger,Local,2026-09-20,7800.0,8000.0,7900.0
Tamil Nadu,Erode,Gobichettipalayam(Uzhavar Sandhai ),Cabbage,Cabbage,Local,2026-09-20,1800.0,2000.0,1900.0
Tamil Nadu,Erode,Gobichettipalayam(Uzhavar Sandhai ),Beetroot,Beetroot,Local,2026-09-20,6500.0,7000.0,6750.0
Tamil Nadu,Erode,Gobichettipalayam(Uzhavar Sandhai ),Raddish,Raddish,Local,2026-09-20,2000.0,2200.0,2100.0
Tamil Nadu,Erode,Gobichettipalayam(Uzhavar Sandhai ),Green Avare(W),Green Avare (W),Local,2026-09-20,5500.0,6000.0,5750.0
Tamil Nadu,Erode,Gobichettipalayam(Uzhavar Sandhai ),Elephant Yam(Suran)/Amorphophallus,Elephant Yam (Suran),Local,2026-09-20,2500.0,3000.0,2750.0
Tamil Nadu,Erode,Gobichettipalayam(Uzhavar Sandhai ),Lemon,Lemon,Local,2026-09-20,17500.0,18000.0,17750.0
Tamil Nadu,Erode,Gobichettipalayam(Uzhavar Sandhai ),Mint(Pudina),Mint(Pudina),Local,2026-09-20,4200.0,4500.0,4350.0
West Bengal,Puruliya,Balarampur APMC,Rice,Other,FAQ,2026-09-20,3500.0,3700.0,3620.0
West Bengal,Puruliya,Balarampur APMC,Mustard Oil,Other,FAQ,2026-09-20,19200.0,19700.0,19500.0
West Bengal,Puruliya,Balarampur APMC,Masur Dal,Masur Dal,FAQ,2026-09-20,9200.0,10800.0,9800.0
West Bengal,Puruliya,Balarampur APMC,Onion,Other,FAQ,2026-09-20,4800.0,5500.0,5200.0
Punjab,Tarntaran,Bhikhiwind APMC,Bitter gourd,Bitter Gourd,Local,2026-09-20,1000.0,1000.0,1000.0
Tamil Nadu,Erode,Sampath Nagar(Uzhavar Sandhai ),Banana,Besrai,Local,2026-09-20,2500.0,2800.0,2650.0
Tamil Nadu,Erode,Sampath Nagar(Uzhavar Sandhai ),Brinjal,Other,Local,2026-09-20,2000.0,2500.0,2250.0
Tamil Nadu,Erode,Sampath Nagar(Uzhavar Sandhai ),Bottle gourd,Bottle Gourd,Local,2026-09-20,1500.0,2000.0,1750.0
Tamil Nadu,Erode,Sampath Nagar(Uzhavar Sandhai ),Green Chilli,Green Chilly,Local,2026-09-20,5200.0,5500.0,5350.0
Tamil Nadu,Erode,Sampath Nagar(Uzhavar Sandhai ),Beans,Beans (Whole),Local,2026-09-20,7500.0,7800.0,7650.0
Tamil Nadu,Erode,Sampath Nagar(Uzhavar Sandhai ),Ginger(Green),Green Ginger,Local,2026-09-20,16000.0,16400.0,16200.0
Tamil Nadu,Erode,Sampath Nagar(Uzhavar Sandhai ),Cabbage,Cabbage,Local,2026-09-20,2000.0,2200.0,2100.0
Himachal Pradesh,Kullu,SMY Bandrol,Cauliflower,Other,FAQ,2026-09-20,1200.0,2500.0,1800.0
Himachal Pradesh,Kullu,SMY Bandrol,Cabbage,Other,FAQ,2026-09-20,800.0,2000.0,1300.0
Himachal Pradesh,Kullu,SMY Bandrol,Tomato,Other,FAQ,2026-09-20,1000.0,2200.0,1500.0
Uttar Pradesh,Kannuj,Kannauj APMC,Rice,Common,FAQ,2026-09-20,2600.0,2600.0,2600.0
Tripura,Khowai,Kalyanpur APMC,Fish,Katla(Big),FAQ,2026-09-20,28000.0,30000.0,29000.0
Tripura,Khowai,Kalyanpur APMC,Ginger(Green),Green Ginger,FAQ,2026-09-20,9500.0,9700.0,9600.0
Tripura,Khowai,Kalyanpur APMC,Potato,Jalander,FAQ,2026-09-20,1750.0,1900.0,1800.0
Tamil Nadu,Vellore,Pallikonda(Uzhavar Sandhai),Onion,Bellary,Local,2026-09-20,5500.0,6000.0,5750.0
Tamil Nadu,Vellore,Pallikonda(Uzhavar Sandhai),Brinjal,Round,Local,2026-09-20,4500.0,5000.0,4750.0
Tamil Nadu,Vellore,Pallikonda(Uzhavar Sandhai),Tomato,Deshi,Local,2026-09-20,2400.0,2600.0,2500.0
Tamil Nadu,Vellore,Pallikonda(Uzhavar Sandhai),Cluster beans,Cluster Beans,Local,2026-09-20,3500.0,3500.0,3500.0
Tamil Nadu,Vellore,Pallikonda(Uzhavar Sandhai),Amaranthus,Amaranthus,Local,2026-09-20,3000.0,3500.0,3250.0
Tamil Nadu,Vellore,Pallikonda(Uzhavar Sandhai),Banana - Green,Banana - Green,Local,2026-09-20,2500.0,3000.0,2750.0
Tamil Nadu,Vellore,Pallikonda(Uzhavar Sandhai),Carrot,Pusakesar,Local,2026-09-20,4000.0,4500.0,4250.0
Tamil Nadu,Vellore,Pallikonda(Uzhavar Sandhai),Ridgeguard(Tori),Ridgeguard(Tori),Local,2026-09-20,3000.0,3500.0,3250.0
Andhra Pradesh,Kakinada,Samalkot APMC,Paddy(Common),Paddy,FAQ,2026-09-20,2339.0,2345.0,2340.0
Tamil Nadu,Pudukkottai,Ponnamaravathi(Uzhavar Sandhai),Brinjal,Round,Local,2026-09-20,6000.0,7000.0,6500.0
Tamil Nadu,Pudukkottai,Ponnamaravathi(Uzhavar Sandhai),Cluster beans,Cluster Beans,Local,2026-09-20,3000.0,4000.0,3500.0
Tamil Nadu,Pudukkottai,Ponnamaravathi(Uzhavar Sandhai),Bhindi(Ladies Finger),Bhindi,Local,2026-09-20,2500.0,3000.0,2750.0
Odisha,Kalahandi,Bhawanipatna APMC,Brinjal,Brinjal,Local,2026-09-20,3200.0,3200.0,3200.0
Tamil Nadu,Nagapattinam,Mayiladuthurai(Uzhavar Sandhai ),Banana,Besrai,Local,2026-09-20,3600.0,4000.0,3800.0
Tamil Nadu,Nagapattinam,Mayiladuthurai(Uzhavar Sandhai ),Cauliflower,Ranchi,Local,2026-09-20,4500.0,5000.0,4750.0
Tamil Nadu,Nagapattinam,Mayiladuthurai(Uzhavar Sandhai ),Coriander(Leaves),I Sort,Local,2026-09-20,3600.0,4000.0,3800.0
Tamil Nadu,Nagapattinam,Mayiladuthurai(Uzhavar Sandhai ),Snakeguard,Snakeguard,Local,2026-09-20,3600.0,4000.0,3800.0
Tamil Nadu,Nagapattinam,Mayiladuthurai(Uzhavar Sandhai ),Beetroot,Beetroot,Local,2026-09-20,4500.0,5000.0,4750.0
Tamil Nadu,Nagapattinam,Mayiladuthurai(Uzhavar Sandhai ),Raddish,Raddish,Local,2026-09-20,2500.0,3000.0,2750.0
Tamil Nadu,Nagapattinam,Mayiladuthurai(Uzhavar Sandhai ),Yam(Ratalu),Yam (Ratalu),Local,2026-09-20,6000.0,7000.0,6500.0
Uttar Pradesh,Jaunpur,Jaunpur APMC,Wheat,Dara Mill Quality,FAQ,2026-09-20,2678.0,2678.0,2678.0
Uttar Pradesh,Mainpuri,Mainpuri APMC,Garlic,Other,FAQ,2026-09-20,8000.0,8000.0,8000.0
Uttar Pradesh,Mainpuri,Mainpuri APMC,Wheat,2329,FAQ,2026-09-20,2551.0,2551.0,2551.0
Tamil Nadu,Pudukkottai,Viralimalai(Uzhavar Sandhai ),Banana,Besrai,Local,2026-09-20,4500.0,5000.0,4750.0
Tamil Nadu,Pudukkottai,Viralimalai(Uzhavar Sandhai ),Cluster beans,Cluster Beans,Local,2026-09-20,3500.0,4000.0,3750.0
Tamil Nadu,Pudukkottai,Viralimalai(Uzhavar Sandhai ),Pumpkin,Pumpkin,Local,2026-09-20,1200.0,1500.0,1350.0
Tamil Nadu,Pudukkottai,Viralimalai(Uzhavar Sandhai ),Bhindi(Ladies Finger),Bhindi,Local,2026-09-20,2500.0,3000.0,2750.0
Tamil Nadu,Pudukkottai,Viralimalai(Uzhavar Sandhai ),Green Avare(W),Green Avare (W),Local,2026-09-20,6500.0,7000.0,6750.0
Tamil Nadu,Ramanathapuram,Kamuthi(Uzhavar Sandhai ),Coriander(Leaves),I Sort,Local,2026-09-20,7000.0,7500.0,7250.0
Tamil Nadu,Ramanathapuram,Paramakudi(Uzhavar Sandhai ),Brinjal,Round,Local,2026-09-20,6000.0,7000.0,6500.0
Tamil Nadu,Ramanathapuram,Paramakudi(Uzhavar Sandhai ),Ashgourd,Gouard,Local,2026-09-20,2000.0,2200.0,2100.0
Tamil Nadu,Ramanathapuram,Paramakudi(Uzhavar Sandhai ),Bhindi(Ladies Finger),Bhindi,Local,2026-09-20,5000.0,5500.0,5250.0
Tamil Nadu,Ramanathapuram,Paramakudi(Uzhavar Sandhai ),Amaranthus,Amaranthus,Local,2026-09-20,3500.0,4000.0,3750.0
Tamil Nadu,Ramanathapuram,Paramakudi(Uzhavar Sandhai ),Green Chilli,Green Chilly,Local,2026-09-20,6000.0,7000.0,6500.0
Tamil Nadu,Ramanathapuram,Paramakudi(Uzhavar Sandhai ),Ginger(Green),Green Ginger,Local,2026-09-20,16000.0,17000.0,16500.0
Tamil Nadu,Ramanathapuram,Paramakudi(Uzhavar Sandhai ),Coconut,Coconut,Local,2026-09-20,6500.0,7000.0,6750.0
Tamil Nadu,Ramanathapuram,Paramakudi(Uzhavar Sandhai ),Lemon,Lemon,Local,2026-09-20,18000.0,20000.0,19000.0
Tamil Nadu,Ramanathapuram,Paramakudi(Uzhavar Sandhai ),Mint(Pudina),Mint(Pudina),Local,2026-09-20,6500.0,7000.0,6750.0
Tamil Nadu,Pudukkottai,Alangudi(Uzhavar Sandhai ),Ashgourd,Gouard,Local,2026-09-20,1000.0,1500.0,1250.0
Tamil Nadu,Thiruvannamalai,Arani(Uzhavar Sandhai ),Onion,Bellary,Local,2026-09-20,5500.0,6000.0,5750.0
Tamil Nadu,Thiruvannamalai,Arani(Uzhavar Sandhai ),Brinjal,Round,Local,2026-09-20,5000.0,6000.0,5500.0
Tamil Nadu,Thiruvannamalai,Arani(Uzhavar Sandhai ),Coriander(Leaves),I Sort,Local,2026-09-20,4000.0,5000.0,4500.0
Tamil Nadu,Thiruvannamalai,Arani(Uzhavar Sandhai ),Papaya,Papaya,Local,2026-09-20,3500.0,4000.0,3750.0
Tamil Nadu,Thiruvannamalai,Arani(Uzhavar Sandhai ),Bitter gourd,Bitter Gourd,Local,2026-09-20,4000.0,4800.0,4400.0
Tamil Nadu,Thiruvannamalai,Arani(Uzhavar Sandhai ),Bottle gourd,Bottle Gourd,Local,2026-09-20,1500.0,2000.0,1750.0
Tamil Nadu,Thiruvannamalai,Arani(Uzhavar Sandhai ),Amaranthus,Amaranthus,Local,2026-09-20,1500.0,2000.0,1750.0
Tamil Nadu,Thiruvannamalai,Arani(Uzhavar Sandhai ),Ginger(Green),Green Ginger,Local,2026-09-20,15000.0,18000.0,16500.0
Tamil Nadu,Thiruvannamalai,Arani(Uzhavar Sandhai ),Carrot,Pusakesar,Local,2026-09-20,5000.0,6000.0,5500.0
Tamil Nadu,Thiruvannamalai,Arani(Uzhavar Sandhai ),Snakeguard,Snakeguard,Local,2026-09-20,2500.0,3000.0,2750.0
Tamil Nadu,Thiruvannamalai,Arani(Uzhavar Sandhai ),Beetroot,Beetroot,Local,2026-09-20,3500.0,4200.0,3850.0
Tamil Nadu,Thiruvannamalai,Arani(Uzhavar Sandhai ),Ridgeguard(Tori),Ridgeguard(Tori),Local,2026-09-20,2500.0,3000.0,2750.0
Tamil Nadu,Thiruvannamalai,Arani(Uzhavar Sandhai ),Drumstick,Drumstick,Local,2026-09-20,3500.0,4200.0,3850.0
Tamil Nadu,Thiruvannamalai,Arani(Uzhavar Sandhai ),Knool Khol,Knool Khol,Local,2026-09-20,2500.0,3000.0,2750.0
Tamil Nadu,Thiruvannamalai,Arani(Uzhavar Sandhai ),Lemon,Lemon,Local,2026-09-20,10000.0,12000.0,11000.0
Tamil Nadu,Thiruvannamalai,Polur(Uzhavar Sandhai ),Onion,Bellary,Local,2026-09-20,5000.0,6000.0,5500.0
Tamil Nadu,Thiruvannamalai,Polur(Uzhavar Sandhai ),Potato,Red Nanital,Local,2026-09-20,3300.0,4000.0,3650.0
Tamil Nadu,Thiruvannamalai,Polur(Uzhavar Sandhai ),Pumpkin,Pumpkin,Local,2026-09-20,1600.0,2000.0,1800.0
Tamil Nadu,Thiruvannamalai,Polur(Uzhavar Sandhai ),Cabbage,Cabbage,Local,2026-09-20,2500.0,3000.0,2750.0
Tamil Nadu,Thiruvannamalai,Polur(Uzhavar Sandhai ),Drumstick,Drumstick,Local,2026-09-20,4000.0,4800.0,4400.0
Tamil Nadu,Thiruvannamalai,Polur(Uzhavar Sandhai ),Tender Coconut,Tender Coconut,Local,2026-09-20,1500.0,2000.0,1750.0
Tamil Nadu,Thiruvannamalai,Polur(Uzhavar Sandhai ),Onion Green,Onion Green,Local,2026-09-20,5000.0,6000.0,5500.0
Tamil Nadu,Thiruvannamalai,Polur(Uzhavar Sandhai ),Mint(Pudina),Mint(Pudina),Local,2026-09-20,3300.0,4000.0,3650.0
Tamil Nadu,Thiruvannamalai,Polur(Uzhavar Sandhai ),Rose(Local),Rose (Local),Local,2026-09-20,16000.0,20000.0,18000.0
Tamil Nadu,Thiruvannamalai,Tiruvannamalai(Uzhavar Sandhai ),Groundnut,Big (With Shell),Local,2026-09-20,8000.0,10000.0,9000.0
Tamil Nadu,Thiruvannamalai,Tiruvannamalai(Uzhavar Sandhai ),Banana,Besrai,Local,2026-09-20,5000.0,6000.0,5500.0
Tamil Nadu,Thiruvannamalai,Tiruvannamalai(Uzhavar Sandhai ),Grapes,Annabesahai,Local,2026-09-20,8000.0,10000.0,9000.0
Tamil Nadu,Thiruvannamalai,Tiruvannamalai(Uzhavar Sandhai ),Bottle gourd,Bottle Gourd,Local,2026-09-20,2000.0,2500.0,2250.0
Tamil Nadu,Thiruvannamalai,Tiruvannamalai(Uzhavar Sandhai ),Ashgourd,Gouard,Local,2026-09-20,2000.0,2500.0,2250.0
Tamil Nadu,Thiruvannamalai,Tiruvannamalai(Uzhavar Sandhai ),Amaranthus,Amaranthus,Local,2026-09-20,3500.0,4000.0,3750.0
Tamil Nadu,Thiruvannamalai,Tiruvannamalai(Uzhavar Sandhai ),Ridgeguard(Tori),Ridgeguard(Tori),Local,2026-09-20,4000.0,5000.0,4500.0
Tamil Nadu,Thiruvannamalai,Tiruvannamalai(Uzhavar Sandhai ),Guava,Guava Allahabad,Local,2026-09-20,5000.0,6000.0,5500.0
Tamil Nadu,Thiruvannamalai,Tiruvannamalai(Uzhavar Sandhai ),Pomegranate,Pomogranate,Local,2026-09-20,14000.0,16000.0,15000.0
Tamil Nadu,Thiruvannamalai,Tiruvannamalai(Uzhavar Sandhai ),Indian Beans(Seam),Indian Beans (Seam),Local,2026-09-20,5000.0,6000.0,5500.0
Tamil Nadu,Thiruvannamalai,Tiruvannamalai(Uzhavar Sandhai ),Lemon,Lemon,Local,2026-09-20,25000.0,28000.0,26500.0
Tamil Nadu,Thiruvannamalai,Tiruvannamalai(Uzhavar Sandhai ),Mint(Pudina),Mint(Pudina),Local,2026-09-20,5000.0,6000.0,5500.0
Tamil Nadu,Thiruvarur,Mannargudi I(Uzhavar Sandhai ),Banana,Other,Local,2026-09-20,6000.0,6000.0,6000.0
Tamil Nadu,Thiruvarur,Mannargudi I(Uzhavar Sandhai ),Potato,Other,Local,2026-09-20,3000.0,3000.0,3000.0
Tamil Nadu,Thiruvarur,Mannargudi I(Uzhavar Sandhai ),Cauliflower,Ranchi,Local,2026-09-20,5600.0,5600.0,5600.0
Tamil Nadu,Thiruvarur,Mannargudi I(Uzhavar Sandhai ),Brinjal,Round,Local,2026-09-20,3800.0,3800.0,3800.0
Tamil Nadu,Thiruvarur,Mannargudi I(Uzhavar Sandhai ),Ashgourd,Gouard,Local,2026-09-20,3000.0,3000.0,3000.0
Tamil Nadu,Thiruvarur,Mannargudi I(Uzhavar Sandhai ),Tapioca,Tapioca,Local,2026-09-20,4000.0,4000.0,4000.0
Tamil Nadu,Thiruvarur,Mannargudi I(Uzhavar Sandhai ),Mint(Pudina),Mint(Pudina),Local,2026-09-20,6500.0,6500.0,6500.0
Tamil Nadu,Thiruvarur,Mannargudi II(Uzhavar Sandhai ),Potato,Red Nanital,Local,2026-09-20,3000.0,3000.0,3000.0
Tamil Nadu,Thiruvarur,Mannargudi II(Uzhavar Sandhai ),Brinjal,Round,Local,2026-09-20,3800.0,3800.0,3800.0
Tamil Nadu,Thiruvarur,Mannargudi II(Uzhavar Sandhai ),Bottle gourd,Bottle Gourd,Local,2026-09-20,3000.0,3000.0,3000.0
Tamil Nadu,Thiruvarur,Mannargudi II(Uzhavar Sandhai ),Green Chilli,Green Chilly,Local,2026-09-20,4800.0,4800.0,4800.0
Tamil Nadu,Thiruvarur,Mannargudi II(Uzhavar Sandhai ),Carrot,Pusakesar,Local,2026-09-20,4600.0,4600.0,4600.0
Tamil Nadu,Thiruvarur,Mannargudi II(Uzhavar Sandhai ),Cabbage,Cabbage,Local,2026-09-20,3400.0,3400.0,3400.0
Tamil Nadu,Thiruvarur,Mannargudi II(Uzhavar Sandhai ),Mango(Raw-Ripe),Mango - Raw-Ripe,Local,2026-09-20,9000.0,9000.0,9000.0
Tamil Nadu,Thiruvarur,Mannargudi II(Uzhavar Sandhai ),Lime,Lime,Local,2026-09-20,4000.0,4000.0,4000.0
Tamil Nadu,Thiruvarur,Tiruthuraipoondi(Uzhavar Sandhai ),Banana,Besrai,Local,2026-09-20,4000.0,4000.0,4000.0
Tamil Nadu,Thiruvarur,Tiruthuraipoondi(Uzhavar Sandhai ),Mango,Safeda,Local,2026-09-20,8000.0,8000.0,8000.0
Tamil Nadu,Thiruvarur,Tiruthuraipoondi(Uzhavar Sandhai ),Brinjal,Round,Local,2026-09-20,4000.0,4000.0,4000.0
Tamil Nadu,Thiruvarur,Tiruthuraipoondi(Uzhavar Sandhai ),Bottle gourd,Bottle Gourd,Local,2026-09-20,3000.0,3000.0,3000.0
Tamil Nadu,Thiruvarur,Tiruthuraipoondi(Uzhavar Sandhai ),Snakeguard,Snakeguard,Local,2026-09-20,3500.0,4000.0,3750.0
Tamil Nadu,Thiruvellore,Paruthipattu(Uzhavar Sandhai ),Potato,Red Nanital,Local,2026-09-20,4000.0,4000.0,4000.0
Tamil Nadu,Thiruvellore,Paruthipattu(Uzhavar Sandhai ),Bitter gourd,Bitter Gourd,Local,2026-09-20,5000.0,5000.0,5000.0
Tamil Nadu,Thiruvellore,Paruthipattu(Uzhavar Sandhai ),Cabbage,Cabbage,Local,2026-09-20,4000.0,4000.0,4000.0
Tamil Nadu,Thiruvellore,Paruthipattu(Uzhavar Sandhai ),Green Avare(W),Green Avare (W),Local,2026-09-20,7000.0,7000.0,7000.0
Tamil Nadu,Thiruvellore,Perambakkam(Uzhavar Sandhai ),Onion,Bellary,Local,2026-09-20,5000.0,5000.0,5000.0
Tamil Nadu,Thiruvellore,Perambakkam(Uzhavar Sandhai ),Amaranthus,Amaranthus,Local,2026-09-20,3000.0,3000.0,3000.0
Tamil Nadu,Thiruvellore,Perambakkam(Uzhavar Sandhai ),Rose(Local),Rose (Local),Local,2026-09-20,14000.0,14000.0,14000.0
Tamil Nadu,Tuticorin,Kovilpatti(Uzhavar Sandhai ),Potato,Other,Local,2026-09-20,3500.0,4000.0,3750.0
Tamil Nadu,Tuticorin,Kovilpatti(Uzhavar Sandhai ),Coriander(Leaves),I Sort,Local,2026-09-20,4500.0,5000.0,4750.0
Tamil Nadu,Tuticorin,Kovilpatti(Uzhavar Sandhai ),Papaya,Papaya,Local,2026-09-20,3500.0,4000.0,3750.0
Tamil Nadu,Tuticorin,Kovilpatti(Uzhavar Sandhai ),Bitter gourd,Other,Local,2026-09-20,11000.0,11500.0,11250.0
Tamil Nadu,Tuticorin,Kovilpatti(Uzhavar Sandhai ),Ashgourd,Gouard,Local,2026-09-20,2500.0,3000.0,2750.0
Tamil Nadu,Tuticorin,Kovilpatti(Uzhavar Sandhai ),Pumpkin,Pumpkin,Local,2026-09-20,3000.0,3500.0,3250.0
Tamil Nadu,Tuticorin,Kovilpatti(Uzhavar Sandhai ),Bhindi(Ladies Finger),Bhindi,Local,2026-09-20,2500.0,3000.0,2750.0
Tamil Nadu,Tuticorin,Kovilpatti(Uzhavar Sandhai ),Snakeguard,Snakeguard,Local,2026-09-20,4000.0,4500.0,4250.0
Tamil Nadu,Tuticorin,Kovilpatti(Uzhavar Sandhai ),Raddish,Raddish,Local,2026-09-20,3500.0,4000.0,3750.0
Tamil Nadu,Tuticorin,Kovilpatti(Uzhavar Sandhai ),Drumstick,Drumstick,Local,2026-09-20,4500.0,5000.0,4750.0
Tamil Nadu,Tuticorin,Kovilpatti(Uzhavar Sandhai ),Lime,Lime,Local,2026-09-20,12000.0,12500.0,12250.0
Tamil Nadu,Tuticorin,Kovilpatti(Uzhavar Sandhai ),Yam(Ratalu),Yam (Ratalu),Local,2026-09-20,5500.0,6000.0,5750.0
Tamil Nadu,Tuticorin,Kovilpatti(Uzhavar Sandhai ),Lemon,Lemon,Local,2026-09-20,19000.0,19500.0,19250.0
Tamil Nadu,Vellore,Gudiyatham(Uzhavar Sandhai ),Groundnut,Big (With Shell),Local,2026-09-20,7600.0,7600.0,7600.0
Tamil Nadu,Vellore,Gudiyatham(Uzhavar Sandhai ),Banana,Red Banana,Local,2026-09-20,8500.0,8500.0,8500.0
Tamil Nadu,Vellore,Gudiyatham(Uzhavar Sandhai ),Garlic,Garlic,Local,2026-09-20,24000.0,24000.0,24000.0
Tamil Nadu,Vellore,Gudiyatham(Uzhavar Sandhai ),Brinjal,Other,Local,2026-09-20,2500.0,3000.0,2750.0
Tamil Nadu,Vellore,Gudiyatham(Uzhavar Sandhai ),Bitter gourd,Bitter Gourd,Local,2026-09-20,4500.0,4500.0,4500.0
Tamil Nadu,Vellore,Gudiyatham(Uzhavar Sandhai ),Ashgourd,Gouard,Local,2026-09-20,2400.0,2400.0,2400.0
Tamil Nadu,Vellore,Gudiyatham(Uzhavar Sandhai ),Cowpea(Veg),Cowpea (Veg),Local,2026-09-20,5600.0,5600.0,5600.0
Tamil Nadu,Vellore,Gudiyatham(Uzhavar Sandhai ),Banana - Green,Banana - Green,Local,2026-09-20,3500.0,3500.0,3500.0
Tamil Nadu,Vellore,Gudiyatham(Uzhavar Sandhai ),Beans,Beans (Whole),Local,2026-09-20,7600.0,7600.0,7600.0
Tamil Nadu,Vellore,Gudiyatham(Uzhavar Sandhai ),Ginger(Green),Green Ginger,Local,2026-09-20,19000.0,19000.0,19000.0
Tamil Nadu,Vellore,Gudiyatham(Uzhavar Sandhai ),Cabbage,Cabbage,Local,2026-09-20,3000.0,3000.0,3000.0
Tamil Nadu,Vellore,Gudiyatham(Uzhavar Sandhai ),Thondekai,Thondekai,Local,2026-09-20,5000.0,5000.0,5000.0
Tamil Nadu,Vellore,Gudiyatham(Uzhavar Sandhai ),Knool Khol,Knool Khol,Local,2026-09-20,4600.0,4600.0,4600.0
Tamil Nadu,Vellore,Gudiyatham(Uzhavar Sandhai ),Mint(Pudina),Mint(Pudina),Local,2026-09-20,4000.0,4000.0,4000.0
Tamil Nadu,Vellore,Kahithapattarai(Uzhavar Sandhai ),Apple,American,Local,2026-09-20,18000.0,20000.0,19000.0
Tamil Nadu,Vellore,Kahithapattarai(Uzhavar Sandhai ),Orange,Darjeeling,Local,2026-09-20,6000.0,6000.0,6000.0
Tamil Nadu,Vellore,Kahithapattarai(Uzhavar Sandhai ),Onion,Bellary,Local,2026-09-20,6800.0,6800.0,6800.0
Tamil Nadu,Vellore,Kahithapattarai(Uzhavar Sandhai ),Coriander(Leaves),I Sort,Local,2026-09-20,3500.0,3500.0,3500.0
Tamil Nadu,Vellore,Kahithapattarai(Uzhavar Sandhai ),Raddish,Raddish,Local,2026-09-20,2500.0,2500.0,2500.0
Tamil Nadu,Vellore,Kahithapattarai(Uzhavar Sandhai ),Guava,Guava Allahabad,Local,2026-09-20,8000.0,8000.0,8000.0
Tamil Nadu,Vellore,Kahithapattarai(Uzhavar Sandhai ),Colacasia,Colacasia,Local,2026-09-20,4000.0,4000.0,4000.0
Haryana,Rewari,Rewari APMC,Onion,Medium,Medium,2026-09-20,4000.0,6500.0,5000.0
Haryana,Rewari,Rewari APMC,Banana,Other,Medium,2026-09-20,2500.0,4500.0,3500.0
Odisha,Dhenkanal,Hindol APMC,Bitter gourd,Bitter Gourd,Grade B,2026-09-20,4400.0,4600.0,4500.0
Odisha,Dhenkanal,Hindol APMC,Pumpkin,Pumpkin,Grade B,2026-09-20,1500.0,1800.0,1700.0
Tamil Nadu,Thiruvannamalai,Cheyyar(Uzhavar Sandhai ),Amaranthus,Amaranthus,Local,2026-09-20,2000.0,2500.0,2250.0
Tamil Nadu,Thiruvannamalai,Cheyyar(Uzhavar Sandhai ),Coconut,Coconut,Local,2026-09-20,3700.0,4500.0,4100.0
Tamil Nadu,Thiruvannamalai,Cheyyar(Uzhavar Sandhai ),Snakeguard,Snakeguard,Local,2026-09-20,2500.0,3000.0,2750.0
Tamil Nadu,Thiruvannamalai,Cheyyar(Uzhavar Sandhai ),Cucumbar(Kheera),Cucumbar,Local,2026-09-20,2500.0,3000.0,2750.0
Tamil Nadu,Thiruvannamalai,Cheyyar(Uzhavar Sandhai ),Ridgeguard(Tori),Ridgeguard(Tori),Local,2026-09-20,2500.0,3000.0,2750.0
Tamil Nadu,Thiruvannamalai,Cheyyar(Uzhavar Sandhai ),Thondekai,Thondekai,Local,2026-09-20,3200.0,4000.0,3600.0
Tamil Nadu,Thiruvannamalai,Cheyyar(Uzhavar Sandhai ),Green Avare(W),Other,Local,2026-09-20,4000.0,5000.0,4500.0
Tamil Nadu,Thiruvannamalai,Cheyyar(Uzhavar Sandhai ),Chow Chow,Chow Chow,Local,2026-09-20,2500.0,3000.0,2750.0
Tamil Nadu,Thiruvannamalai,Cheyyar(Uzhavar Sandhai ),Knool Khol,Knool Khol,Local,2026-09-20,2500.0,3000.0,2750.0
Andhra Pradesh,Markapuram,Markapur APMC,Cotton,Desi,FAQ,2026-09-20,8000.0,8000.0,8000.0
Andhra Pradesh,Dr.B.R.A.Konaseema,Mummidivaram APMC,Fish,Katla (Small),FAQ,2026-09-20,9900.0,10000.0,9900.0
Andhra Pradesh,YSR Kadapa,Rajampet APMC,Papaya,Papaya,Grade A,2026-09-20,1500.0,1700.0,1600.0
Tamil Nadu,Ariyalur,Ariyalur(Uzhavar Sandhai),Cluster beans,Cluster Beans,Local,2026-09-20,3000.0,3500.0,3250.0
Tamil Nadu,Ariyalur,Ariyalur(Uzhavar Sandhai),Amaranthus,Amaranthus,Local,2026-09-20,3000.0,3500.0,3250.0
Tamil Nadu,Ariyalur,Ariyalur(Uzhavar Sandhai),Green Chilli,Green Chilly,Local,2026-09-20,5000.0,5500.0,5250.0
Tamil Nadu,Ariyalur,Ariyalur(Uzhavar Sandhai),Ginger(Green),Green Ginger,Local,2026-09-20,17000.0,18000.0,17500.0
Tamil Nadu,Ariyalur,Ariyalur(Uzhavar Sandhai),Coconut,Coconut,Local,2026-09-20,6000.0,6500.0,6250.0
Tamil Nadu,Ariyalur,Ariyalur(Uzhavar Sandhai),Raddish,Raddish,Local,2026-09-20,3000.0,3500.0,3250.0
Madhya Pradesh,Ujjain,Ujjain(F&V) APMC,Capsicum,Capsicum,Medium,2026-09-20,875.0,2770.0,1927.0
Madhya Pradesh,Ujjain,Ujjain(F&V) APMC,Brinjal,Brinjal,Medium,2026-09-20,650.0,2100.0,1246.0
Madhya Pradesh,Ujjain,Ujjain(F&V) APMC,Cauliflower,Cauliflower,Medium,2026-09-20,500.0,1730.0,851.0
Madhya Pradesh,Ujjain,Ujjain(F&V) APMC,Ginger(Green),Green Ginger,Medium,2026-09-20,700.0,2940.0,1873.0
Madhya Pradesh,Ujjain,Ujjain(F&V) APMC,Spinach,Spinach,Medium,2026-09-20,430.0,1965.0,916.0
Uttarakhand,Nanital,Haldwani APMC,Pumpkin,Other,FAQ,2026-09-20,800.0,1200.0,1000.0
Uttarakhand,Nanital,Haldwani APMC,Capsicum,Other,FAQ,2026-09-20,2200.0,2800.0,2500.0
Uttarakhand,Nanital,Haldwani APMC,Banana,Other,Grade A,2026-09-20,900.0,1100.0,1000.0
Andhra Pradesh,SPSR Nellore,Sarvepalli APMC,Lime,Lime,Grade A,2026-09-20,10000.0,17000.0,14000.0
Uttar Pradesh,Amroha,Amroha APMC,Tendu Leaves/Kendu leaves/Bidi Leaves,Other,FAQ,2026-09-20,13000.0,13000.0,13000.0
Uttar Pradesh,Kasganj,Ganj Dundwara APMC,Rice,Common,FAQ,2026-09-20,2700.0,2700.0,2700.0
Rajasthan,Tonk,Malpura APMC,Barley(Jau),Other,FAQ,2026-09-20,2490.0,2503.0,2500.0
Rajasthan,Tonk,Malpura APMC,Black Gram(Urd Beans)(Whole),Other,FAQ,2026-09-20,7500.0,7900.0,7860.0
Rajasthan,Tonk,Malpura APMC,Maize,Other,FAQ,2026-09-20,2500.0,2600.0,2550.0
Punjab,Gurdaspur,Dhariwal APMC,Bhindi(Ladies Finger),Bhindi,Grade A,2026-09-20,870.0,870.0,870.0
Punjab,Gurdaspur,Dhariwal APMC,Onion,Onion,Grade A,2026-09-20,1550.0,1550.0,1550.0
Punjab,Hoshiarpur,Dasuya APMC,Apple,Apple,Grade B,2026-09-20,7500.0,7500.0,7500.0
Punjab,Hoshiarpur,Dasuya APMC,Bitter gourd,Bitter Gourd,FAQ,2026-09-20,3200.0,3200.0,3200.0
Punjab,Hoshiarpur,Dasuya APMC,Capsicum,Capsicum,FAQ,2026-09-20,4500.0,4500.0,4500.0
Punjab,Hoshiarpur,Dasuya APMC,Tomato,Tomato,FAQ,2026-09-20,4000.0,4000.0,4000.0
Odisha,Mayurbhanja,Betnoti APMC,Bitter gourd,Bitter Gourd,FAQ,2026-09-20,3800.0,4200.0,4000.0
Odisha,Mayurbhanja,Betnoti APMC,Cucumbar(Kheera),Cucumbar,FAQ,2026-09-20,2800.0,3200.0,3000.0
Tamil Nadu,Coimbatore,Sundarapuram(Uzhavar Sandhai ),Amaranthus,Amaranthus,Local,2026-09-20,5500.0,6500.0,6000.0
Tamil Nadu,Coimbatore,Sundarapuram(Uzhavar Sandhai ),Banana - Green,Banana - Green,Local,2026-09-20,4000.0,4500.0,4250.0
Tamil Nadu,Coimbatore,Sundarapuram(Uzhavar Sandhai ),Coconut,Coconut,Local,2026-09-20,5500.0,5800.0,5650.0
Tamil Nadu,Coimbatore,Sundarapuram(Uzhavar Sandhai ),Green Avare(W),Green Avare (W),Local,2026-09-20,6000.0,6500.0,6250.0
Haryana,Gurgaon,Gurgaon APMC,Banana,Other,Grade B,2026-09-20,3000.0,4000.0,3500.0
Haryana,Gurgaon,Gurgaon APMC,Onion,Other,Grade A,2026-09-20,4000.0,4500.0,4250.0
Punjab,Amritsar,Majitha APMC,Brinjal,Brinjal,Local,2026-09-20,800.0,800.0,800.0
Punjab,Amritsar,Majitha APMC,Spinach,Spinach,Local,2026-09-20,2000.0,2000.0,2000.0
Punjab,Tarntaran,Khadur Sahib(Fetehabad) APMC,Spinach,Other,Grade B,2026-09-20,1800.0,1800.0,1800.0
Punjab,Tarntaran,Khadur Sahib(Fetehabad) APMC,Brinjal,Other,Grade B,2026-09-20,1500.0,1500.0,1500.0
Tamil Nadu,Erode,Sathiyamagalam(Uzhavar Sandhai ),Potato,Other,Local,2026-09-20,3500.0,4000.0,3750.0
Tamil Nadu,Erode,Sathiyamagalam(Uzhavar Sandhai ),Cluster beans,Cluster Beans,Local,2026-09-20,3500.0,4000.0,3750.0
Tamil Nadu,Erode,Sathiyamagalam(Uzhavar Sandhai ),Bottle gourd,Bottle Gourd,Local,2026-09-20,1500.0,2000.0,1750.0
Tamil Nadu,Erode,Sathiyamagalam(Uzhavar Sandhai ),Ashgourd,Gouard,Local,2026-09-20,2000.0,2300.0,2150.0
Tamil Nadu,Erode,Sathiyamagalam(Uzhavar Sandhai ),Bhindi(Ladies Finger),Bhindi,Local,2026-09-20,3500.0,4000.0,3750.0
Tamil Nadu,Erode,Sathiyamagalam(Uzhavar Sandhai ),Amaranthus,Amaranthus,Local,2026-09-20,3500.0,4000.0,3750.0
Tamil Nadu,Erode,Sathiyamagalam(Uzhavar Sandhai ),Snakeguard,Snakeguard,Local,2026-09-20,3000.0,3500.0,3250.0
Tamil Nadu,Erode,Sathiyamagalam(Uzhavar Sandhai ),Green Avare(W),Other,Local,2026-09-20,6000.0,6400.0,6200.0
Tamil Nadu,Erode,Sathiyamagalam(Uzhavar Sandhai ),Chow Chow,Chow Chow,Local,2026-09-20,2500.0,3000.0,2750.0
Tamil Nadu,Erode,Sathiyamagalam(Uzhavar Sandhai ),Drumstick,Drumstick,Local,2026-09-20,4000.0,4300.0,4150.0
Tamil Nadu,Coimbatore,Mettupalayam(Uzhavar Sandhai ),Apple,American,Local,2026-09-20,18000.0,20000.0,19000.0
Tamil Nadu,Coimbatore,Mettupalayam(Uzhavar Sandhai ),Onion,Bellary,Local,2026-09-20,5800.0,6400.0,6100.0
Tamil Nadu,Coimbatore,Mettupalayam(Uzhavar Sandhai ),Bhindi(Ladies Finger),Bhindi,Local,2026-09-20,3500.0,4000.0,3750.0
Tamil Nadu,Coimbatore,Mettupalayam(Uzhavar Sandhai ),Cowpea(Veg),Cowpea (Veg),Local,2026-09-20,3000.0,3500.0,3250.0
Tamil Nadu,Coimbatore,Mettupalayam(Uzhavar Sandhai ),Sweet Potato,Hosur Red,Local,2026-09-20,5000.0,5500.0,5250.0
Tamil Nadu,Coimbatore,Mettupalayam(Uzhavar Sandhai ),Cabbage,Cabbage,Local,2026-09-20,2500.0,3000.0,2750.0
Tamil Nadu,Coimbatore,Mettupalayam(Uzhavar Sandhai ),Snakeguard,Snakeguard,Local,2026-09-20,3000.0,3500.0,3250.0
Tamil Nadu,Coimbatore,Mettupalayam(Uzhavar Sandhai ),Green Avare(W),Green Avare (W),Local,2026-09-20,5500.0,6000.0,5750.0
Tamil Nadu,Coimbatore,Mettupalayam(Uzhavar Sandhai ),Pomegranate,Pomogranate,Local,2026-09-20,12000.0,15000.0,13500.0
Tamil Nadu,Coimbatore,Mettupalayam(Uzhavar Sandhai ),Mashrooms,Mashrooms,Local,2026-09-20,16000.0,20000.0,18000.0
Telangana,Hyderabad,RYTHU BAZAR MEHDIPATNAM,Colacasia,Colacasia,Grade A,2026-09-20,2800.0,2800.0,2800.0
Telangana,Hyderabad,RYTHU BAZAR MEHDIPATNAM,Field Pea,Field Pea,Grade A,2026-09-20,4500.0,4500.0,4500.0
Telangana,Hyderabad,RYTHU BAZAR MEHDIPATNAM,Onion,1st Sort,Grade A,2026-09-20,4000.0,4000.0,4000.0
Telangana,Hyderabad,RYTHU BAZAR MEHDIPATNAM,Banana - Green,Banana - Green,Grade A,2026-09-20,1000.0,1000.0,1000.0
Uttar Pradesh,Auraiya,Dibiapur APMC,Wheat,Dara,FAQ,2026-09-20,2550.0,2550.0,2550.0
Tamil Nadu,Namakkal,Tiruchengode APMC,Brinjal,Other,Local,2026-09-20,5400.0,6000.0,5700.0
Tamil Nadu,Namakkal,Tiruchengode APMC,Amaranthus,Amaranthus,Local,2026-09-20,3500.0,4000.0,3750.0
Tamil Nadu,Namakkal,Tiruchengode APMC,Banana - Green,Banana - Green,Local,2026-09-20,4000.0,4500.0,4250.0
Tamil Nadu,Namakkal,Tiruchengode APMC,Beans,Beans (Whole),Local,2026-09-20,6800.0,7500.0,7150.0
Tamil Nadu,Namakkal,Tiruchengode APMC,Ginger(Green),Green Ginger,Local,2026-09-20,16000.0,18000.0,17000.0
Tamil Nadu,Namakkal,Tiruchengode APMC,Cucumbar(Kheera),Cucumbar,Local,2026-09-20,8000.0,9000.0,8500.0
Tamil Nadu,Namakkal,Tiruchengode APMC,Onion Green,Onion Green,Local,2026-09-20,7000.0,8000.0,7500.0
Tamil Nadu,Namakkal,Tiruchengode APMC,Mint(Pudina),Mint(Pudina),Local,2026-09-20,4500.0,5000.0,4750.0
Telangana,Siddipet,Vantamamidi APMC,Green Chilli,Green Chilly,Local,2026-09-20,1500.0,1500.0,1500.0
Telangana,Siddipet,Vantamamidi APMC,Ridgeguard(Tori),Ridgeguard(Tori),Local,2026-09-20,1400.0,2000.0,1700.0
Telangana,Khammam,Nelakondapally APMC,Paddy(Common),HMT,Local,2026-09-20,2360.0,2400.0,2389.0
Tamil Nadu,Ariyalur,Jeyankondam (Uzhavar Sandhai ),Tomato,Deshi,Local,2026-09-20,2600.0,3000.0,2800.0
Tamil Nadu,Ariyalur,Jeyankondam (Uzhavar Sandhai ),Bhindi(Ladies Finger),Bhindi,Local,2026-09-20,3400.0,3800.0,3600.0
Uttar Pradesh,Siddharth Nagar,Naugarh APMC,Wood,Other,FAQ,2026-09-20,500.0,500.0,500.0
Telangana,Hyderabad,RYTHU BAZAR ERRAGADDA,Onion,1st Sort,Grade A,2026-09-20,4000.0,4000.0,4000.0
Telangana,Hyderabad,RYTHU BAZAR ERRAGADDA,Wild Cucumber,Wild Cucumber,Grade A,2026-09-20,23.0,23.0,23.0
Telangana,Hyderabad,RYTHU BAZAR ERRAGADDA,Field Pea,Field Pea,Grade A,2026-09-20,4500.0,4500.0,4500.0
Telangana,Hyderabad,RYTHU BAZAR ERRAGADDA,Drumstick,Drumstick,Grade A,2026-09-20,4500.0,4500.0,4500.0
Telangana,Hyderabad,RYTHU BAZAR ERRAGADDA,Other green and fresh vegetables,Other,Grade A,2026-09-20,1500.0,1500.0,1500.0
Tamil Nadu,Coimbatore,RSPuram(Uzhavar Sandhai ),Groundnut,Big (With Shell),Local,2026-09-20,6500.0,7000.0,6750.0
Tamil Nadu,Coimbatore,RSPuram(Uzhavar Sandhai ),Orange,Darjeeling,Local,2026-09-20,14000.0,17000.0,15500.0
Tamil Nadu,Coimbatore,RSPuram(Uzhavar Sandhai ),Banana,Red Banana,Local,2026-09-20,8000.0,8600.0,8300.0
Tamil Nadu,Coimbatore,RSPuram(Uzhavar Sandhai ),Tomato,Local,Local,2026-09-20,2600.0,2800.0,2700.0
Tamil Nadu,Coimbatore,RSPuram(Uzhavar Sandhai ),Ashgourd,Gouard,Local,2026-09-20,1600.0,1800.0,1700.0
Tamil Nadu,Coimbatore,RSPuram(Uzhavar Sandhai ),Bhindi(Ladies Finger),Bhindi,Local,2026-09-20,4000.0,4600.0,4300.0
Tamil Nadu,Coimbatore,RSPuram(Uzhavar Sandhai ),Cowpea(Veg),Cowpea (Veg),Local,2026-09-20,3800.0,4200.0,4000.0
Tamil Nadu,Coimbatore,RSPuram(Uzhavar Sandhai ),Tapioca,Tapioca,Local,2026-09-20,3000.0,3500.0,3250.0
Tamil Nadu,Coimbatore,RSPuram(Uzhavar Sandhai ),Beetroot,Beetroot,Local,2026-09-20,5000.0,5500.0,5250.0
Tamil Nadu,Coimbatore,RSPuram(Uzhavar Sandhai ),Guava,Guava Allahabad,Local,2026-09-20,6000.0,7000.0,6500.0
Tamil Nadu,Coimbatore,RSPuram(Uzhavar Sandhai ),Tender Coconut,Tender Coconut,Local,2026-09-20,4000.0,4500.0,4250.0
Tamil Nadu,Coimbatore,RSPuram(Uzhavar Sandhai ),Yam(Ratalu),Yam (Ratalu),Local,2026-09-20,7500.0,8000.0,7750.0
Tamil Nadu,Coimbatore,RSPuram(Uzhavar Sandhai ),Indian Beans(Seam),Indian Beans (Seam),Local,2026-09-20,6000.0,6500.0,6250.0
Tamil Nadu,Coimbatore,RSPuram(Uzhavar Sandhai ),Colacasia,Colacasia,Local,2026-09-20,4500.0,5000.0,4750.0
Tamil Nadu,Coimbatore,RSPuram(Uzhavar Sandhai ),Amla(Nelli Kai),Amla,Local,2026-09-20,11000.0,12200.0,11600.0
Tamil Nadu,Coimbatore,RSPuram(Uzhavar Sandhai ),Sweet Corn,Sweet Corn,Local,2026-09-20,3500.0,4000.0,3750.0
Tamil Nadu,Coimbatore,Singanallur(Uzhavar Sandhai ),Apple,American,Local,2026-09-20,20000.0,28000.0,24000.0
Tamil Nadu,Coimbatore,Singanallur(Uzhavar Sandhai ),Pineapple,Pine Apple,Local,2026-09-20,5000.0,6000.0,5500.0
Tamil Nadu,Coimbatore,Singanallur(Uzhavar Sandhai ),Onion,Bellary,Local,2026-09-20,5800.0,6200.0,6000.0
Tamil Nadu,Coimbatore,Singanallur(Uzhavar Sandhai ),Potato,Red Nanital,Local,2026-09-20,4000.0,7000.0,5500.0
Tamil Nadu,Coimbatore,Singanallur(Uzhavar Sandhai ),Bitter gourd,Bitter Gourd,Local,2026-09-20,4400.0,5000.0,4700.0
Tamil Nadu,Coimbatore,Singanallur(Uzhavar Sandhai ),Green Chilli,Green Chilly,Local,2026-09-20,5000.0,5600.0,5300.0
Tamil Nadu,Coimbatore,Singanallur(Uzhavar Sandhai ),Cowpea(Veg),Cowpea (Veg),Local,2026-09-20,3600.0,4000.0,3800.0
Tamil Nadu,Coimbatore,Singanallur(Uzhavar Sandhai ),Beans,Beans (Whole),Local,2026-09-20,6600.0,7200.0,6900.0
Tamil Nadu,Coimbatore,Singanallur(Uzhavar Sandhai ),Ginger(Green),Green Ginger,Local,2026-09-20,14000.0,16500.0,15250.0
Tamil Nadu,Coimbatore,Singanallur(Uzhavar Sandhai ),Carrot,Pusakesar,Local,2026-09-20,4000.0,4800.0,4400.0
Tamil Nadu,Coimbatore,Singanallur(Uzhavar Sandhai ),Raddish,Raddish,Local,2026-09-20,2800.0,3200.0,3000.0
Tamil Nadu,Coimbatore,Singanallur(Uzhavar Sandhai ),Thondekai,Thondekai,Local,2026-09-20,4000.0,4400.0,4200.0
Tamil Nadu,Coimbatore,Singanallur(Uzhavar Sandhai ),Drumstick,Drumstick,Local,2026-09-20,3600.0,4000.0,3800.0
Tamil Nadu,Coimbatore,Singanallur(Uzhavar Sandhai ),Knool Khol,Knool Khol,Local,2026-09-20,3800.0,4200.0,4000.0
Tamil Nadu,Coimbatore,Singanallur(Uzhavar Sandhai ),Elephant Yam(Suran)/Amorphophallus,Elephant Yam (Suran),Local,2026-09-20,3600.0,4000.0,3800.0
Tamil Nadu,Coimbatore,Singanallur(Uzhavar Sandhai ),Amla(Nelli Kai),Amla,Local,2026-09-20,11000.0,12000.0,11500.0
Odisha,Mayurbhanja,Narasinghpur APMC,Spiny Gourd / Kartali(Kantola),Kartali (Kantola),Local,2026-09-20,5000.0,16000.0,6000.0
Tamil Nadu,Coimbatore,Pollachi(Uzhavar Sandhai ),Banana,Red Banana,Local,2026-09-20,8000.0,9000.0,8500.0
Tamil Nadu,Coimbatore,Pollachi(Uzhavar Sandhai ),Bhindi(Ladies Finger),Bhindi,Local,2026-09-20,4500.0,5000.0,4750.0
Tamil Nadu,Coimbatore,Pollachi(Uzhavar Sandhai ),Green Chilli,Green Chilly,Local,2026-09-20,5500.0,6000.0,5750.0
Tamil Nadu,Coimbatore,Pollachi(Uzhavar Sandhai ),Coconut,Coconut,Local,2026-09-20,5500.0,6000.0,5750.0
Tamil Nadu,Coimbatore,Pollachi(Uzhavar Sandhai ),Carrot,Pusakesar,Local,2026-09-20,4500.0,5500.0,5000.0
Tamil Nadu,Coimbatore,Pollachi(Uzhavar Sandhai ),Snakeguard,Snakeguard,Local,2026-09-20,3500.0,3800.0,3650.0
Tamil Nadu,Coimbatore,Pollachi(Uzhavar Sandhai ),Tender Coconut,Tender Coconut,Local,2026-09-20,3500.0,4000.0,3750.0
Tamil Nadu,Coimbatore,Pollachi(Uzhavar Sandhai ),Elephant Yam(Suran)/Amorphophallus,Elephant Yam (Suran),Local,2026-09-20,3500.0,4000.0,3750.0
Uttar Pradesh,Mainpuri,Bewar APMC,Green Gram(Moong)(Whole),Other,FAQ,2026-09-20,8768.0,8768.0,8768.0
Uttar Pradesh,Jalaun (Orai),Ait APMC,Wheat,Other,FAQ,2026-09-20,2600.0,2601.0,2600.34
Odisha,Bargarh,Godbhaga APMC,Cauliflower,Other,Local,2026-09-20,3450.0,3800.0,3600.0
Odisha,Bargarh,Godbhaga APMC,Tomato,Other,Local,2026-09-20,1650.0,1950.0,1800.0
Odisha,Bargarh,Godbhaga APMC,Bottle gourd,Other,Local,2026-09-20,2000.0,2400.0,2200.0
Telangana,Ranga Reddy,"Vanasthalipuram,RBZ",Little gourd(Kundru),Little gourd (Kundru),Grade A,2026-09-20,3500.0,3500.0,3500.0
Telangana,Ranga Reddy,"Vanasthalipuram,RBZ",Brinjal,Brinjal,Grade A,2026-09-20,3500.0,3500.0,3500.0
Telangana,Ranga Reddy,"Vanasthalipuram,RBZ",Elephant Yam(Suran)/Amorphophallus,Elephant Yam (Suran),Grade A,2026-09-20,3500.0,3500.0,3500.0
Telangana,Ranga Reddy,"Vanasthalipuram,RBZ",Leafy Vegetable,Leafy Vegetables,Grade A,2026-09-20,5000.0,5000.0,5000.0
Tamil Nadu,Karur,Karur(Uzhavar Sandhai ),Tomato,Deshi,Local,2026-09-20,2500.0,3000.0,2750.0
Tamil Nadu,Karur,Karur(Uzhavar Sandhai ),Carrot,Pusakesar,Local,2026-09-20,5500.0,6000.0,5750.0
Tamil Nadu,Karur,Karur(Uzhavar Sandhai ),Thondekai,Thondekai,Local,2026-09-20,4500.0,5000.0,4750.0
Tamil Nadu,Karur,Karur(Uzhavar Sandhai ),Yam(Ratalu),Yam (Ratalu),Local,2026-09-20,9000.0,10000.0,9500.0
Tamil Nadu,Karur,Karur(Uzhavar Sandhai ),Lemon,Lemon,Local,2026-09-20,29500.0,30000.0,29750.0
Tamil Nadu,Karur,Karur(Uzhavar Sandhai ),Colacasia,Colacasia,Local,2026-09-20,6500.0,7000.0,6750.0
Tripura,South Tripura,Biokhora,Coriander(Leaves),Coriander,FAQ,2026-09-20,5500.0,5650.0,5580.0
Tamil Nadu,Coimbatore,Kurichi(Uzhavar Sandhai ),Cluster beans,Cluster Beans,Local,2026-09-20,3200.0,3800.0,3500.0
Tamil Nadu,Coimbatore,Kurichi(Uzhavar Sandhai ),Bottle gourd,Bottle Gourd,Local,2026-09-20,2500.0,3000.0,2750.0
Tamil Nadu,Coimbatore,Kurichi(Uzhavar Sandhai ),Bhindi(Ladies Finger),Bhindi,Local,2026-09-20,4500.0,5000.0,4750.0
Tamil Nadu,Coimbatore,Kurichi(Uzhavar Sandhai ),Lemon,Lemon,Local,2026-09-20,25000.0,26000.0,25500.0
Tamil Nadu,Coimbatore,Kurichi(Uzhavar Sandhai ),Mint(Pudina),Mint(Pudina),Local,2026-09-20,5500.0,6000.0,5750.0
Tamil Nadu,Cuddalore,Chidambaram(Uzhavar Sandhai ),Potato,Red Nanital,Local,2026-09-20,4000.0,4000.0,4000.0
Tamil Nadu,Cuddalore,Chidambaram(Uzhavar Sandhai ),Brinjal,Round,Local,2026-09-20,3000.0,4000.0,3500.0
Tamil Nadu,Cuddalore,Chidambaram(Uzhavar Sandhai ),Tomato,Local,Local,2026-09-20,3000.0,3000.0,3000.0
Tamil Nadu,Cuddalore,Chidambaram(Uzhavar Sandhai ),Bottle gourd,Bottle Gourd,Local,2026-09-20,3000.0,3000.0,3000.0
Tamil Nadu,Cuddalore,Cuddalore(Uzhavar Sandhai ),Coriander(Leaves),I Sort,Local,2026-09-20,5000.0,5000.0,5000.0
Tamil Nadu,Cuddalore,Cuddalore(Uzhavar Sandhai ),Amaranthus,Amaranthus,Local,2026-09-20,2000.0,3000.0,2500.0
Tamil Nadu,Cuddalore,Cuddalore(Uzhavar Sandhai ),Sweet Potato,Hosur Red,Local,2026-09-20,8000.0,10000.0,9000.0
Tamil Nadu,Cuddalore,Cuddalore(Uzhavar Sandhai ),Snakeguard,Snakeguard,Local,2026-09-20,3000.0,3000.0,3000.0
Tamil Nadu,Cuddalore,Cuddalore(Uzhavar Sandhai ),Ridgeguard(Tori),Ridgeguard(Tori),Local,2026-09-20,6000.0,6000.0,6000.0
Tamil Nadu,Cuddalore,Cuddalore(Uzhavar Sandhai ),Drumstick,Drumstick,Local,2026-09-20,6000.0,6000.0,6000.0
Tamil Nadu,Cuddalore,Cuddalore(Uzhavar Sandhai ),Onion Green,Onion Green,Local,2026-09-20,11000.0,11000.0,11000.0
Tamil Nadu,Tuticorin,Tuticorin(Uzhavar Sandhai ),Grapes,Annabesahai,Local,2026-09-20,13000.0,14000.0,13500.0
Tamil Nadu,Tuticorin,Tuticorin(Uzhavar Sandhai ),Potato,Other,Local,2026-09-20,3000.0,3500.0,3250.0
Tamil Nadu,Tuticorin,Tuticorin(Uzhavar Sandhai ),Bhindi(Ladies Finger),Bhindi,Local,2026-09-20,3000.0,3500.0,3250.0
Tamil Nadu,Tuticorin,Tuticorin(Uzhavar Sandhai ),Green Chilli,Green Chilly,Local,2026-09-20,7500.0,8000.0,7750.0
Tamil Nadu,Tuticorin,Tuticorin(Uzhavar Sandhai ),Beans,Beans (Whole),Local,2026-09-20,13000.0,14000.0,13500.0
Tamil Nadu,Tuticorin,Tuticorin(Uzhavar Sandhai ),Tapioca,Tapioca,Local,2026-09-20,3000.0,3500.0,3250.0
Tamil Nadu,Tuticorin,Tuticorin(Uzhavar Sandhai ),Raddish,Raddish,Local,2026-09-20,3000.0,3500.0,3250.0
Tamil Nadu,Tuticorin,Tuticorin(Uzhavar Sandhai ),Capsicum,Capsicum,Local,2026-09-20,7500.0,8000.0,7750.0
Tamil Nadu,Tuticorin,Tuticorin(Uzhavar Sandhai ),Green Avare(W),Other,Local,2026-09-20,11000.0,12000.0,11500.0
Tamil Nadu,Tuticorin,Tuticorin(Uzhavar Sandhai ),Amla(Nelli Kai),Amla,Local,2026-09-20,6500.0,7000.0,6750.0
Tamil Nadu,Tuticorin,Tuticorin(Uzhavar Sandhai ),Onion Green,Onion Green,Local,2026-09-20,9000.0,10000.0,9500.0
Assam,Tinsukia,Tinsukia Market,Raddish,Other,FAQ,2026-09-20,4000.0,6000.0,5000.0
Assam,Tinsukia,Tinsukia Market,Brinjal,Brinjal,FAQ,2026-09-20,2500.0,3500.0,3000.0
Assam,Tinsukia,Tinsukia Market,Potato,Potato,FAQ,2026-09-20,850.0,950.0,900.0
Assam,Tinsukia,Tinsukia Market,Cabbage,Cabbage,FAQ,2026-09-20,2500.0,3500.0,3000.0
Tamil Nadu,Nagercoil (Kannyiakumari),Vadaseri APMC,Bitter gourd,Bitter Gourd,Local,2026-09-20,5500.0,6000.0,5750.0
Tamil Nadu,Nagercoil (Kannyiakumari),Vadaseri APMC,Bottle gourd,Bottle Gourd,Local,2026-09-20,2200.0,2500.0,2350.0
Tamil Nadu,Nagercoil (Kannyiakumari),Vadaseri APMC,Pumpkin,Pumpkin,Local,2026-09-20,1500.0,1800.0,1650.0
Tamil Nadu,Nagercoil (Kannyiakumari),Vadaseri APMC,Tapioca,Tapioca,Local,2026-09-20,3500.0,4000.0,3750.0
Tamil Nadu,Nagercoil (Kannyiakumari),Vadaseri APMC,Lemon,Lemon,Local,2026-09-20,23000.0,25000.0,24000.0
Tamil Nadu,Nagercoil (Kannyiakumari),Vadaseri APMC,Amla(Nelli Kai),Amla,Local,2026-09-20,9000.0,10000.0,9500.0
Tamil Nadu,Nagercoil (Kannyiakumari),Vadaseri APMC,Onion Green,Onion Green,Local,2026-09-20,10000.0,11000.0,10500.0
Maharashtra,Ahilyanagar,APMC Rahata,Beetroot,Other,Local,2026-09-20,2000.0,2000.0,2000.0
Maharashtra,Ahilyanagar,APMC Rahata,Guar,Other,Local,2026-09-20,3000.0,7000.0,5000.0
Maharashtra,Ahilyanagar,APMC Rahata,Bitter gourd,Other,Local,2026-09-20,1000.0,2000.0,1500.0
Madhya Pradesh,Morena,Kailaras APMC,Pumpkin,Other,FAQ,2026-09-20,1200.0,1500.0,1500.0
Madhya Pradesh,Morena,Kailaras APMC,Water chestnut,Water chestnut,FAQ,2026-09-20,4000.0,4000.0,4000.0
Madhya Pradesh,Morena,Kailaras APMC,Ramphal,Ramphal,Medium,2026-09-20,500.0,500.0,500.0
Madhya Pradesh,Mandla,Mandla APMC,Kodo Millet(Varagu),Kondo,Non-FAQ,2026-09-20,2800.0,2835.0,2835.0
Madhya Pradesh,Ratlam,A lot APMC,Wheat,Wheat,FAQ,2026-09-20,2400.0,2400.0,2400.0
Tamil Nadu,Vellore,Thirupathur APMC,Potato,Red Nanital,Local,2026-09-20,3000.0,3000.0,3000.0
Tamil Nadu,Vellore,Thirupathur APMC,Coconut,Coconut,Local,2026-09-20,5000.0,5000.0,5000.0
Tamil Nadu,Vellore,Thirupathur APMC,Ridgeguard(Tori),Ridgeguard(Tori),Local,2026-09-20,4000.0,4000.0,4000.0
Tamil Nadu,Vellore,Thirupathur APMC,Tender Coconut,Tender Coconut,Local,2026-09-20,3000.0,3000.0,3000.0
Tamil Nadu,Vellore,Thirupathur APMC,Yam(Ratalu),Yam (Ratalu),Local,2026-09-20,4000.0,4000.0,4000.0
Tamil Nadu,Vellore,Vellore APMC,Apple,American,Local,2026-09-20,26000.0,26000.0,26000.0
Tamil Nadu,Vellore,Vellore APMC,Pumpkin,Pumpkin,Local,2026-09-20,2500.0,2500.0,2500.0
Tamil Nadu,Vellore,Vellore APMC,Amaranthus,Amaranthus,Local,2026-09-20,4000.0,4000.0,4000.0
Tamil Nadu,Vellore,Vellore APMC,Cabbage,Cabbage,Local,2026-09-20,3000.0,3000.0,3000.0
Tamil Nadu,Vellore,Vellore APMC,Snakeguard,Snakeguard,Local,2026-09-20,2000.0,2000.0,2000.0
Tamil Nadu,Vellore,Vellore APMC,Cucumbar(Kheera),Cucumbar,Local,2026-09-20,3000.0,3000.0,3000.0
Tamil Nadu,Vellore,Vellore APMC,Lemon,Lemon,Local,2026-09-20,15000.0,15000.0,15000.0
Tamil Nadu,Vellore,Vellore APMC,Onion Green,Onion Green,Local,2026-09-20,11000.0,11000.0,11000.0
Tamil Nadu,Vellore,Vellore APMC,Sweet Corn,Sweet Corn,Local,2026-09-20,3000.0,3000.0,3000.0
Bihar,Sheikhpura,Shekhpura APMC,Brinjal,Arkasheela Mattigulla,FAQ,2026-09-20,3776.0,3900.0,3840.0
Bihar,Sheikhpura,Shekhpura APMC,Cucumbar(Kheera),Cucumbar,FAQ,2026-09-20,3885.0,4015.0,3950.0
Madhya Pradesh,Rajgarh,Biaora APMC,Lentil(Masur)(Whole),Masur Dal,FAQ,2026-09-20,5755.0,6895.0,6895.0
Tamil Nadu,Dharmapuri,Harur(Uzhavar Sandhai ),Papaya,Papaya,Local,2026-09-20,2500.0,3000.0,2750.0
Tamil Nadu,Dharmapuri,Harur(Uzhavar Sandhai ),Beans,Beans (Whole),Local,2026-09-20,9000.0,10000.0,9500.0
Tamil Nadu,Dharmapuri,Harur(Uzhavar Sandhai ),Ginger(Green),Green Ginger,Local,2026-09-20,12000.0,18000.0,15000.0
Tamil Nadu,Dharmapuri,Harur(Uzhavar Sandhai ),Coconut,Coconut,Local,2026-09-20,6000.0,7000.0,6500.0
Tamil Nadu,Dharmapuri,Harur(Uzhavar Sandhai ),Carrot,Pusakesar,Local,2026-09-20,6000.0,6500.0,6250.0
Tamil Nadu,Dharmapuri,Harur(Uzhavar Sandhai ),Snakeguard,Snakeguard,Local,2026-09-20,3000.0,3500.0,3250.0
Tamil Nadu,Dharmapuri,Harur(Uzhavar Sandhai ),Raddish,Raddish,Local,2026-09-20,2000.0,2500.0,2250.0
Tamil Nadu,Dharmapuri,Harur(Uzhavar Sandhai ),Drumstick,Drumstick,Local,2026-09-20,4500.0,5000.0,4750.0
Tamil Nadu,Dharmapuri,Harur(Uzhavar Sandhai ),Knool Khol,Knool Khol,Local,2026-09-20,4500.0,5000.0,4750.0
Tamil Nadu,Krishnagiri,Kaveripattinam(Uzhavar Sandhai ),Pumpkin,Pumpkin,Local,2026-09-20,2000.0,2000.0,2000.0
Tamil Nadu,Krishnagiri,Kaveripattinam(Uzhavar Sandhai ),Ridgeguard(Tori),Ridgeguard(Tori),Local,2026-09-20,5000.0,5000.0,5000.0
Tamil Nadu,Krishnagiri,Kaveripattinam(Uzhavar Sandhai ),Raddish,Raddish,Local,2026-09-20,3000.0,3000.0,3000.0
Tamil Nadu,Krishnagiri,Kaveripattinam(Uzhavar Sandhai ),Green Avare(W),Green Avare (W),Local,2026-09-20,7000.0,7000.0,7000.0
Tamil Nadu,Krishnagiri,Kaveripattinam(Uzhavar Sandhai ),Mint(Pudina),Mint(Pudina),Local,2026-09-20,5000.0,5000.0,5000.0
Tamil Nadu,The Nilgiris,Coonoor(Uzhavar Sandhai ),Bitter gourd,Other,Local,2026-09-20,4500.0,5000.0,4750.0
Tamil Nadu,The Nilgiris,Coonoor(Uzhavar Sandhai ),Beans,Beans (Whole),Local,2026-09-20,6500.0,7000.0,6750.0
Tamil Nadu,The Nilgiris,Coonoor(Uzhavar Sandhai ),Ginger(Green),Green Ginger,Local,2026-09-20,15000.0,16000.0,15500.0
Tamil Nadu,The Nilgiris,Coonoor(Uzhavar Sandhai ),Cabbage,Cabbage,Local,2026-09-20,2200.0,2500.0,2350.0
Tamil Nadu,The Nilgiris,Coonoor(Uzhavar Sandhai ),Cucumbar(Kheera),Cucumbar,Local,2026-09-20,4500.0,4800.0,4650.0
Tamil Nadu,The Nilgiris,Coonoor(Uzhavar Sandhai ),Capsicum,Capsicum,Local,2026-09-20,5500.0,6000.0,5750.0
Tamil Nadu,The Nilgiris,Coonoor(Uzhavar Sandhai ),Lime,Lime,Local,2026-09-20,9500.0,10000.0,9750.0
Tamil Nadu,The Nilgiris,Gudalur(Uzhavar Sandhai ),Banana,Besrai,Local,2026-09-20,4000.0,5000.0,4500.0
Tamil Nadu,The Nilgiris,Gudalur(Uzhavar Sandhai ),Potato,Red Nanital,Local,2026-09-20,4000.0,5000.0,4500.0
Tamil Nadu,The Nilgiris,Gudalur(Uzhavar Sandhai ),Tomato,Deshi,Local,2026-09-20,2500.0,3000.0,2750.0
Tamil Nadu,The Nilgiris,Gudalur(Uzhavar Sandhai ),Ginger(Green),Green Ginger,Local,2026-09-20,10000.0,15000.0,12500.0
Tamil Nadu,The Nilgiris,Gudalur(Uzhavar Sandhai ),Thondekai,Thondekai,Local,2026-09-20,3500.0,4000.0,3750.0
Tamil Nadu,The Nilgiris,Gudalur(Uzhavar Sandhai ),Green Avare(W),Green Avare (W),Local,2026-09-20,6000.0,6500.0,6250.0
Odisha,Angul,Angul APMC,Little gourd(Kundru),Other,Grade B,2026-09-20,3200.0,3200.0,3200.0
Odisha,Angul,Angul APMC,Pumpkin,Pumpkin,Grade B,2026-09-20,2000.0,2000.0,2000.0
Odisha,Bargarh,Attabira APMC,Brinjal,Other,Local,2026-09-20,2650.0,3100.0,2900.0
Odisha,Bargarh,Attabira APMC,Tomato,Other,Local,2026-09-20,1600.0,2000.0,1800.0
Himachal Pradesh,Kullu,SMY Bhuntar,Onion,Other,FAQ,2026-09-20,5200.0,6200.0,5700.0
Himachal Pradesh,Kullu,SMY Bhuntar,Squash(Chappal Kadoo),Other,FAQ,2026-09-20,2500.0,2800.0,2600.0
Himachal Pradesh,Kullu,SMY Bhuntar,Peas Wet,Other,FAQ,2026-09-20,12000.0,13500.0,12700.0
Himachal Pradesh,Kullu,SMY Bhuntar,Ginger(Green),Other,FAQ,2026-09-20,10000.0,12000.0,11000.0
Himachal Pradesh,Kullu,SMY Bhuntar,Raddish,Other,FAQ,2026-09-20,3000.0,3200.0,3100.0
Himachal Pradesh,Kullu,SMY Bhuntar,Coriander(Leaves),Other,FAQ,2026-09-20,5000.0,6000.0,5500.0
Himachal Pradesh,Kullu,SMY Bhuntar,Bitter gourd,Bitter Gourd,FAQ,2026-09-20,1800.0,2300.0,2000.0
Uttar Pradesh,Agra,Agra APMC,Gram Raw(Chholia),Other,FAQ,2026-09-20,6800.0,6800.0,6800.0
Uttar Pradesh,Agra,Agra APMC,Tomato,Other,FAQ,2026-09-20,1400.0,7400.0,4450.85
Punjab,Tarntaran,Patti APMC,Green Chilli,Other,Local,2026-09-20,0.02,0.02,0.02
Punjab,Tarntaran,Patti APMC,Potato,Potato,Local,2026-09-20,0.02,0.02,0.02
Uttarakhand,Dehradoon,Vikasnagar APMC,Ginger(Green),Green Ginger,Medium,2026-09-20,2600.0,4500.0,3500.0
Uttar Pradesh,Auraiya,Auraiya APMC,Firewood,Firewood,FAQ,2026-09-20,500.0,500.0,500.0
Haryana,Faridabad,Ballabhgarh APMC,Cabbage,Other,FAQ,2026-09-20,1200.0,1600.0,1400.0
Haryana,Faridabad,Ballabhgarh APMC,Ridgeguard(Tori),Other,FAQ,2026-09-20,2000.0,2500.0,2200.0
Haryana,Faridabad,Ballabhgarh APMC,Potato,Potato,FAQ,2026-09-20,600.0,800.0,750.0
Haryana,Faridabad,Ballabhgarh APMC,Brinjal,Other,FAQ,2026-09-20,1000.0,1400.0,1200.0
Odisha,Ganjam,Digapahandi APMC,Ridgeguard(Tori),Other,FAQ,2026-09-20,2600.0,2800.0,2700.0
Odisha,Ganjam,Digapahandi APMC,Brinjal,Other,FAQ,2026-09-20,2100.0,2300.0,2200.0
Odisha,Jharsuguda,Jharsuguda APMC,Potato,Other,Grade A,2026-09-20,1700.0,2000.0,1700.0
Haryana,Hissar,Hansi APMC,Potato,Other,FAQ,2026-09-20,1000.0,4000.0,1000.0
Haryana,Hissar,Hansi APMC,Pumpkin,Other,FAQ,2026-09-20,1000.0,1500.0,1250.0
Haryana,Hissar,Hansi APMC,Garlic,Other,FAQ,2026-09-20,10000.0,20000.0,15000.0
Haryana,Hissar,Hansi APMC,Pineapple,Other,Grade B,2026-09-20,4000.0,6000.0,5000.0
Haryana,Hissar,Hansi APMC,Karbuja(Musk Melon),Other,Grade B,2026-09-20,4000.0,5000.0,4500.0
Haryana,Hissar,Hansi APMC,Cabbage,Other,FAQ,2026-09-20,2500.0,3000.0,2750.0
Haryana,Hissar,Hansi APMC,Spinach,Other,FAQ,2026-09-20,2000.0,2500.0,2250.0
Haryana,Hissar,Hansi APMC,Lemon,Other,FAQ,2026-09-20,8000.0,10000.0,9000.0
Haryana,Hissar,Hansi APMC,Onion,Other,FAQ,2026-09-20,4500.0,5500.0,5000.0
Haryana,Hissar,Hansi APMC,Ridgeguard(Tori),Other,FAQ,2026-09-20,2500.0,3000.0,2750.0
Telangana,Medchal Malkajgiri,"Kukatpally,RBZ",Yam(Ratalu),Other,Local,2026-09-20,3500.0,3500.0,3500.0
Telangana,Medchal Malkajgiri,"Kukatpally,RBZ",Green Chilli,Green Chilly,Local,2026-09-20,4000.0,4000.0,4000.0
Telangana,Medchal Malkajgiri,"Kukatpally,RBZ",Bottle gourd,Bottle Gourd,Local,2026-09-20,1300.0,1300.0,1300.0
Uttarakhand,Udhamsinghnagar,Jaspur(UC) APMC,Bitter gourd,Bitter Gourd,FAQ,2026-09-20,1600.0,1600.0,1600.0
Andhra Pradesh,Anakapally,Anakapally APMC,Gur(Jaggery),Anakapalli,Grade Range-2,2026-09-20,4700.0,4700.0,4700.0
Keralam,Kollam,Chathanoor Market,Snakeguard,Other,FAQ,2026-09-20,3500.0,4500.0,4000.0
Keralam,Kollam,Chathanoor Market,Banana,Poovan,Medium,2026-09-20,6500.0,7500.0,7000.0
